,Product_SMILES,Product_mass,Outcome,Use_of_LCMS,Yield,Reagent_1_SMILES,Reagent_2_SMILES,Reagent_3_SMILES,Reagent_4_SMILES
0,CC(=O)C1=C(NC(=O)NC1c2ccc(C#N)cc2)c3ccc(Cl)cc3,0.9,1,N,48.11,NC(=O)N,O=Cc1ccc(C#N)cc1,CC(=O)CC(=O)c1ccc(Cl)cc1,C[Si](C)(C)Cl
1,CC(=O)C1=C(NC(=S)NC1c2c(F)cccc2F)c3ccccc3,0.6,0,N,0.0,NC(=S)N,Fc1cccc(F)c1C=O,CC(=O)CC(=O)c1ccccc1,C[Si](C)(C)Cl
2,CC(=O)C1=C(NC(=S)NC1c2ccc(Cl)cc2)c3ccc(F)cc3,0.6,1,N,37.5,NC(=S)N,Clc1ccc(C=O)cc1,CC(=O)CC(=O)c1ccc(F)cc1,C[Si](C)(C)Cl
3,CC(=O)C1=C(NC(=S)NC1c2ccc(F)cc2)c3ccccc3,0.6,0,N,0.0,NC(=S)N,Fc1ccc(C=O)cc1,CC(=O)CC(=O)c1ccccc1,C[Si](C)(C)Cl
4,CC(=O)C1=C(NC(=S)NC1c2ccccc2)c3ccc(C)cc3,0.6,1,N,0.0,NC(=S)N,O=Cc1ccccc1,CC(=O)CC(=O)c1ccc(C)cc1,C[Si](C)(C)Cl
5,CC(=O)C1=C(NC(=S)NC1c2ccccc2Cl)c3ccc(F)cc3,0.6,0,N,0.0,NC(=S)N,Clc1ccccc1C=O,CC(=O)CC(=O)c1ccc(F)cc1,C[Si](C)(C)Cl
6,CC(=O)Nc1ccc(cc1)C2NC(=O)NC(=C2C(=O)N3CCOCC3)C,0.6,0,N,0.0,NC(=O)N,CC(=O)Nc1ccc(C=O)cc1,CC(=O)CC(=O)N1CCOCC1,
7,CC(=O)Nc1ccc(cc1)C2NC(=S)N(C(=C2C(=O)N3CCOCC3)C)c4ccccc4C(F)(F)F,0.6,1,N,13.17,NC(=S)Nc1ccccc1C(F)(F)F,CC(=O)Nc1ccc(C=O)cc1,CC(=O)CC(=O)N1CCOCC1,
8,CC(=O)Nc1ccc(cc1)C2NC(=S)N(C(=C2C(=O)Nc3cc(C)on3)C)c4ccc(F)cc4,0.6,0,N,0.0,NC(=S)Nc1ccc(F)cc1,CC(=O)Nc1ccc(C=O)cc1,CC(=O)CC(=O)Nc1cc(C)on1,C[Si](C)(C)Cl
9,CC(=O)c1ccc(cc1)c2ccc(o2)C3NC(=S)NC(=C3C(=O)Nc4ccc(F)cc4)C,0.6,1,N,39.17,NC(=S)N,CC(=O)c1ccc(cc1)c2ccc(C=O)o2,CC(=O)CC(=O)Nc1ccc(F)cc1,
10,CC(=O)c1ccc(cc1)c2ccc(o2)C3NC(=S)NC(=C3C(=O)OCc4ccccc4)C,0.6,0,N,0.0,NC(=S)N,CC(=O)c1ccc(cc1)c2ccc(C=O)o2,CC(=O)CC(=O)OCc1ccccc1,
11,CC(=O)c1ccc(cc1)c2ccc(o2)C3NC(=S)NC(=C3C(=O)c4ccccc4)C,0.6,0,N,0.0,NC(=S)N,CC(=O)c1ccc(cc1)c2ccc(C=O)o2,CC(=O)CC(=O)c1ccccc1,
12,CC(C)CCN1C(=C(C(NC1=O)c2ccccc2C(F)(F)F)C(=O)N3CCOCC3)C,0.6,1,N,30.5,CC(C)CCNC(=O)N,FC(F)(F)c1ccccc1C=O,CC(=O)CC(=O)N1CCOCC1,C[Si](C)(C)Cl
13,CC(C)CCN1C(=C(C(NC1=O)c2ccccc2Cl)C(=O)N3CCOCC3)C,0.6,0,N,0.0,CC(C)CCNC(=O)N,Clc1ccccc1C=O,CC(=O)CC(=O)N1CCOCC1,C[Si](C)(C)Cl
14,CC(C)CCN1C(=C(C(NC1=O)c2ccccc2F)C(=O)N3CCOCC3)C,0.5,1,N,25.0,CC(C)CCNC(=O)N,Fc1ccccc1C=O,CC(=O)CC(=O)N1CCOCC1,C[Si](C)(C)Cl
15,CC(C)CCN1C(=C(C(NC1=O)c2ccccc2F)C(=O)N3CCOCC3)C,0.6,1,N,50.0,CC(C)CCNC(=O)N,Fc1ccccc1C=O,CC(=O)CC(=O)N1CCOCC1,C[Si](C)(C)Cl
16,CC(C)CCN1C(=C(C(NC1=S)c2ccc(F)cc2)C(=O)N3CCOCC3)C,0.6,0,N,0.0,CC(C)CCNC(=S)N,Fc1ccc(C=O)cc1,CC(=O)CC(=O)N1CCOCC1,C[Si](C)(C)Cl
17,CC(C)CN1C(=C(C(NC1=O)c2ccc(Cl)cc2)C(=O)N3CCOCC3)C,0.6,0,N,0.0,CC(C)CNC(=O)N,Clc1ccc(C=O)cc1,CC(=O)CC(=O)N1CCOCC1,C[Si](C)(C)Cl
18,CC(C)CN1C(=C(C(NC1=O)c2cccc(Br)c2)C(=O)Nc3cc(C)on3)C,0.6,0,N,0.0,CC(C)CNC(=O)N,Brc1cccc(C=O)c1,CC(=O)CC(=O)Nc1cc(C)on1,C[Si](C)(C)Cl
19,CC(C)CN1C(=C(C(NC1=O)c2cccc(Br)c2)C(=O)Nc3cc(C)on3)C,0.6,0,N,0.0,CC(C)CNC(=O)N,Brc1cccc(C=O)c1,CC(=O)CC(=O)Nc1cc(C)on1,C[Si](C)(C)Cl
20,CC(C)CN1C(=C(C(NC1=O)c2cccc(F)c2)C(=O)Nc3cc(C)on3)C,0.6,0,N,0.0,CC(C)CNC(=O)N,Fc1cccc(C=O)c1,CC(=O)CC(=O)Nc1cc(C)on1,C[Si](C)(C)Cl
21,CC(C)CN1C(=C(C(NC1=O)c2ccccc2C(F)(F)F)C(=O)N3CCOCC3)C,0.6,0,N,0.0,CC(C)CNC(=O)N,FC(F)(F)c1ccccc1C=O,CC(=O)CC(=O)N1CCOCC1,C[Si](C)(C)Cl
22,CC(C)CN1C(=C(C(NC1=O)c2ccccc2Cl)C(=O)N3CCOCC3)C,0.6,0,N,0.0,CC(C)CNC(=O)N,Clc1ccccc1C=O,CC(=O)CC(=O)N1CCOCC1,C[Si](C)(C)Cl
23,CC(C)CN1C(=C(C(NC1=S)c2ccc(OCc3cccnc3)cc2)C(=O)Nc4cc(C)on4)C,0.6,0,N,0.0,CC(C)CNC(=S)N,O=Cc1ccc(OCc2cccnc2)cc1,CC(=O)CC(=O)Nc1cc(C)on1,C[Si](C)(C)Cl
24,CC(C)CN1C(=C(C(NC1=S)c2ccc(cc2)[N+](=O)[O-])C(=O)Nc3cc(C)on3)C,0.6,0,N,0.0,CC(C)CNC(=S)N,[O-][N+](=O)c1ccc(C=O)cc1,CC(=O)CC(=O)Nc1cc(C)on1,C[Si](C)(C)Cl
25,CC(C)CN1C(=C(C(NC1=S)c2ccc(cc2)[N+](=O)[O-])C(=O)Nc3cc(C)on3)C,0.6,1,N,14.5,CC(C)CNC(=S)N,[O-][N+](=O)c1ccc(C=O)cc1,CC(=O)CC(=O)Nc1cc(C)on1,C[Si](C)(C)Cl
26,CC(C)CN1C(=C(C(NC1=S)c2cccc(C#N)c2)C(=O)Nc3cc(C)on3)C,0.6,1,N,29.17,CC(C)CNC(=S)N,O=Cc1cccc(C#N)c1,CC(=O)CC(=O)Nc1cc(C)on1,C[Si](C)(C)Cl
27,CC(C)CN1C(=C(C(NC1=S)c2cccc(F)c2)C(=O)Nc3cc(C)on3)C,0.6,1,N,20.83,CC(C)CNC(=S)N,Fc1cccc(C=O)c1,CC(=O)CC(=O)Nc1cc(C)on1,C[Si](C)(C)Cl
28,CC(C)CN1C(=C(C(NC1=S)c2ccccc2)C(=O)Nc3cc(C)on3)C,0.6,1,N,8.33,CC(C)CNC(=S)N,O=Cc1ccccc1,CC(=O)CC(=O)Nc1cc(C)on1,C[Si](C)(C)Cl
29,CC(C)CN1C(=C(C(NC1=S)c2ccccc2)C(=O)Nc3cc(C)on3)C,0.6,1,N,11.67,CC(C)CNC(=S)N,O=Cc1ccccc1,CC(=O)CC(=O)Nc1cc(C)on1,C[Si](C)(C)Cl
30,CC(C)CN1C(=C(C(NC1=S)c2ccccc2F)C(=O)Nc3cc(C)on3)C,0.6,1,N,58.33,CC(C)CNC(=S)N,Fc1ccccc1C=O,CC(=O)CC(=O)Nc1cc(C)on1,C[Si](C)(C)Cl
31,CC(C)COC(=O)C1=C(C)NC(=O)NC1c2ccsc2,0.6,1,N,19.17,NC(=O)N,O=Cc1ccsc1,CC(C)COC(=O)CC(=O)C,
32,CC(C)COC(=O)C1=C(C)NC(=S)NC1c2ccccc2Cl,0.6,1,N,6.67,NC(=S)N,Clc1ccccc1C=O,CC(C)COC(=O)CC(=O)C,C[Si](C)(C)Cl
33,CC(C)COC(=O)C1=C(C)NC(=S)NC1c2ccccc2OC(F)F,1.0,1,N,0.0,NC(=S)N,FC(F)Oc1ccccc1C=O,CC(C)COC(=O)CC(=O)C,
34,CC(C)N1C(=C(C(NC1=O)c2cccc(F)c2)C(=O)N3CCOCC3)C,0.6,0,N,0.0,CC(C)NC(=O)N,Fc1cccc(C=O)c1,CC(=O)CC(=O)N1CCOCC1,C[Si](C)(C)Cl
35,CC(C)N1C(=C(C(NC1=O)c2ccccc2F)C(=O)N3CCOCC3)C,0.6,0,N,0.0,CC(C)NC(=O)N,Fc1ccccc1C=O,CC(=O)CC(=O)N1CCOCC1,C[Si](C)(C)Cl
36,CC(C)N1C(=C(C(NC1=O)c2ccccc2OC(F)F)C(=O)N3CCOCC3)C,0.6,0,N,0.0,CC(C)NC(=O)N,FC(F)Oc1ccccc1C=O,CC(=O)CC(=O)N1CCOCC1,C[Si](C)(C)Cl
37,CC(C)N1C(=C(C(NC1=S)c2ccc(C#N)cc2)C(=O)Nc3ccc(Cl)cc3)C,0.6,0,N,0.0,CC(C)NC(=S)N,O=Cc1ccc(C#N)cc1,CC(=O)CC(=O)Nc1ccc(Cl)cc1,
38,CC(C)OC(=O)C1=C(C)N(C(=O)N(C)C1c2cccc(C#N)c2)c3ccc(cc3)[N+](=O)[O-],0.6,1,N,13.5,CNC(=O)Nc1ccc(cc1)[N+](=O)[O-],O=Cc1cccc(C#N)c1,CC(C)OC(=O)CC(=O)C,C[Si](C)(C)Cl
39,CC(C)OC(=O)C1=C(C)N(C(=O)N(C)C1c2cccc(C#N)c2)c3cccc(c3)[N+](=O)[O-],0.6,0,N,0.0,CNC(=O)Nc1cccc(c1)[N+](=O)[O-],O=Cc1cccc(C#N)c1,CC(C)OC(=O)CC(=O)C,C[Si](C)(C)Cl
40,CC(C)OC(=O)C1=C(C)N(C(=O)N(C)C1c2cccc(C#N)c2)c3cccc(c3)[N+](=O)[O-],0.6,0,N,0.0,CNC(=O)Nc1cccc(c1)[N+](=O)[O-],O=Cc1cccc(C#N)c1,CC(C)OC(=O)CC(=O)C,C[Si](C)(C)Cl
41,CC(C)OC(=O)C1=C(C)N(C(=O)NC1c2ccc(Br)s2)c3cc(C)on3,0.6,0,N,0.0,Cc1cc(NC(=O)N)no1,Brc1ccc(C=O)s1,CC(C)OC(=O)CC(=O)C,C[Si](C)(C)Cl
42,CC(C)OC(=O)C1=C(C)N(C(=O)NC1c2ccc(C)cc2)c3cc(C)on3,0.6,0,N,0.0,Cc1cc(NC(=O)N)no1,Cc1ccc(C=O)cc1,CC(C)OC(=O)CC(=O)C,C[Si](C)(C)Cl
43,CC(C)OC(=O)C1=C(C)N(C(=O)NC1c2ccc(C)cc2)c3cc(C)on3,0.6,0,N,0.0,Cc1cc(NC(=O)N)no1,Cc1ccc(C=O)cc1,CC(C)OC(=O)CC(=O)C,C[Si](C)(C)Cl
44,CC(C)OC(=O)C1=C(C)N(C(=O)NC1c2ccc(C)s2)c3cc(C)on3,0.6,0,N,0.0,Cc1cc(NC(=O)N)no1,Cc1ccc(C=O)s1,CC(C)OC(=O)CC(=O)C,C[Si](C)(C)Cl
45,CC(C)OC(=O)C1=C(C)N(C(=O)NC1c2ccc(C)s2)c3cc(C)on3,0.6,0,N,0.0,Cc1cc(NC(=O)N)no1,Cc1ccc(C=O)s1,CC(C)OC(=O)CC(=O)C,C[Si](C)(C)Cl
46,CC(C)OC(=O)C1=C(C)N(C(=O)NC1c2ccc(F)c(F)c2)c3cc(C)on3,0.6,1,N,18.83,Cc1cc(NC(=O)N)no1,Fc1ccc(C=O)cc1F,CC(C)OC(=O)CC(=O)C,C[Si](C)(C)Cl
47,CC(C)OC(=O)C1=C(C)N(C(=O)NC1c2ccc(F)c(F)c2)c3cc(C)on3,0.6,1,N,22.17,Cc1cc(NC(=O)N)no1,Fc1ccc(C=O)cc1F,CC(C)OC(=O)CC(=O)C,C[Si](C)(C)Cl
48,CC(C)OC(=O)C1=C(C)N(C(=O)NC1c2ccc(F)cc2)c3cc(C)on3,0.6,0,N,0.0,Cc1cc(NC(=O)N)no1,Fc1ccc(C=O)cc1,CC(C)OC(=O)CC(=O)C,C[Si](C)(C)Cl
49,CC(C)OC(=O)C1=C(C)N(C(=O)NC1c2ccc(F)cc2)c3ccc4OCOc4c3,0.6,0,N,0.0,NC(=O)Nc1ccc2OCOc2c1,Fc1ccc(C=O)cc1,CC(C)OC(=O)CC(=O)C,C[Si](C)(C)Cl
50,CC(C)OC(=O)C1=C(C)N(C(=O)NC1c2ccc(F)cc2)c3ccc4OCOc4c3,0.6,1,N,25.0,NC(=O)Nc1ccc2OCOc2c1,Fc1ccc(C=O)cc1,CC(C)OC(=O)CC(=O)C,C[Si](C)(C)Cl
51,CC(C)OC(=O)C1=C(C)N(C(=O)NC1c2ccc(F)cc2F)c3cc(C)on3,0.6,0,N,0.0,Cc1cc(NC(=O)N)no1,Fc1ccc(C=O)c(F)c1,CC(C)OC(=O)CC(=O)C,C[Si](C)(C)Cl
52,CC(C)OC(=O)C1=C(C)N(C(=O)NC1c2ccc(F)cc2F)c3cc(C)on3,0.6,0,N,0.0,Cc1cc(NC(=O)N)no1,Fc1ccc(C=O)c(F)c1,CC(C)OC(=O)CC(=O)C,C[Si](C)(C)Cl
53,CC(C)OC(=O)C1=C(C)N(C(=O)NC1c2ccc(cc2)[N+](=O)[O-])c3cc(C)on3,0.6,0,N,0.0,Cc1cc(NC(=O)N)no1,[O-][N+](=O)c1ccc(C=O)cc1,CC(C)OC(=O)CC(=O)C,C[Si](C)(C)Cl
54,CC(C)OC(=O)C1=C(C)N(C(=O)NC1c2ccc(cc2)[N+](=O)[O-])c3ccc4OCOc4c3,0.6,1,N,1.0,NC(=O)Nc1ccc2OCOc2c1,[O-][N+](=O)c1ccc(C=O)cc1,CC(C)OC(=O)CC(=O)C,C[Si](C)(C)Cl
55,CC(C)OC(=O)C1=C(C)N(C(=O)NC1c2ccc(cc2)[N+](=O)[O-])c3ccc4OCOc4c3,0.6,1,N,30.83,NC(=O)Nc1ccc2OCOc2c1,[O-][N+](=O)c1ccc(C=O)cc1,CC(C)OC(=O)CC(=O)C,C[Si](C)(C)Cl
56,CC(C)OC(=O)C1=C(C)N(C(=O)NC1c2ccc(cc2)[N+](=O)[O-])c3ccc4OCOc4c3,0.6,1,N,9.17,NC(=O)Nc1ccc2OCOc2c1,[O-][N+](=O)c1ccc(C=O)cc1,CC(C)OC(=O)CC(=O)C,C[Si](C)(C)Cl
57,CC(C)OC(=O)C1=C(C)N(C(=O)NC1c2cccc(Br)c2)c3ccc(C)c(C)c3,0.6,0,N,0.0,Cc1ccc(NC(=O)N)cc1C,Brc1cccc(C=O)c1,CC(C)OC(=O)CC(=O)C,C[Si](C)(C)Cl
58,CC(C)OC(=O)C1=C(C)N(C(=O)NC1c2cccc(C#N)c2)c3cc(C)on3,0.6,0,N,0.0,Cc1cc(NC(=O)N)no1,O=Cc1cccc(C#N)c1,CC(C)OC(=O)CC(=O)C,C[Si](C)(C)Cl
59,CC(C)OC(=O)C1=C(C)N(C(=O)NC1c2cccc(C)c2)c3cc(C)on3,0.6,0,N,0.0,Cc1cc(NC(=O)N)no1,Cc1cccc(C=O)c1,CC(C)OC(=O)CC(=O)C,C[Si](C)(C)Cl
60,CC(C)OC(=O)C1=C(C)N(C(=O)NC1c2cccc(C)c2)c3cc(C)on3,0.6,0,N,0.0,Cc1cc(NC(=O)N)no1,Cc1cccc(C=O)c1,CC(C)OC(=O)CC(=O)C,C[Si](C)(C)Cl
61,CC(C)OC(=O)C1=C(C)N(C(=O)NC1c2cccc(F)c2)c3cc(C)on3,0.6,0,N,0.0,Cc1cc(NC(=O)N)no1,Fc1cccc(C=O)c1,CC(C)OC(=O)CC(=O)C,C[Si](C)(C)Cl
62,CC(C)OC(=O)C1=C(C)N(C(=O)NC1c2cccc(F)c2)c3cc(C)on3,0.6,1,N,9.67,Cc1cc(NC(=O)N)no1,Fc1cccc(C=O)c1,CC(C)OC(=O)CC(=O)C,C[Si](C)(C)Cl
63,CC(C)OC(=O)C1=C(C)N(C(=O)NC1c2cccc(F)c2)c3ccc4OCOc4c3,0.6,0,N,0.0,NC(=O)Nc1ccc2OCOc2c1,Fc1cccc(C=O)c1,CC(C)OC(=O)CC(=O)C,C[Si](C)(C)Cl
64,CC(C)OC(=O)C1=C(C)N(C(=O)NC1c2cccc(F)c2)c3ccc4OCOc4c3,0.6,1,N,19.17,NC(=O)Nc1ccc2OCOc2c1,Fc1cccc(C=O)c1,CC(C)OC(=O)CC(=O)C,C[Si](C)(C)Cl
65,CC(C)OC(=O)C1=C(C)N(C(=O)NC1c2ccccc2)c3cc(C)on3,0.6,1,N,4.83,Cc1cc(NC(=O)N)no1,O=Cc1ccccc1,CC(C)OC(=O)CC(=O)C,C[Si](C)(C)Cl
66,CC(C)OC(=O)C1=C(C)N(C(=O)NC1c2ccccc2)c3cc(C)on3,0.6,1,N,10.17,Cc1cc(NC(=O)N)no1,O=Cc1ccccc1,CC(C)OC(=O)CC(=O)C,C[Si](C)(C)Cl
67,CC(C)OC(=O)C1=C(C)N(C(=O)NC1c2ccccc2)c3ccc4OCOc4c3,0.6,1,N,57.5,NC(=O)Nc1ccc2OCOc2c1,O=Cc1ccccc1,CC(C)OC(=O)CC(=O)C,C[Si](C)(C)Cl
68,CC(C)OC(=O)C1=C(C)N(C(=O)NC1c2ccccc2)c3ccc4OCOc4c3,0.6,0,N,0.0,NC(=O)Nc1ccc2OCOc2c1,O=Cc1ccccc1,CC(C)OC(=O)CC(=O)C,C[Si](C)(C)Cl
69,CC(C)OC(=O)C1=C(C)N(C(=O)NC1c2ccccc2F)c3cc(C)on3,0.6,0,N,0.0,Cc1cc(NC(=O)N)no1,Fc1ccccc1C=O,CC(C)OC(=O)CC(=O)C,C[Si](C)(C)Cl
70,CC(C)OC(=O)C1=C(C)N(C(=O)NC1c2ccccc2F)c3cc(C)on3,0.6,0,N,0.0,Cc1cc(NC(=O)N)no1,Fc1ccccc1C=O,CC(C)OC(=O)CC(=O)C,C[Si](C)(C)Cl
71,CC(C)OC(=O)C1=C(C)N(C(=O)NC1c2ccccc2F)c3ccc4OCOc4c3,0.6,0,N,0.0,NC(=O)Nc1ccc2OCOc2c1,Fc1ccccc1C=O,CC(C)OC(=O)CC(=O)C,C[Si](C)(C)Cl
72,CC(C)OC(=O)C1=C(C)N(C(=O)NC1c2ccccc2F)c3ccc4OCOc4c3,0.6,1,N,5.67,NC(=O)Nc1ccc2OCOc2c1,Fc1ccccc1C=O,CC(C)OC(=O)CC(=O)C,C[Si](C)(C)Cl
73,CC(C)OC(=O)C1=C(C)N(C(=O)NC1c2ccccc2F)c3ccc4OCOc4c3,0.6,1,N,15.83,NC(=O)Nc1ccc2OCOc2c1,Fc1ccccc1C=O,CC(C)OC(=O)CC(=O)C,C[Si](C)(C)Cl
74,CC(C)OC(=O)C1=C(C)N(C(=O)NC1c2ccsc2)c3cc(C)on3,0.6,0,N,0.0,Cc1cc(NC(=O)N)no1,O=Cc1ccsc1,CC(C)OC(=O)CC(=O)C,C[Si](C)(C)Cl
75,CC(C)OC(=O)C1=C(C)N(C(=O)NC1c2ccsc2)c3cc(C)on3,0.6,0,N,0.0,Cc1cc(NC(=O)N)no1,O=Cc1ccsc1,CC(C)OC(=O)CC(=O)C,C[Si](C)(C)Cl
76,CC(C)OC(=O)C1=C(C)N(C(=O)NC1c2ccsc2)c3ccc(C#N)cc3,0.6,1,N,35.83,NC(=O)Nc1ccc(C#N)cc1,O=Cc1ccsc1,CC(C)OC(=O)CC(=O)C,C[Si](C)(C)Cl
77,CC(C)OC(=O)C1=C(C)N(C(=O)NC1c2ccsc2)c3ccc(C)cc3,0.6,1,N,30.0,Cc1ccc(NC(=O)N)cc1,O=Cc1ccsc1,CC(C)OC(=O)CC(=O)C,C[Si](C)(C)Cl
78,CC(C)OC(=O)C1=C(C)N(C(=O)NC1c2csc(Br)c2)c3cc(C)on3,0.6,0,N,0.0,Cc1cc(NC(=O)N)no1,Brc1cc(C=O)cs1,CC(C)OC(=O)CC(=O)C,C[Si](C)(C)Cl
79,CC(C)OC(=O)C1=C(C)N(C(=S)NC1c2ccc(F)c(F)c2)c3ccc4OCCOc4c3,0.6,1,N,88.33,NC(=S)Nc1ccc2OCCOc2c1,Fc1ccc(C=O)cc1F,CC(C)OC(=O)CC(=O)C,C[Si](C)(C)Cl
80,CC(C)OC(=O)C1=C(C)N(C(=S)NC1c2cccc(F)c2)c3ccc4OCCOc4c3,0.6,1,N,70.67,NC(=S)Nc1ccc2OCCOc2c1,Fc1cccc(C=O)c1,CC(C)OC(=O)CC(=O)C,C[Si](C)(C)Cl
81,CC(C)OC(=O)C1=C(C)N(C(=S)NC1c2ccccc2)c3ccc4OCCOc4c3,0.6,1,N,59.33,NC(=S)Nc1ccc2OCCOc2c1,O=Cc1ccccc1,CC(C)OC(=O)CC(=O)C,C[Si](C)(C)Cl
82,CC(C)OC(=O)C1=C(C)N(C2CC2)C(=O)NC1c3ccc(F)cc3,0.6,1,N,5.83,NC(=O)NC1CC1,Fc1ccc(C=O)cc1,CC(C)OC(=O)CC(=O)C,C[Si](C)(C)Cl
83,CC(C)OC(=O)C1=C(C)N(Cc2ccccc2)C(=O)NC1c3ccc(c(F)c3)n4cncn4,0.6,1,N,14.17,NC(=O)NCc1ccccc1,Fc1cc(C=O)ccc1n2cncn2,CC(C)OC(=O)CC(=O)C,C[Si](C)(C)Cl
84,CC(C)OC(=O)C1=C(C)N(Cc2ccccc2)C(=O)NC1c3ccccc3F,0.6,1,N,42.83,NC(=O)NCc1ccccc1,Fc1ccccc1C=O,CC(C)OC(=O)CC(=O)C,C[Si](C)(C)Cl
85,CC(C)OC(=O)C1=C(C)NC(=S)NC1c2c(Cl)cccc2Cl,0.6,1,N,22.33,NC(=S)N,Clc1cccc(Cl)c1C=O,CC(C)OC(=O)CC(=O)C,
86,CC(C)OC(=O)C1=C(C)NC(=S)NC1c2ccc(cc2)[N+](=O)[O-],0.6,1,N,34.0,NC(=S)N,[O-][N+](=O)c1ccc(C=O)cc1,CC(C)OC(=O)CC(=O)C,C[Si](C)(C)Cl
87,CC(C)OC(=O)C1=C(C)NC(=S)NC1c2cccc(c2)[N+](=O)[O-],0.6,1,N,24.0,NC(=S)N,[O-][N+](=O)c1cccc(C=O)c1,CC(C)OC(=O)CC(=O)C,C[Si](C)(C)Cl
88,CC(C)OC(=O)C1=C(C)NC(=S)NC1c2ccccc2F,0.6,1,N,11.0,NC(=S)N,Fc1ccccc1C=O,CC(C)OC(=O)CC(=O)C,C[Si](C)(C)Cl
89,CC(C)Oc1ccccc1C2NC(=O)NC(=C2C(=O)N(C)C)C,0.9,0,N,0.0,NC(=O)N,CC(C)Oc1ccccc1C=O,CN(C)C(=O)CC(=O)C,
90,CC(C)Oc1ccccc1C2NC(=S)N(Cc3ccc(C)cc3)C(=C2C(=O)N4CCOCC4)C,0.6,0,N,0.0,Cc1ccc(CNC(=S)N)cc1,CC(C)Oc1ccccc1C=O,CC(=O)CC(=O)N1CCOCC1,C[Si](C)(C)Cl
91,CC(C)Oc1ccccc1C2NC(=S)NC(=C2C(=O)c3ccccc3)C,0.6,0,N,0.0,NC(=S)N,CC(C)Oc1ccccc1C=O,CC(=O)CC(=O)c1ccccc1,
92,CC(C)c1ccc(cc1)C2N(C)C(=S)N(C)C(=C2C(=O)Nc3ccc(C)c(Cl)c3)C,0.6,0,N,0.0,CNC(=S)NC,CC(C)c1ccc(C=O)cc1,CC(=O)CC(=O)Nc1ccc(C)c(Cl)c1,
93,CC(C)c1ccc(cc1)C2NC(=O)NC(=C2C(=O)N(C)C)C,0.6,0,N,0.0,NC(=O)N,CC(C)c1ccc(C=O)cc1,CN(C)C(=O)CC(=O)C,C[Si](C)(C)Cl
94,CC(C)c1ccc(cc1)C2NC(=O)NC(=C2C(=O)N(C)C)C,0.6,0,N,0.0,NC(=O)N,CC(C)c1ccc(C=O)cc1,CN(C)C(=O)CC(=O)C,C[Si](C)(C)Cl
95,CC(C)c1ccc(cc1)C2NC(=O)NC(=C2C(=O)N(C)C)C,0.6,0,N,0.0,NC(=O)N,CC(C)c1ccc(C=O)cc1,CN(C)C(=O)CC(=O)C,C[Si](C)(C)Cl
96,CC(C)c1ccc(cc1)C2NC(=O)NC(=C2C(=O)N(C)C)C,0.6,0,N,0.0,NC(=O)N,CC(C)c1ccc(C=O)cc1,CN(C)C(=O)CC(=O)C,C[Si](C)(C)Cl
97,CC(C)c1ccc(cc1)C2NC(=O)NC(=C2C(=O)N3CCOCC3)C,0.6,1,N,18.33,NC(=O)N,CC(C)c1ccc(C=O)cc1,CC(=O)CC(=O)N1CCOCC1,C[Si](C)(C)Cl
98,CC(C)c1ccc(cc1)C2NC(=O)NC(=C2C(=O)Nc3cccc(c3)C(F)(F)F)C,0.6,0,N,0.0,NC(=O)N,CC(C)c1ccc(C=O)cc1,CC(=O)CC(=O)Nc1cccc(c1)C(F)(F)F,
99,CC(C)c1ccc(cc1)C2NC(=O)NC(=C2C(=O)OCc3ccccc3)C,0.6,1,N,0.0,NC(=O)N,CC(C)c1ccc(C=O)cc1,CC(=O)CC(=O)OCc1ccccc1,
100,CC(C)c1ccc(cc1)C2NC(=O)NC(=C2C(=O)c3ccc(Cl)cc3)C,0.6,0,N,0.0,NC(=O)N,CC(C)c1ccc(C=O)cc1,CC(=O)CC(=O)c1ccc(Cl)cc1,
101,CC(C)c1ccc(cc1)C2NC(=O)NC(=C2C(=O)c3ccccc3)C,0.6,0,N,0.0,NC(=O)N,CC(C)c1ccc(C=O)cc1,CC(=O)CC(=O)c1ccccc1,
102,CC(C)c1ccc(cc1)C2NC(=S)NC(=C2C(=O)N3CCOCC3)C,0.6,0,N,0.0,NC(=S)N,CC(C)c1ccc(C=O)cc1,CC(=O)CC(=O)N1CCOCC1,C[Si](C)(C)Cl
103,CC(C)c1ccc(cc1)C2NC(=S)NC(=C2C(=O)Nc3ccc(C)c(C)c3)C,0.6,1,N,0.0,NC(=S)N,CC(C)c1ccc(C=O)cc1,CC(=O)CC(=O)Nc1ccc(C)c(C)c1,
104,CC(C)c1ccccc1NC(=O)C2=C(C)N(Cc3ccc(C)cc3)C(=S)NC2c4cccc(Oc5ccccc5)c4,0.6,1,N,17.83,Cc1ccc(CNC(=S)N)cc1,O=Cc1cccc(Oc2ccccc2)c1,CC(C)c1ccccc1NC(=O)CC(=O)C,
105,CC(C)c1ccccc1NC(=O)C2=C(C)NC(=O)NC2c3ccc(F)cc3,0.6,0,N,0.0,NC(=O)N,Fc1ccc(C=O)cc1,CC(C)c1ccccc1NC(=O)CC(=O)C,C[Si](C)(C)Cl
106,CC(C)c1ccccc1NC(=O)C2=C(C)NC(=O)NC2c3cccc(F)c3,0.6,0,N,0.0,NC(=O)N,Fc1cccc(C=O)c1,CC(C)c1ccccc1NC(=O)CC(=O)C,C[Si](C)(C)Cl
107,CC(C)c1ccccc1NC(=O)C2=C(C)NC(=O)NC2c3ccccc3,0.6,0,N,0.0,NC(=O)N,O=Cc1ccccc1,CC(C)c1ccccc1NC(=O)CC(=O)C,C[Si](C)(C)Cl
108,CC(C)c1ccccc1NC(=O)C2=C(C)NC(=O)NC2c3ccccc3F,0.6,0,N,0.0,NC(=O)N,Fc1ccccc1C=O,CC(C)c1ccccc1NC(=O)CC(=O)C,C[Si](C)(C)Cl
109,CC(C)c1ccccc1NC(=O)C2=C(C)NC(=S)NC2c3cccs3,0.6,0,N,0.0,NC(=S)N,O=Cc1cccs1,CC(C)c1ccccc1NC(=O)CC(=O)C,C[Si](C)(C)Cl
110,CC1=C(C(NC(=O)N1)c2c(C)cc(C)cc2C)C(=O)N3CCOCC3,0.6,0,N,0.0,NC(=O)N,Cc1cc(C)c(C=O)c(C)c1,CC(=O)CC(=O)N1CCOCC1,
111,CC1=C(C(NC(=O)N1)c2c(C)cc(C)cc2C)C(=O)Nc3ccc(Br)cc3,0.6,0,N,0.0,NC(=O)N,Cc1cc(C)c(C=O)c(C)c1,CC(=O)CC(=O)Nc1ccc(Br)cc1,
112,CC1=C(C(NC(=O)N1)c2c(C)cc(C)cc2C)C(=O)c3ccc(Cl)cc3,0.6,0,N,0.0,NC(=O)N,Cc1cc(C)c(C=O)c(C)c1,CC(=O)CC(=O)c1ccc(Cl)cc1,
113,CC1=C(C(NC(=O)N1)c2c(C)cc(C)cc2C)C(=O)c3ccccc3,0.6,0,N,0.0,NC(=O)N,Cc1cc(C)c(C=O)c(C)c1,CC(=O)CC(=O)c1ccccc1,
114,CC1=C(C(NC(=O)N1)c2c(C)nn(c2Cl)c3ccccc3)C(=O)Nc4ccc(F)cc4,0.6,1,N,0.0,CC(=O)CC(=O)Nc1ccc(F)cc1,Cc1nn(c(Cl)c1C=O)c2ccccc2,NC(=O)N,
115,CC1=C(C(NC(=O)N1)c2c(Cl)cccc2Cl)C(=O)N3CCOCC3,0.6,1,N,0.0,NC(=O)N,Clc1cccc(Cl)c1C=O,CC(=O)CC(=O)N1CCOCC1,
116,CC1=C(C(NC(=O)N1)c2c(Cl)cccc2Cl)C(=O)Nc3cccc(c3)C(F)(F)F,0.6,1,N,0.0,NC(=O)N,Clc1cccc(Cl)c1C=O,CC(=O)CC(=O)Nc1cccc(c1)C(F)(F)F,
117,CC1=C(C(NC(=O)N1)c2c(Cl)cccc2Cl)C(=O)Nc3cccc(c3)[N+](=O)[O-],0.6,1,N,0.0,NC(=O)N,Clc1cccc(Cl)c1C=O,CC(=O)CC(=O)Nc1cccc(c1)[N+](=O)[O-],
118,CC1=C(C(NC(=O)N1)c2c(Cl)cccc2Cl)C(=O)Nc3ccccc3,0.6,1,N,0.0,NC(=O)N,Clc1cccc(Cl)c1C=O,CC(=O)CC(=O)Nc1ccccc1,
119,CC1=C(C(NC(=O)N1)c2c(Cl)cccc2Cl)C(=O)Nc3ccccc3C(F)(F)F,0.6,1,N,0.0,NC(=O)N,Clc1cccc(Cl)c1C=O,CC(=O)CC(=O)Nc1ccccc1C(F)(F)F,
120,CC1=C(C(NC(=O)N1)c2c(F)cccc2Cl)C(=O)N3CCOCC3,0.6,1,N,0.0,NC(=O)N,Fc1cccc(Cl)c1C=O,CC(=O)CC(=O)N1CCOCC1,
121,CC1=C(C(NC(=O)N1)c2c(F)cccc2Cl)C(=O)Nc3cc(C)on3,0.6,1,N,14.67,NC(=O)N,Fc1cccc(Cl)c1C=O,CC(=O)CC(=O)Nc1cc(C)on1,C[Si](C)(C)Cl
122,CC1=C(C(NC(=O)N1)c2c(F)cccc2Cl)C(=O)Nc3ccc(C)cc3C,0.6,1,N,8.67,NC(=O)N,Fc1cccc(Cl)c1C=O,CC(=O)CC(=O)Nc1ccc(C)cc1C,C[Si](C)(C)Cl
123,CC1=C(C(NC(=O)N1)c2c(F)cccc2Cl)C(=O)Nc3ccc(F)cc3,0.6,1,N,34.67,NC(=O)N,Fc1cccc(Cl)c1C=O,CC(=O)CC(=O)Nc1ccc(F)cc1,C[Si](C)(C)Cl
124,CC1=C(C(NC(=O)N1)c2c(F)cccc2Cl)C(=O)Nc3cccc(c3)C(F)(F)F,0.6,1,N,0.0,NC(=O)N,Fc1cccc(Cl)c1C=O,CC(=O)CC(=O)Nc1cccc(c1)C(F)(F)F,
125,CC1=C(C(NC(=O)N1)c2c(F)cccc2Cl)C(=O)Nc3cccc(c3)[N+](=O)[O-],0.6,1,N,0.0,NC(=O)N,Fc1cccc(Cl)c1C=O,CC(=O)CC(=O)Nc1cccc(c1)[N+](=O)[O-],
126,CC1=C(C(NC(=O)N1)c2c(F)cccc2Cl)C(=O)Nc3ccccc3,0.6,1,N,0.0,NC(=O)N,Fc1cccc(Cl)c1C=O,CC(=O)CC(=O)Nc1ccccc1,
127,CC1=C(C(NC(=O)N1)c2c(F)cccc2Cl)C(=O)Nc3ccccc3C(F)(F)F,0.6,1,N,0.0,NC(=O)N,Fc1cccc(Cl)c1C=O,CC(=O)CC(=O)Nc1ccccc1C(F)(F)F,
128,CC1=C(C(NC(=O)N1)c2c(F)cccc2Cl)C(=O)Nc3ccccc3F,0.6,1,N,18.67,NC(=O)N,Fc1cccc(Cl)c1C=O,CC(=O)CC(=O)Nc1ccccc1F,
129,CC1=C(C(NC(=O)N1)c2c(F)cccc2Cl)C(=O)c3ccc(Cl)cc3,0.6,1,N,0.0,NC(=O)N,Fc1cccc(Cl)c1C=O,CC(=O)CC(=O)c1ccc(Cl)cc1,
130,CC1=C(C(NC(=O)N1)c2c(F)cccc2Cl)C(=O)c3ccccc3,0.6,1,N,0.0,NC(=O)N,Fc1cccc(Cl)c1C=O,CC(=O)CC(=O)c1ccccc1,
131,CC1=C(C(NC(=O)N1)c2c(F)cccc2F)C(=O)Nc3ccc(Br)cc3,0.6,0,N,0.0,NC(=O)N,Fc1cccc(F)c1C=O,CC(=O)CC(=O)Nc1ccc(Br)cc1,
132,CC1=C(C(NC(=O)N1)c2c(F)cccc2F)C(=O)Nc3ccc(C)c(Cl)c3,0.6,0,N,0.0,NC(=O)N,Fc1cccc(F)c1C=O,CC(=O)CC(=O)Nc1ccc(C)c(Cl)c1,
133,CC1=C(C(NC(=O)N1)c2c(F)cccc2F)C(=O)Nc3ccc(F)cc3,0.6,1,N,100.0,NC(=O)N,Fc1cccc(F)c1C=O,CC(=O)CC(=O)Nc1ccc(F)cc1,C[Si](C)(C)Cl
134,CC1=C(C(NC(=O)N1)c2c(F)cccc2F)C(=O)Nc3cccc(Cl)c3,0.6,1,N,18.0,NC(=O)N,Fc1cccc(F)c1C=O,CC(=O)CC(=O)Nc1cccc(Cl)c1,C[Si](C)(C)Cl
135,CC1=C(C(NC(=O)N1)c2c(F)cccc2F)C(=O)Nc3cccc(c3)C(F)(F)F,0.6,0,N,0.0,NC(=O)N,Fc1cccc(F)c1C=O,CC(=O)CC(=O)Nc1cccc(c1)C(F)(F)F,
136,CC1=C(C(NC(=O)N1)c2c(F)cccc2F)C(=O)Nc3ccccc3,0.6,0,N,0.0,NC(=O)N,Fc1cccc(F)c1C=O,CC(=O)CC(=O)Nc1ccccc1,
137,CC1=C(C(NC(=O)N1)c2c(F)cccc2F)C(=O)Nc3ccccc3C,0.6,1,N,17.5,NC(=O)N,Fc1cccc(F)c1C=O,CC(=O)CC(=O)Nc1ccccc1C,C[Si](C)(C)Cl
138,CC1=C(C(NC(=O)N1)c2c(F)cccc2F)C(=O)Nc3ccccc3Cl,0.6,0,N,0.0,NC(=O)N,Fc1cccc(F)c1C=O,CC(=O)CC(=O)Nc1ccccc1Cl,C[Si](C)(C)Cl
139,CC1=C(C(NC(=O)N1)c2c(F)cccc2F)C(=O)Nc3ccccc3Cl,0.6,1,N,20.83,NC(=O)N,Fc1cccc(F)c1C=O,CC(=O)CC(=O)Nc1ccccc1Cl,C[Si](C)(C)Cl
140,CC1=C(C(NC(=O)N1)c2c(F)cccc2F)C(=O)Nc3ccccc3F,0.6,1,N,94.5,NC(=O)N,Fc1cccc(F)c1C=O,CC(=O)CC(=O)Nc1ccccc1F,C[Si](C)(C)Cl
141,CC1=C(C(NC(=O)N1)c2c(F)cccc2F)C(=O)c3ccc(Cl)cc3,0.6,1,N,6.67,,,,C[Si](C)(C)Cl
142,CC1=C(C(NC(=O)N1)c2c(F)cccc2F)C(=O)c3ccccc3,0.6,1,N,0.0,NC(=O)N,Fc1cccc(F)c1C=O,CC(=O)CC(=O)c1ccccc1,
143,CC1=C(C(NC(=O)N1)c2cc(Br)cs2)C(=O)N3CCOCC3,0.6,1,N,60.83,NC(=O)N,Brc1csc(C=O)c1,CC(=O)CC(=O)N1CCOCC1,C[Si](C)(C)Cl
144,CC1=C(C(NC(=O)N1)c2cc(C)ccc2C)C(=O)N3CCOCC3,0.6,0,N,0.0,NC(=O)N,Cc1ccc(C)c(C=O)c1,CC(=O)CC(=O)N1CCOCC1,C[Si](C)(C)Cl
145,CC1=C(C(NC(=O)N1)c2cc(C)ccc2C)C(=O)N3CCOCC3,0.6,1,N,0.0,NC(=O)N,Cc1ccc(C)c(C=O)c1,CC(=O)CC(=O)N1CCOCC1,
146,CC1=C(C(NC(=O)N1)c2cc(C)ccc2C)C(=O)Nc3ccc(Br)cc3,0.6,0,N,0.0,NC(=O)N,Cc1ccc(C)c(C=O)c1,CC(=O)CC(=O)Nc1ccc(Br)cc1,
147,CC1=C(C(NC(=O)N1)c2cc(C)ccc2C)C(=O)Nc3cccc(c3)C(F)(F)F,0.6,1,N,0.0,NC(=O)N,Cc1ccc(C)c(C=O)c1,CC(=O)CC(=O)Nc1cccc(c1)C(F)(F)F,
148,CC1=C(C(NC(=O)N1)c2cc(C)ccc2C)C(=O)Nc3cccc(c3)[N+](=O)[O-],0.6,0,N,0.0,NC(=O)N,Cc1ccc(C)c(C=O)c1,CC(=O)CC(=O)Nc1cccc(c1)[N+](=O)[O-],
149,CC1=C(C(NC(=O)N1)c2cc(C)ccc2C)C(=O)c3ccc(Cl)cc3,0.6,0,N,0.0,NC(=O)N,Cc1ccc(C)c(C=O)c1,CC(=O)CC(=O)c1ccc(Cl)cc1,
150,CC1=C(C(NC(=O)N1)c2cc(C)ccc2C)C(=O)c3ccccc3,0.6,0,N,0.0,NC(=O)N,Cc1ccc(C)c(C=O)c1,CC(=O)CC(=O)c1ccccc1,
151,CC1=C(C(NC(=O)N1)c2cc3OCOc3cc2[N+](=O)[O-])C(=O)Nc4ccc(C)cc4C,0.6,1,N,0.0,NC(=O)N,[O-][N+](=O)c1cc2OCOc2cc1C=O,CC(=O)CC(=O)Nc1ccc(C)cc1C,
152,CC1=C(C(NC(=O)N1)c2ccc(Br)cc2)C(=O)Nc3cc(C)on3,0.6,1,N,16.17,NC(=O)N,Brc1ccc(C=O)cc1,CC(=O)CC(=O)Nc1cc(C)on1,C[Si](C)(C)Cl
153,CC1=C(C(NC(=O)N1)c2ccc(Br)cc2)C(=O)Nc3ccc(Br)cc3,0.6,1,N,0.0,NC(=O)N,Brc1ccc(C=O)cc1,CC(=O)CC(=O)Nc1ccc(Br)cc1,
154,CC1=C(C(NC(=O)N1)c2ccc(Br)cc2)C(=O)Nc3ccc(C)c(Cl)c3,0.6,0,N,0.0,NC(=O)N,Brc1ccc(C=O)cc1,CC(=O)CC(=O)Nc1ccc(C)c(Cl)c1,
155,CC1=C(C(NC(=O)N1)c2ccc(Br)cc2)C(=O)Nc3cccc(c3)[N+](=O)[O-],0.6,1,N,0.0,NC(=O)N,Brc1ccc(C=O)cc1,CC(=O)CC(=O)Nc1cccc(c1)[N+](=O)[O-],
156,CC1=C(C(NC(=O)N1)c2ccc(Br)cc2)C(=O)Nc3ccccc3,0.6,0,N,0.0,NC(=O)N,Brc1ccc(C=O)cc1,CC(=O)CC(=O)Nc1ccccc1,
157,CC1=C(C(NC(=O)N1)c2ccc(Br)cc2)C(=O)c3ccc(Cl)cc3,0.6,1,N,0.0,NC(=O)N,Brc1ccc(C=O)cc1,CC(=O)CC(=O)c1ccc(Cl)cc1,
158,CC1=C(C(NC(=O)N1)c2ccc(C#N)cc2)C(=O)N3CCOCC3,0.6,0,N,0.0,NC(=O)N,O=Cc1ccc(C#N)cc1,CC(=O)CC(=O)N1CCOCC1,C[Si](C)(C)Cl
159,CC1=C(C(NC(=O)N1)c2ccc(C#N)cc2)C(=O)Nc3ccc(Br)cc3,0.6,1,N,53.5,NC(=O)N,O=Cc1ccc(C#N)cc1,CC(=O)CC(=O)Nc1ccc(Br)cc1,
160,CC1=C(C(NC(=O)N1)c2ccc(C#N)cc2)C(=O)Nc3ccc(cc3)[N+](=O)[O-],0.6,0,N,0.0,NC(=O)N,O=Cc1ccc(C#N)cc1,CC(=O)CC(=O)Nc1ccc(cc1)[N+](=O)[O-],
161,CC1=C(C(NC(=O)N1)c2ccc(C#N)cc2)C(=O)Nc3cccc(c3)C(F)(F)F,0.6,0,N,0.0,NC(=O)N,O=Cc1ccc(C#N)cc1,CC(=O)CC(=O)Nc1cccc(c1)C(F)(F)F,
162,CC1=C(C(NC(=O)N1)c2ccc(C#N)cc2)C(=O)Nc3cccc(c3)[N+](=O)[O-],0.6,1,N,26.67,NC(=O)N,O=Cc1ccc(C#N)cc1,CC(=O)CC(=O)Nc1cccc(c1)[N+](=O)[O-],
163,CC1=C(C(NC(=O)N1)c2ccc(C#N)cc2)C(=O)Nc3cccc(c3)[N+](=O)[O-],0.6,0,N,0.0,NC(=O)N,O=Cc1ccc(C#N)cc1,CC(=O)CC(=O)Nc1cccc(c1)[N+](=O)[O-],C[Si](C)(C)Cl
164,CC1=C(C(NC(=O)N1)c2ccc(C#N)cc2)C(=O)Nc3ccccc3,0.6,0,N,0.0,NC(=O)N,O=Cc1ccc(C#N)cc1,CC(=O)CC(=O)Nc1ccccc1,
165,CC1=C(C(NC(=O)N1)c2ccc(C#N)cc2)C(=O)Nc3ccccc3C(F)(F)F,0.6,1,N,29.0,NC(=O)N,O=Cc1ccc(C#N)cc1,CC(=O)CC(=O)Nc1ccccc1C(F)(F)F,
166,CC1=C(C(NC(=O)N1)c2ccc(C#N)cc2)C(=O)Nc3ccccc3Cl,0.6,1,N,48.33,NC(=O)N,O=Cc1ccc(C#N)cc1,CC(=O)CC(=O)Nc1ccccc1Cl,C[Si](C)(C)Cl
167,CC1=C(C(NC(=O)N1)c2ccc(C#N)cc2)C(=O)Nc3ccccc3Cl,0.6,1,N,0.0,NC(=O)N,O=Cc1ccc(C#N)cc1,CC(=O)CC(=O)Nc1ccccc1Cl,
168,CC1=C(C(NC(=O)N1)c2ccc(C)cc2)C(=O)N3CCOCC3,0.6,0,N,0.0,NC(=O)N,Cc1ccc(C=O)cc1,CC(=O)CC(=O)N1CCOCC1,C[Si](C)(C)Cl
169,CC1=C(C(NC(=O)N1)c2ccc(C)cc2)C(=O)Nc3cc(Cl)ccc3C,0.6,0,N,0.0,NC(=O)N,Cc1ccc(C=O)cc1,CC(=O)CC(=O)Nc1cc(Cl)ccc1C,
170,CC1=C(C(NC(=O)N1)c2ccc(C)cc2)C(=O)Nc3ccc(Cl)cc3,0.6,0,N,0.0,NC(=O)N,Cc1ccc(C=O)cc1,CC(=O)CC(=O)Nc1ccc(Cl)cc1,
171,CC1=C(C(NC(=O)N1)c2ccc(C)cc2)C(=O)Nc3ccc(cc3)[N+](=O)[O-],1.0,1,N,0.0,NC(=O)N,Cc1ccc(C=O)cc1,CC(=O)CC(=O)Nc1ccc(cc1)[N+](=O)[O-],
172,CC1=C(C(NC(=O)N1)c2ccc(C)cc2)C(=O)Nc3cccc(c3)[N+](=O)[O-],0.6,0,N,0.0,NC(=O)N,Cc1ccc(C=O)cc1,CC(=O)CC(=O)Nc1cccc(c1)[N+](=O)[O-],
173,CC1=C(C(NC(=O)N1)c2ccc(C)cc2)C(=O)Nc3ccccc3,0.9,0,N,0.0,NC(=O)N,Cc1ccc(C=O)cc1,CC(=O)CC(=O)Nc1ccccc1,
174,CC1=C(C(NC(=O)N1)c2ccc(C)cc2)C(=O)Nc3ccccc3C(F)(F)F,0.6,0,N,0.0,NC(=O)N,Cc1ccc(C=O)cc1,CC(=O)CC(=O)Nc1ccccc1C(F)(F)F,C[Si](C)(C)Cl
175,CC1=C(C(NC(=O)N1)c2ccc(C)cc2)C(=O)Nc3ccccc3C(F)(F)F,0.6,0,N,0.0,NC(=O)N,Cc1ccc(C=O)cc1,CC(=O)CC(=O)Nc1ccccc1C(F)(F)F,C[Si](C)(C)Cl
176,CC1=C(C(NC(=O)N1)c2ccc(C)cc2)C(=O)Nc3ccccc3C(F)(F)F,0.6,0,N,0.0,NC(=O)N,Cc1ccc(C=O)cc1,CC(=O)CC(=O)Nc1ccccc1C(F)(F)F,C[Si](C)(C)Cl
177,CC1=C(C(NC(=O)N1)c2ccc(C)cc2)C(=O)Nc3ccccc3C(F)(F)F,0.6,1,N,0.0,NC(=O)N,Cc1ccc(C=O)cc1,CC(=O)CC(=O)Nc1ccccc1C(F)(F)F,
178,CC1=C(C(NC(=O)N1)c2ccc(C)cc2)C(=O)Nc3ccccc3C(F)(F)F,0.6,0,N,0.0,NC(=O)N,Cc1ccc(C=O)cc1,CC(=O)CC(=O)Nc1ccccc1C(F)(F)F,C[Si](C)(C)Cl
179,CC1=C(C(NC(=O)N1)c2ccc(C)cc2)C(=O)Nc3ccccc3C(F)(F)F,0.6,0,N,0.0,NC(=O)N,Cc1ccc(C=O)cc1,CC(=O)CC(=O)Nc1ccccc1C(F)(F)F,C[Si](C)(C)Cl
180,CC1=C(C(NC(=O)N1)c2ccc(C)cc2)C(=O)c3ccc(Cl)cc3,0.6,0,N,0.0,NC(=O)N,Cc1ccc(C=O)cc1,CC(=O)CC(=O)c1ccc(Cl)cc1,
181,CC1=C(C(NC(=O)N1)c2ccc(C)cc2)C(=O)c3ccccc3,0.6,1,N,0.0,NC(=O)N,Cc1ccc(C=O)cc1,CC(=O)CC(=O)c1ccccc1,
182,CC1=C(C(NC(=O)N1)c2ccc(C)cc2C)C(=O)Nc3ccc(cc3)[N+](=O)[O-],0.6,0,N,0.0,NC(=O)N,Cc1ccc(C=O)c(C)c1,CC(=O)CC(=O)Nc1ccc(cc1)[N+](=O)[O-],
183,CC1=C(C(NC(=O)N1)c2ccc(C)cc2C)C(=O)Nc3cccc(c3)[N+](=O)[O-],0.6,0,N,0.0,NC(=O)N,Cc1ccc(C=O)c(C)c1,CC(=O)CC(=O)Nc1cccc(c1)[N+](=O)[O-],
184,CC1=C(C(NC(=O)N1)c2ccc(C)cc2C)C(=O)c3ccc(Cl)cc3,0.6,0,N,0.0,NC(=O)N,Cc1ccc(C=O)c(C)c1,CC(=O)CC(=O)c1ccc(Cl)cc1,
185,CC1=C(C(NC(=O)N1)c2ccc(C)cc2C)C(=O)c3ccccc3,0.6,0,N,0.0,,,,C[Si](C)(C)Cl
186,CC1=C(C(NC(=O)N1)c2ccc(C)cc2C)C(=O)c3ccccc3,0.6,0,N,0.0,,,,C[Si](C)(C)Cl
187,CC1=C(C(NC(=O)N1)c2ccc(C)o2)C(=O)Nc3ccc(C)cc3C,0.6,0,N,0.0,NC(=O)N,Cc1ccc(C=O)o1,CC(=O)CC(=O)Nc1ccc(C)cc1C,
188,CC1=C(C(NC(=O)N1)c2ccc(C)s2)C(=O)Nc3ccc(C)c(Cl)c3,0.6,0,N,0.0,NC(=O)N,Cc1ccc(C=O)s1,CC(=O)CC(=O)Nc1ccc(C)c(Cl)c1,
189,CC1=C(C(NC(=O)N1)c2ccc(C)s2)C(=O)Nc3ccc(C)cc3,0.6,0,N,0.0,NC(=O)N,Cc1ccc(C=O)s1,CC(=O)CC(=O)Nc1ccc(C)cc1,
190,CC1=C(C(NC(=O)N1)c2ccc(C)s2)C(=O)Nc3cccc(Cl)c3,0.6,0,N,0.0,NC(=O)N,Cc1ccc(C=O)s1,CC(=O)CC(=O)Nc1cccc(Cl)c1,
191,CC1=C(C(NC(=O)N1)c2ccc(C)s2)C(=O)c3ccc(Cl)cc3,0.6,0,N,0.0,NC(=O)N,Cc1ccc(C=O)s1,CC(=O)CC(=O)c1ccc(Cl)cc1,
192,CC1=C(C(NC(=O)N1)c2ccc(Cl)c(Cl)c2)C(=O)N3CCOCC3,0.6,1,N,0.0,NC(=O)N,Clc1ccc(C=O)cc1Cl,CC(=O)CC(=O)N1CCOCC1,
193,CC1=C(C(NC(=O)N1)c2ccc(Cl)c(Cl)c2)C(=O)N3CCOCC3,0.6,1,N,23.33,NC(=O)N,Clc1ccc(C=O)cc1Cl,CC(=O)CC(=O)N1CCOCC1,C[Si](C)(C)Cl
194,CC1=C(C(NC(=O)N1)c2ccc(Cl)c(Cl)c2)C(=O)Nc3ccc(Br)cc3,0.6,0,N,0.0,NC(=O)N,Clc1ccc(C=O)cc1Cl,CC(=O)CC(=O)Nc1ccc(Br)cc1,
195,CC1=C(C(NC(=O)N1)c2ccc(Cl)c(Cl)c2)C(=O)Nc3cccc(c3)C(F)(F)F,0.6,0,N,0.0,NC(=O)N,Clc1ccc(C=O)cc1Cl,CC(=O)CC(=O)Nc1cccc(c1)C(F)(F)F,
196,CC1=C(C(NC(=O)N1)c2ccc(Cl)c(Cl)c2)C(=O)Nc3cccc(c3)[N+](=O)[O-],0.6,0,N,0.0,NC(=O)N,Clc1ccc(C=O)cc1Cl,CC(=O)CC(=O)Nc1cccc(c1)[N+](=O)[O-],
197,CC1=C(C(NC(=O)N1)c2ccc(Cl)c(Cl)c2)C(=O)Nc3ccccc3,0.6,1,N,0.0,NC(=O)N,Clc1ccc(C=O)cc1Cl,CC(=O)CC(=O)Nc1ccccc1,
198,CC1=C(C(NC(=O)N1)c2ccc(Cl)c(Cl)c2)C(=O)Nc3ccccc3,0.6,1,N,42.83,NC(=O)N,Clc1ccc(C=O)cc1Cl,CC(=O)CC(=O)Nc1ccccc1,C[Si](C)(C)Cl
199,CC1=C(C(NC(=O)N1)c2ccc(Cl)c(Cl)c2)C(=O)Nc3ccccc3C(F)(F)F,0.6,1,N,0.0,NC(=O)N,Clc1ccc(C=O)cc1Cl,CC(=O)CC(=O)Nc1ccccc1C(F)(F)F,
200,CC1=C(C(NC(=O)N1)c2ccc(Cl)c(Cl)c2)C(=O)Nc3ccccc3Cl,0.6,1,N,52.5,NC(=O)N,Clc1ccc(C=O)cc1Cl,CC(=O)CC(=O)Nc1ccccc1Cl,C[Si](C)(C)Cl
201,CC1=C(C(NC(=O)N1)c2ccc(Cl)c(Cl)c2)C(=O)c3ccc(Cl)cc3,0.6,1,N,0.0,NC(=O)N,Clc1ccc(C=O)cc1Cl,CC(=O)CC(=O)c1ccc(Cl)cc1,
202,CC1=C(C(NC(=O)N1)c2ccc(Cl)c(Cl)c2)C(=O)c3ccccc3,0.6,1,N,0.0,NC(=O)N,Clc1ccc(C=O)cc1Cl,CC(=O)CC(=O)c1ccccc1,
203,CC1=C(C(NC(=O)N1)c2ccc(Cl)c(c2)[N+](=O)[O-])C(=O)N3CCOCC3,0.6,1,N,0.0,NC(=O)N,[O-][N+](=O)c1cc(C=O)ccc1Cl,CC(=O)CC(=O)N1CCOCC1,
204,CC1=C(C(NC(=O)N1)c2ccc(Cl)c(c2)[N+](=O)[O-])C(=O)Nc3ccc(Br)cc3,0.6,0,N,0.0,NC(=O)N,[O-][N+](=O)c1cc(C=O)ccc1Cl,CC(=O)CC(=O)Nc1ccc(Br)cc1,
205,CC1=C(C(NC(=O)N1)c2ccc(Cl)c(c2)[N+](=O)[O-])C(=O)Nc3ccc(cc3)[N+](=O)[O-],0.6,1,N,0.0,NC(=O)N,[O-][N+](=O)c1cc(C=O)ccc1Cl,CC(=O)CC(=O)Nc1ccc(cc1)[N+](=O)[O-],
206,CC1=C(C(NC(=O)N1)c2ccc(Cl)c(c2)[N+](=O)[O-])C(=O)Nc3cccc(c3)[N+](=O)[O-],0.6,1,N,0.0,NC(=O)N,[O-][N+](=O)c1cc(C=O)ccc1Cl,CC(=O)CC(=O)Nc1cccc(c1)[N+](=O)[O-],
207,CC1=C(C(NC(=O)N1)c2ccc(Cl)c(c2)[N+](=O)[O-])C(=O)Nc3ccccc3C(F)(F)F,0.6,0,N,0.0,NC(=O)N,[O-][N+](=O)c1cc(C=O)ccc1Cl,CC(=O)CC(=O)Nc1ccccc1C(F)(F)F,C[Si](C)(C)Cl
208,CC1=C(C(NC(=O)N1)c2ccc(Cl)c(c2)[N+](=O)[O-])C(=O)c3ccc(Cl)cc3,0.6,1,N,0.0,NC(=O)N,[O-][N+](=O)c1cc(C=O)ccc1Cl,CC(=O)CC(=O)c1ccc(Cl)cc1,
209,CC1=C(C(NC(=O)N1)c2ccc(Cl)c(c2)[N+](=O)[O-])C(=O)c3ccccc3,0.6,1,N,0.0,NC(=O)N,[O-][N+](=O)c1cc(C=O)ccc1Cl,CC(=O)CC(=O)c1ccccc1,
210,CC1=C(C(NC(=O)N1)c2ccc(Cl)cc2)C(=O)Nc3ccc(F)c(F)c3,0.6,1,N,4.5,NC(=O)N,Clc1ccc(C=O)cc1,CC(=O)CC(=O)Nc1ccc(F)c(F)c1,
211,CC1=C(C(NC(=O)N1)c2ccc(Cl)cc2)C(=O)Nc3ccc(F)c(F)c3,0.6,0,N,0.0,NC(=O)N,Clc1ccc(C=O)cc1,CC(=O)CC(=O)Nc1ccc(F)c(F)c1,C[Si](C)(C)Cl
212,CC1=C(C(NC(=O)N1)c2ccc(Cl)cc2)C(=O)Nc3ccc(OC(F)(F)F)cc3,0.6,0,N,0.0,NC(=O)N,Clc1ccc(C=O)cc1,CC(=O)CC(=O)Nc1ccc(OC(F)(F)F)cc1,C[Si](C)(C)Cl
213,CC1=C(C(NC(=O)N1)c2ccc(Cl)cc2)C(=O)Nc3cccc(c3)C(F)(F)F,0.6,0,N,0.0,NC(=O)N,Clc1ccc(C=O)cc1,CC(=O)CC(=O)Nc1cccc(c1)C(F)(F)F,C[Si](C)(C)Cl
214,CC1=C(C(NC(=O)N1)c2ccc(Cl)cc2)C(=O)Nc3cccc(c3)C(F)(F)F,0.6,0,N,0.0,NC(=O)N,Clc1ccc(C=O)cc1,CC(=O)CC(=O)Nc1cccc(c1)C(F)(F)F,C[Si](C)(C)Cl
215,CC1=C(C(NC(=O)N1)c2ccc(Cl)cc2)C(=O)Nc3cccc(c3)C(F)(F)F,0.6,0,N,0.0,NC(=O)N,Clc1ccc(C=O)cc1,CC(=O)CC(=O)Nc1cccc(c1)C(F)(F)F,C[Si](C)(C)Cl
216,CC1=C(C(NC(=O)N1)c2ccc(Cl)cc2)C(=O)Nc3cccc(c3)C(F)(F)F,0.6,0,N,0.0,NC(=O)N,Clc1ccc(C=O)cc1,CC(=O)CC(=O)Nc1cccc(c1)C(F)(F)F,C[Si](C)(C)Cl
217,CC1=C(C(NC(=O)N1)c2ccc(Cl)cc2)C(=O)Nc3ccccc3,0.6,0,N,0.0,NC(=O)N,Clc1ccc(C=O)cc1,CC(=O)CC(=O)Nc1ccccc1,C[Si](C)(C)Cl
218,CC1=C(C(NC(=O)N1)c2ccc(Cl)cc2)C(=O)Nc3ccccc3,0.6,1,N,0.0,NC(=O)N,Clc1ccc(C=O)cc1,CC(=O)CC(=O)Nc1ccccc1,
219,CC1=C(C(NC(=O)N1)c2ccc(Cl)cc2)C(=O)Nc3ccccc3,0.6,0,N,0.0,NC(=O)N,Clc1ccc(C=O)cc1,CC(=O)CC(=O)Nc1ccccc1,C[Si](C)(C)Cl
220,CC1=C(C(NC(=O)N1)c2ccc(Cl)cc2)C(=O)Nc3ccccc3C,0.6,0,N,0.0,NC(=O)N,Clc1ccc(C=O)cc1,CC(=O)CC(=O)Nc1ccccc1C,C[Si](C)(C)Cl
221,CC1=C(C(NC(=O)N1)c2ccc(Cl)cc2)C(=O)Nc3ccccc3C(F)(F)F,0.6,1,N,0.0,NC(=O)N,Clc1ccc(C=O)cc1,CC(=O)CC(=O)Nc1ccccc1C(F)(F)F,
222,CC1=C(C(NC(=O)N1)c2ccc(Cl)cc2)C(=O)Nc3ccccc3F,0.6,1,N,27.17,NC(=O)N,Clc1ccc(C=O)cc1,CC(=O)CC(=O)Nc1ccccc1F,
223,CC1=C(C(NC(=O)N1)c2ccc(Cl)cc2)C(=O)c3ccc(Cl)cc3,0.6,1,N,0.0,NC(=O)N,Clc1ccc(C=O)cc1,CC(=O)CC(=O)c1ccc(Cl)cc1,
224,CC1=C(C(NC(=O)N1)c2ccc(Cl)cc2)C(=O)c3ccccc3,0.6,1,N,0.0,NC(=O)N,Clc1ccc(C=O)cc1,CC(=O)CC(=O)c1ccccc1,
225,CC1=C(C(NC(=O)N1)c2ccc(Cl)cc2Cl)C(=O)Nc3ccc(C)c(Cl)c3,0.6,0,N,0.0,NC(=O)N,Clc1ccc(C=O)c(Cl)c1,CC(=O)CC(=O)Nc1ccc(C)c(Cl)c1,C[Si](C)(C)Cl
226,CC1=C(C(NC(=O)N1)c2ccc(Cl)cc2Cl)C(=O)Nc3ccc(C)c(Cl)c3,0.6,0,N,0.0,NC(=O)N,Clc1ccc(C=O)c(Cl)c1,CC(=O)CC(=O)Nc1ccc(C)c(Cl)c1,C[Si](C)(C)Cl
227,CC1=C(C(NC(=O)N1)c2ccc(Cl)cc2Cl)C(=O)Nc3ccc(cc3)[N+](=O)[O-],0.6,1,N,0.0,NC(=O)N,Clc1ccc(C=O)c(Cl)c1,CC(=O)CC(=O)Nc1ccc(cc1)[N+](=O)[O-],
228,CC1=C(C(NC(=O)N1)c2ccc(Cl)cc2Cl)C(=O)Nc3cccc(c3)C(F)(F)F,0.6,0,N,0.0,NC(=O)N,Clc1ccc(C=O)c(Cl)c1,CC(=O)CC(=O)Nc1cccc(c1)C(F)(F)F,
229,CC1=C(C(NC(=O)N1)c2ccc(Cl)cc2Cl)C(=O)Nc3cccc(c3)[N+](=O)[O-],0.6,1,N,0.0,NC(=O)N,Clc1ccc(C=O)c(Cl)c1,CC(=O)CC(=O)Nc1cccc(c1)[N+](=O)[O-],
230,CC1=C(C(NC(=O)N1)c2ccc(Cl)cc2Cl)C(=O)Nc3ccccc3,0.6,1,N,0.0,NC(=O)N,Clc1ccc(C=O)c(Cl)c1,CC(=O)CC(=O)Nc1ccccc1,
231,CC1=C(C(NC(=O)N1)c2ccc(Cl)cc2Cl)C(=O)Nc3ccccc3C(F)(F)F,0.6,1,N,0.0,NC(=O)N,Clc1ccc(C=O)c(Cl)c1,CC(=O)CC(=O)Nc1ccccc1C(F)(F)F,
232,CC1=C(C(NC(=O)N1)c2ccc(Cl)cc2Cl)C(=O)c3ccccc3,0.6,1,N,0.0,NC(=O)N,Clc1ccc(C=O)c(Cl)c1,CC(=O)CC(=O)c1ccccc1,
233,CC1=C(C(NC(=O)N1)c2ccc(F)c(Br)c2)C(=O)Nc3ccccc3,0.6,0,N,0.0,NC(=O)N,Fc1ccc(C=O)cc1Br,CC(=O)CC(=O)Nc1ccccc1,C[Si](C)(C)Cl
234,CC1=C(C(NC(=O)N1)c2ccc(F)cc2)C(=O)N3CCOCC3,0.6,1,N,30.0,NC(=O)N,Fc1ccc(C=O)cc1,CC(=O)CC(=O)N1CCOCC1,C[Si](C)(C)Cl
235,CC1=C(C(NC(=O)N1)c2ccc(F)cc2)C(=O)N3CCOCC3,0.6,0,N,0.0,NC(=O)N,Fc1ccc(C=O)cc1,CC(=O)CC(=O)N1CCOCC1,C[Si](C)(C)Cl
236,CC1=C(C(NC(=O)N1)c2ccc(F)cc2)C(=O)N3CCOCC3,0.6,0,N,0.0,NC(=O)N,Fc1ccc(C=O)cc1,CC(=O)CC(=O)N1CCOCC1,C[Si](C)(C)Cl
237,CC1=C(C(NC(=O)N1)c2ccc(F)cc2)C(=O)N3CCOCC3,0.6,0,N,0.0,NC(=O)N,Fc1ccc(C=O)cc1,CC(=O)CC(=O)N1CCOCC1,C[Si](C)(C)Cl
238,CC1=C(C(NC(=O)N1)c2ccc(F)cc2)C(=O)N3CCOCC3,0.6,0,N,0.0,NC(=O)N,Fc1ccc(C=O)cc1,CC(=O)CC(=O)N1CCOCC1,C[Si](C)(C)Cl
239,CC1=C(C(NC(=O)N1)c2ccc(F)cc2)C(=O)N3CCOCC3,0.6,0,N,0.0,NC(=O)N,Fc1ccc(C=O)cc1,CC(=O)CC(=O)N1CCOCC1,C[Si](C)(C)Cl
240,CC1=C(C(NC(=O)N1)c2ccc(F)cc2)C(=O)Nc3cc(C)on3,0.6,1,N,22.67,NC(=O)N,Fc1ccc(C=O)cc1,CC(=O)CC(=O)Nc1cc(C)on1,C[Si](C)(C)Cl
241,CC1=C(C(NC(=O)N1)c2ccc(F)cc2)C(=O)Nc3ccc(C)c(C)c3,0.6,0,N,0.0,NC(=O)N,Fc1ccc(C=O)cc1,CC(=O)CC(=O)Nc1ccc(C)c(C)c1,
242,CC1=C(C(NC(=O)N1)c2ccc(F)cc2)C(=O)Nc3ccc(F)c(F)c3,0.6,1,N,0.0,NC(=O)N,Fc1ccc(C=O)cc1,CC(=O)CC(=O)Nc1ccc(F)c(F)c1,
243,CC1=C(C(NC(=O)N1)c2ccc(F)cc2)C(=O)Nc3ccc(F)c(F)c3,0.6,0,N,0.0,NC(=O)N,Fc1ccc(C=O)cc1,CC(=O)CC(=O)Nc1ccc(F)c(F)c1,C[Si](C)(C)Cl
244,CC1=C(C(NC(=O)N1)c2ccc(F)cc2)C(=O)Nc3ccc(F)c(F)c3,0.6,1,N,8.33,NC(=O)N,Fc1ccc(C=O)cc1,CC(=O)CC(=O)Nc1ccc(F)c(F)c1,C[Si](C)(C)Cl
245,CC1=C(C(NC(=O)N1)c2ccc(F)cc2)C(=O)Nc3ccc(F)c(F)c3,0.6,0,N,0.0,NC(=O)N,Fc1ccc(C=O)cc1,CC(=O)CC(=O)Nc1ccc(F)c(F)c1,C[Si](C)(C)Cl
246,CC1=C(C(NC(=O)N1)c2ccc(F)cc2)C(=O)Nc3ccc(F)c(F)c3,0.6,0,N,0.0,NC(=O)N,Fc1ccc(C=O)cc1,CC(=O)CC(=O)Nc1ccc(F)c(F)c1,C[Si](C)(C)Cl
247,CC1=C(C(NC(=O)N1)c2ccc(F)cc2)C(=O)Nc3ccc(cc3)[N+](=O)[O-],0.6,0,N,0.0,NC(=O)N,Fc1ccc(C=O)cc1,CC(=O)CC(=O)Nc1ccc(cc1)[N+](=O)[O-],
248,CC1=C(C(NC(=O)N1)c2ccc(F)cc2)C(=O)Nc3cccc(c3)[N+](=O)[O-],0.6,0,N,0.0,NC(=O)N,Fc1ccc(C=O)cc1,CC(=O)CC(=O)Nc1cccc(c1)[N+](=O)[O-],
249,CC1=C(C(NC(=O)N1)c2ccc(F)cc2)C(=O)Nc3ccccc3C(F)(F)F,0.6,1,N,0.0,NC(=O)N,Fc1ccc(C=O)cc1,CC(=O)CC(=O)Nc1ccccc1C(F)(F)F,
250,CC1=C(C(NC(=O)N1)c2ccc(F)cc2)C(=O)Nc3ccccc3C(F)(F)F,0.6,0,N,0.0,NC(=O)N,Fc1ccc(C=O)cc1,CC(=O)CC(=O)Nc1ccccc1C(F)(F)F,C[Si](C)(C)Cl
251,CC1=C(C(NC(=O)N1)c2ccc(F)cc2)C(=O)Nc3ccccc3C(F)(F)F,0.6,1,N,75.67,NC(=O)N,Fc1ccc(C=O)cc1,CC(=O)CC(=O)Nc1ccccc1C(F)(F)F,C[Si](C)(C)Cl
252,CC1=C(C(NC(=O)N1)c2ccc(F)cc2)C(=O)c3ccccc3,0.6,1,N,0.0,NC(=O)N,Fc1ccc(C=O)cc1,CC(=O)CC(=O)c1ccccc1,
253,CC1=C(C(NC(=O)N1)c2ccc(F)cc2F)C(=O)N3CCOCC3,0.6,1,N,0.0,NC(=O)N,Fc1ccc(C=O)c(F)c1,CC(=O)CC(=O)N1CCOCC1,
254,CC1=C(C(NC(=O)N1)c2ccc(F)cc2F)C(=O)Nc3ccc(Br)cc3,0.6,1,N,50.0,NC(=O)N,Fc1ccc(C=O)c(F)c1,CC(=O)CC(=O)Nc1ccc(Br)cc1,
255,CC1=C(C(NC(=O)N1)c2ccc(F)cc2F)C(=O)Nc3ccc(cc3)[N+](=O)[O-],0.6,0,N,0.0,NC(=O)N,Fc1ccc(C=O)c(F)c1,CC(=O)CC(=O)Nc1ccc(cc1)[N+](=O)[O-],
256,CC1=C(C(NC(=O)N1)c2ccc(F)cc2F)C(=O)Nc3cccc(c3)C(F)(F)F,0.6,0,N,0.0,NC(=O)N,Fc1ccc(C=O)c(F)c1,CC(=O)CC(=O)Nc1cccc(c1)C(F)(F)F,
257,CC1=C(C(NC(=O)N1)c2ccc(F)cc2F)C(=O)Nc3ccccc3,0.6,1,N,0.0,NC(=O)N,Fc1ccc(C=O)c(F)c1,CC(=O)CC(=O)Nc1ccccc1,
258,CC1=C(C(NC(=O)N1)c2ccc(F)cc2F)C(=O)Nc3ccccc3Cl,0.6,1,N,73.17,NC(=O)N,Fc1ccc(C=O)c(F)c1,CC(=O)CC(=O)Nc1ccccc1Cl,
259,CC1=C(C(NC(=O)N1)c2ccc(F)cc2F)C(=O)c3ccccc3,0.6,1,N,0.0,NC(=O)N,Fc1ccc(C=O)c(F)c1,CC(=O)CC(=O)c1ccccc1,
260,CC1=C(C(NC(=O)N1)c2ccc(O)cc2)C(=O)Nc3cc(Cl)ccc3C,0.6,0,N,0.0,NC(=O)N,Oc1ccc(C=O)cc1,CC(=O)CC(=O)Nc1cc(Cl)ccc1C,C[Si](C)(C)Cl
261,CC1=C(C(NC(=O)N1)c2ccc(O)cc2)C(=O)Nc3ccc(Br)cc3,0.6,0,N,0.0,NC(=O)N,Oc1ccc(C=O)cc1,CC(=O)CC(=O)Nc1ccc(Br)cc1,C[Si](C)(C)Cl
262,CC1=C(C(NC(=O)N1)c2ccc(O)cc2)C(=O)Nc3ccc(Br)cc3,0.6,0,N,0.0,NC(=O)N,Oc1ccc(C=O)cc1,CC(=O)CC(=O)Nc1ccc(Br)cc1,C[Si](C)(C)Cl
263,CC1=C(C(NC(=O)N1)c2ccc(O)cc2)C(=O)Nc3ccc(C)cc3C,0.6,0,N,0.0,NC(=O)N,Oc1ccc(C=O)cc1,CC(=O)CC(=O)Nc1ccc(C)cc1C,
264,CC1=C(C(NC(=O)N1)c2ccc(O)cc2)C(=O)Nc3cccc(c3)[N+](=O)[O-],0.6,0,N,0.0,NC(=O)N,Oc1ccc(C=O)cc1,CC(=O)CC(=O)Nc1cccc(c1)[N+](=O)[O-],C[Si](C)(C)Cl
265,CC1=C(C(NC(=O)N1)c2ccc(OC(F)F)cc2)C(=O)Nc3ccc(Br)cc3,0.6,0,N,0.0,NC(=O)N,FC(F)Oc1ccc(C=O)cc1,CC(=O)CC(=O)Nc1ccc(Br)cc1,
266,CC1=C(C(NC(=O)N1)c2ccc(OC(F)F)cc2)C(=O)Nc3cccc(c3)[N+](=O)[O-],0.6,0,N,0.0,NC(=O)N,FC(F)Oc1ccc(C=O)cc1,CC(=O)CC(=O)Nc1cccc(c1)[N+](=O)[O-],C[Si](C)(C)Cl
267,CC1=C(C(NC(=O)N1)c2ccc(OC(F)F)cc2)C(=O)Nc3cccc(c3)[N+](=O)[O-],0.6,0,N,0.0,NC(=O)N,FC(F)Oc1ccc(C=O)cc1,CC(=O)CC(=O)Nc1cccc(c1)[N+](=O)[O-],C[Si](C)(C)Cl
268,CC1=C(C(NC(=O)N1)c2ccc(OC(F)F)cc2)C(=O)Nc3cccc(c3)[N+](=O)[O-],0.6,0,N,0.0,NC(=O)N,FC(F)Oc1ccc(C=O)cc1,CC(=O)CC(=O)Nc1cccc(c1)[N+](=O)[O-],C[Si](C)(C)Cl
269,CC1=C(C(NC(=O)N1)c2ccc(OC(F)F)cc2)C(=O)Nc3cccc(c3)[N+](=O)[O-],0.9,0,N,0.0,NC(=O)N,FC(F)Oc1ccc(C=O)cc1,CC(=O)CC(=O)Nc1cccc(c1)[N+](=O)[O-],
270,CC1=C(C(NC(=O)N1)c2ccc(OC(F)F)cc2)C(=O)Nc3ccccc3,0.6,0,N,0.0,NC(=O)N,FC(F)Oc1ccc(C=O)cc1,CC(=O)CC(=O)Nc1ccccc1,
271,CC1=C(C(NC(=O)N1)c2ccc(OC(F)F)cc2)C(=O)Nc3ccccc3C(F)(F)F,0.6,0,N,0.0,NC(=O)N,FC(F)Oc1ccc(C=O)cc1,CC(=O)CC(=O)Nc1ccccc1C(F)(F)F,
272,CC1=C(C(NC(=O)N1)c2ccc(OCc3ccccc3)cc2)C(=O)Nc4ccc(Br)cc4,0.6,0,N,0.0,NC(=O)N,O=Cc1ccc(OCc2ccccc2)cc1,CC(=O)CC(=O)Nc1ccc(Br)cc1,
273,CC1=C(C(NC(=O)N1)c2ccc(OCc3ccccc3)cc2)C(=O)Nc4cccc(c4)C(F)(F)F,1.0,0,N,0.0,NC(=O)N,O=Cc1ccc(OCc2ccccc2)cc1,CC(=O)CC(=O)Nc1cccc(c1)C(F)(F)F,
274,CC1=C(C(NC(=O)N1)c2ccc(OCc3ccccc3)cc2)C(=O)Nc4cccc(c4)[N+](=O)[O-],0.6,0,N,0.0,NC(=O)N,O=Cc1ccc(OCc2ccccc2)cc1,CC(=O)CC(=O)Nc1cccc(c1)[N+](=O)[O-],
275,CC1=C(C(NC(=O)N1)c2ccc(OCc3ccccc3)cc2)C(=O)Nc4ccccc4,0.6,0,N,0.0,NC(=O)N,O=Cc1ccc(OCc2ccccc2)cc1,CC(=O)CC(=O)Nc1ccccc1,
276,CC1=C(C(NC(=O)N1)c2ccc(OCc3ccccc3)cc2)C(=O)Nc4ccccc4C(F)(F)F,0.6,1,N,0.0,NC(=O)N,O=Cc1ccc(OCc2ccccc2)cc1,CC(=O)CC(=O)Nc1ccccc1C(F)(F)F,
277,CC1=C(C(NC(=O)N1)c2ccc(OCc3ccccc3)cc2)C(=O)c4ccc(Cl)cc4,0.6,0,N,0.0,NC(=O)N,O=Cc1ccc(OCc2ccccc2)cc1,CC(=O)CC(=O)c1ccc(Cl)cc1,
278,CC1=C(C(NC(=O)N1)c2ccc(OCc3ccccc3)cc2)C(=O)c4ccccc4,1.0,0,N,0.0,NC(=O)N,O=Cc1ccc(OCc2ccccc2)cc1,CC(=O)CC(=O)c1ccccc1,
279,CC1=C(C(NC(=O)N1)c2ccc(OCc3cccnc3)cc2)C(=O)Nc4ccccc4C(F)(F)F,0.6,0,N,0.0,NC(=O)N,O=Cc1ccc(OCc2cccnc2)cc1,CC(=O)CC(=O)Nc1ccccc1C(F)(F)F,C[Si](C)(C)Cl
280,CC1=C(C(NC(=O)N1)c2ccc(cc2)C(C)(C)C)C(=O)N3CCOCC3,0.6,0,N,0.0,NC(=O)N,CC(C)(C)c1ccc(C=O)cc1,CC(=O)CC(=O)N1CCOCC1,C[Si](C)(C)Cl
281,CC1=C(C(NC(=O)N1)c2ccc(cc2)C(C)(C)C)C(=O)N3CCOCC3,0.6,0,N,0.0,NC(=O)N,CC(C)(C)c1ccc(C=O)cc1,CC(=O)CC(=O)N1CCOCC1,
282,CC1=C(C(NC(=O)N1)c2ccc(cc2)C(C)(C)C)C(=O)Nc3ccc(cc3)[N+](=O)[O-],0.6,1,N,0.0,NC(=O)N,CC(C)(C)c1ccc(C=O)cc1,CC(=O)CC(=O)Nc1ccc(cc1)[N+](=O)[O-],
283,CC1=C(C(NC(=O)N1)c2ccc(cc2)C(C)(C)C)C(=O)Nc3cccc(c3)C(F)(F)F,0.6,1,N,0.0,NC(=O)N,CC(C)(C)c1ccc(C=O)cc1,CC(=O)CC(=O)Nc1cccc(c1)C(F)(F)F,
284,CC1=C(C(NC(=O)N1)c2ccc(cc2)C(C)(C)C)C(=O)Nc3ccccc3,0.6,1,N,0.0,NC(=O)N,CC(C)(C)c1ccc(C=O)cc1,CC(=O)CC(=O)Nc1ccccc1,
285,CC1=C(C(NC(=O)N1)c2ccc(cc2)C(C)(C)C)C(=O)Nc3ccccc3C(F)(F)F,0.6,1,N,0.0,NC(=O)N,CC(C)(C)c1ccc(C=O)cc1,CC(=O)CC(=O)Nc1ccccc1C(F)(F)F,
286,CC1=C(C(NC(=O)N1)c2ccc(cc2)C(C)(C)C)C(=O)c3ccccc3,0.6,0,N,0.0,NC(=O)N,CC(C)(C)c1ccc(C=O)cc1,CC(=O)CC(=O)c1ccccc1,
287,CC1=C(C(NC(=O)N1)c2ccc(cc2)C(F)(F)F)C(=O)N3CCOCC3,0.6,0,N,0.0,NC(=O)N,FC(F)(F)c1ccc(C=O)cc1,CC(=O)CC(=O)N1CCOCC1,C[Si](C)(C)Cl
288,CC1=C(C(NC(=O)N1)c2ccc(cc2)C(F)(F)F)C(=O)N3CCOCC3,0.6,1,N,4.17,NC(=O)N,FC(F)(F)c1ccc(C=O)cc1,CC(=O)CC(=O)N1CCOCC1,C[Si](C)(C)Cl
289,CC1=C(C(NC(=O)N1)c2ccc(cc2)C(F)(F)F)C(=O)N3CCOCC3,0.6,1,N,50.0,NC(=O)N,FC(F)(F)c1ccc(C=O)cc1,CC(=O)CC(=O)N1CCOCC1,C[Si](C)(C)Cl
290,CC1=C(C(NC(=O)N1)c2ccc(cc2)C(F)(F)F)C(=O)Nc3ccc(Br)cc3,1.0,0,N,0.0,NC(=O)N,FC(F)(F)c1ccc(C=O)cc1,CC(=O)CC(=O)Nc1ccc(Br)cc1,
291,CC1=C(C(NC(=O)N1)c2ccc(cc2)C(F)(F)F)C(=O)Nc3cccc(c3)[N+](=O)[O-],1.0,1,N,0.0,NC(=O)N,FC(F)(F)c1ccc(C=O)cc1,CC(=O)CC(=O)Nc1cccc(c1)[N+](=O)[O-],
292,CC1=C(C(NC(=O)N1)c2ccc(cc2)C(F)(F)F)C(=O)c3ccc(Cl)cc3,0.6,1,N,42.33,NC(=O)N,FC(F)(F)c1ccc(C=O)cc1,CC(=O)CC(=O)c1ccc(Cl)cc1,
293,CC1=C(C(NC(=O)N1)c2ccc(cc2)C(F)(F)F)C(=O)c3ccccc3,0.6,1,N,0.0,NC(=O)N,FC(F)(F)c1ccc(C=O)cc1,CC(=O)CC(=O)c1ccccc1,
294,CC1=C(C(NC(=O)N1)c2ccc(cc2)N3CCOCC3)C(=O)N4CCOCC4,0.6,0,N,0.0,NC(=O)N,O=Cc1ccc(cc1)N2CCOCC2,CC(=O)CC(=O)N1CCOCC1,C[Si](C)(C)Cl
295,CC1=C(C(NC(=O)N1)c2ccc(cc2)N3CCOCC3)C(=O)N4CCOCC4,0.6,1,N,0.0,NC(=O)N,O=Cc1ccc(cc1)N2CCOCC2,CC(=O)CC(=O)N1CCOCC1,
296,CC1=C(C(NC(=O)N1)c2ccc(cc2)N3CCOCC3)C(=O)Nc4ccc(Br)cc4,0.6,1,N,28.17,NC(=O)N,O=Cc1ccc(cc1)N2CCOCC2,CC(=O)CC(=O)Nc1ccc(Br)cc1,
297,CC1=C(C(NC(=O)N1)c2ccc(cc2)N3CCOCC3)C(=O)Nc4ccc(cc4)[N+](=O)[O-],0.9,0,N,0.0,NC(=O)N,O=Cc1ccc(cc1)N2CCOCC2,CC(=O)CC(=O)Nc1ccc(cc1)[N+](=O)[O-],
298,CC1=C(C(NC(=O)N1)c2ccc(cc2)N3CCOCC3)C(=O)Nc4cccc(c4)C(F)(F)F,0.6,0,N,0.0,NC(=O)N,O=Cc1ccc(cc1)N2CCOCC2,CC(=O)CC(=O)Nc1cccc(c1)C(F)(F)F,C[Si](C)(C)Cl
299,CC1=C(C(NC(=O)N1)c2ccc(cc2)N3CCOCC3)C(=O)Nc4cccc(c4)C(F)(F)F,0.6,1,N,18.5,NC(=O)N,O=Cc1ccc(cc1)N2CCOCC2,CC(=O)CC(=O)Nc1cccc(c1)C(F)(F)F,
300,CC1=C(C(NC(=O)N1)c2ccc(cc2)N3CCOCC3)C(=O)Nc4cccc(c4)[N+](=O)[O-],0.6,0,N,0.0,NC(=O)N,O=Cc1ccc(cc1)N2CCOCC2,CC(=O)CC(=O)Nc1cccc(c1)[N+](=O)[O-],
301,CC1=C(C(NC(=O)N1)c2ccc(cc2)N3CCOCC3)C(=O)Nc4ccccc4,0.6,0,N,0.0,NC(=O)N,O=Cc1ccc(cc1)N2CCOCC2,CC(=O)CC(=O)Nc1ccccc1,
302,CC1=C(C(NC(=O)N1)c2ccc(cc2)N3CCOCC3)C(=O)Nc4ccccc4C(F)(F)F,0.6,0,N,0.0,NC(=O)N,O=Cc1ccc(cc1)N2CCOCC2,CC(=O)CC(=O)Nc1ccccc1C(F)(F)F,
303,CC1=C(C(NC(=O)N1)c2ccc(cc2)N3CCOCC3)C(=O)c4ccc(Cl)cc4,0.6,0,N,0.0,NC(=O)N,O=Cc1ccc(cc1)N2CCOCC2,CC(=O)CC(=O)c1ccc(Cl)cc1,
304,CC1=C(C(NC(=O)N1)c2ccc(cc2)[N+](=O)[O-])C(=O)Nc3ccc(Br)cc3,0.6,1,N,0.0,NC(=O)N,[O-][N+](=O)c1ccc(C=O)cc1,CC(=O)CC(=O)Nc1ccc(Br)cc1,
305,CC1=C(C(NC(=O)N1)c2ccc(cc2)[N+](=O)[O-])C(=O)Nc3ccc(cc3)[N+](=O)[O-],0.6,0,N,0.0,NC(=O)N,[O-][N+](=O)c1ccc(C=O)cc1,CC(=O)CC(=O)Nc1ccc(cc1)[N+](=O)[O-],
306,CC1=C(C(NC(=O)N1)c2ccc(cc2)[N+](=O)[O-])C(=O)Nc3cccc(c3)C(F)(F)F,0.6,1,N,0.0,NC(=O)N,[O-][N+](=O)c1ccc(C=O)cc1,CC(=O)CC(=O)Nc1cccc(c1)C(F)(F)F,
307,CC1=C(C(NC(=O)N1)c2ccc(cc2)[N+](=O)[O-])C(=O)Nc3cccc(c3)[N+](=O)[O-],0.6,1,N,0.0,NC(=O)N,[O-][N+](=O)c1ccc(C=O)cc1,CC(=O)CC(=O)Nc1cccc(c1)[N+](=O)[O-],
308,CC1=C(C(NC(=O)N1)c2ccc(cc2)[N+](=O)[O-])C(=O)Nc3ccccc3,0.6,1,N,0.0,NC(=O)N,[O-][N+](=O)c1ccc(C=O)cc1,CC(=O)CC(=O)Nc1ccccc1,
309,CC1=C(C(NC(=O)N1)c2ccc(cc2)[N+](=O)[O-])C(=O)Nc3ccccc3C(F)(F)F,0.6,0,N,0.0,NC(=O)N,[O-][N+](=O)c1ccc(C=O)cc1,CC(=O)CC(=O)Nc1ccccc1C(F)(F)F,
310,CC1=C(C(NC(=O)N1)c2ccc(cc2)[N+](=O)[O-])C(=O)c3ccc(Cl)cc3,0.6,1,N,0.0,NC(=O)N,[O-][N+](=O)c1ccc(C=O)cc1,CC(=O)CC(=O)c1ccc(Cl)cc1,
311,CC1=C(C(NC(=O)N1)c2ccc(cc2)c3ccccc3)C(=O)N4CCOCC4,0.6,1,N,0.0,NC(=O)N,O=Cc1ccc(cc1)c2ccccc2,CC(=O)CC(=O)N1CCOCC1,
312,CC1=C(C(NC(=O)N1)c2ccc(cc2)c3ccccc3)C(=O)N4CCOCC4,0.6,1,N,98.33,NC(=O)N,O=Cc1ccc(cc1)c2ccccc2,CC(=O)CC(=O)N1CCOCC1,C[Si](C)(C)Cl
313,CC1=C(C(NC(=O)N1)c2ccc(cc2)c3ccccc3)C(=O)Nc4cc(C)on4,0.6,0,N,0.0,NC(=O)N,O=Cc1ccc(cc1)c2ccccc2,CC(=O)CC(=O)Nc1cc(C)on1,C[Si](C)(C)Cl
314,CC1=C(C(NC(=O)N1)c2ccc(cc2)c3ccccc3)C(=O)Nc4ccc(Br)cc4,0.6,0,N,0.0,NC(=O)N,O=Cc1ccc(cc1)c2ccccc2,CC(=O)CC(=O)Nc1ccc(Br)cc1,
315,CC1=C(C(NC(=O)N1)c2ccc(cc2)c3ccccc3)C(=O)Nc4ccc(cc4)[N+](=O)[O-],0.6,1,N,0.0,NC(=O)N,O=Cc1ccc(cc1)c2ccccc2,CC(=O)CC(=O)Nc1ccc(cc1)[N+](=O)[O-],
316,CC1=C(C(NC(=O)N1)c2ccc(cc2)c3ccccc3)C(=O)Nc4cccc(c4)C(F)(F)F,0.6,1,N,0.0,NC(=O)N,O=Cc1ccc(cc1)c2ccccc2,CC(=O)CC(=O)Nc1cccc(c1)C(F)(F)F,
317,CC1=C(C(NC(=O)N1)c2ccc(cc2)c3ccccc3)C(=O)Nc4ccccc4C,0.6,0,N,0.0,NC(=O)N,O=Cc1ccc(cc1)c2ccccc2,CC(=O)CC(=O)Nc1ccccc1C,C[Si](C)(C)Cl
318,CC1=C(C(NC(=O)N1)c2ccc(cc2)c3ccccc3)C(=O)Nc4ccccc4C,0.6,0,N,0.0,NC(=O)N,O=Cc1ccc(cc1)c2ccccc2,CC(=O)CC(=O)Nc1ccccc1C,C[Si](C)(C)Cl
319,CC1=C(C(NC(=O)N1)c2ccc(cc2)c3ccccc3)C(=O)Nc4ccccc4C,0.6,0,N,0.0,NC(=O)N,O=Cc1ccc(cc1)c2ccccc2,CC(=O)CC(=O)Nc1ccccc1C,C[Si](C)(C)Cl
320,CC1=C(C(NC(=O)N1)c2ccc(cc2)c3ccccc3)C(=O)Nc4ccccc4C,0.6,0,N,0.0,NC(=O)N,O=Cc1ccc(cc1)c2ccccc2,CC(=O)CC(=O)Nc1ccccc1C,C[Si](C)(C)Cl
321,CC1=C(C(NC(=O)N1)c2ccc(cc2)c3ccccc3)C(=O)Nc4ccccc4C(F)(F)F,0.6,0,N,0.0,NC(=O)N,O=Cc1ccc(cc1)c2ccccc2,CC(=O)CC(=O)Nc1ccccc1C(F)(F)F,C[Si](C)(C)Cl
322,CC1=C(C(NC(=O)N1)c2ccc(cc2)c3ccccc3)C(=O)Nc4ccccc4C(F)(F)F,0.6,1,N,0.0,NC(=O)N,O=Cc1ccc(cc1)c2ccccc2,CC(=O)CC(=O)Nc1ccccc1C(F)(F)F,
323,CC1=C(C(NC(=O)N1)c2ccc(cc2)c3ccccc3)C(=O)Nc4ccccc4F,0.6,1,N,22.5,NC(=O)N,O=Cc1ccc(cc1)c2ccccc2,CC(=O)CC(=O)Nc1ccccc1F,C[Si](C)(C)Cl
324,CC1=C(C(NC(=O)N1)c2ccc(cc2)c3ccccc3)C(=O)Nc4ccccc4F,0.6,0,N,0.0,NC(=O)N,O=Cc1ccc(cc1)c2ccccc2,CC(=O)CC(=O)Nc1ccccc1F,
325,CC1=C(C(NC(=O)N1)c2ccc(cc2)c3ccccc3)C(=O)c4ccc(Cl)cc4,0.6,0,N,0.0,NC(=O)N,O=Cc1ccc(cc1)c2ccccc2,CC(=O)CC(=O)c1ccc(Cl)cc1,
326,CC1=C(C(NC(=O)N1)c2ccc(cc2)c3ccccc3)C(=O)c4ccccc4,0.6,0,N,0.0,,,,C[Si](C)(C)Cl
327,CC1=C(C(NC(=O)N1)c2ccc(cc2)c3ccccc3)C(=O)c4ccccc4,0.6,0,N,0.0,NC(=O)N,O=Cc1ccc(cc1)c2ccccc2,CC(=O)CC(=O)c1ccccc1,C[Si](C)(C)Cl
328,CC1=C(C(NC(=O)N1)c2ccc(cc2)c3ccccc3)C(=O)c4ccccc4,0.6,0,N,0.0,NC(=O)N,O=Cc1ccc(cc1)c2ccccc2,CC(=O)CC(=O)c1ccccc1,
329,CC1=C(C(NC(=O)N1)c2ccc(s2)c3ccccc3)C(=O)Nc4cc(C)on4,0.6,0,N,0.0,NC(=O)N,O=Cc1ccc(s1)c2ccccc2,CC(=O)CC(=O)Nc1cc(C)on1,C[Si](C)(C)Cl
330,CC1=C(C(NC(=O)N1)c2ccc(s2)c3ccccc3)C(=O)Nc4cc(C)on4,0.6,0,N,0.0,NC(=O)N,O=Cc1ccc(s1)c2ccccc2,CC(=O)CC(=O)Nc1cc(C)on1,C[Si](C)(C)Cl
331,CC1=C(C(NC(=O)N1)c2ccc(s2)c3ccccc3)C(=O)Nc4cc(C)on4,0.6,0,N,0.0,NC(=O)N,O=Cc1ccc(s1)c2ccccc2,CC(=O)CC(=O)Nc1cc(C)on1,C[Si](C)(C)Cl
332,CC1=C(C(NC(=O)N1)c2ccc3ccccc3c2)C(=O)Nc4ccccc4C(F)(F)F,0.6,1,N,12.5,NC(=O)N,O=Cc1ccc2ccccc2c1,CC(=O)CC(=O)Nc1ccccc1C(F)(F)F,C[Si](C)(C)Cl
333,CC1=C(C(NC(=O)N1)c2ccc3ccccc3c2)C(=O)Nc4ccccc4C(F)(F)F,0.6,0,N,0.0,NC(=O)N,O=Cc1ccc2ccccc2c1,CC(=O)CC(=O)Nc1ccccc1C(F)(F)F,C[Si](C)(C)Cl
334,CC1=C(C(NC(=O)N1)c2ccc3ccccc3c2)C(=O)Nc4ccccc4C(F)(F)F,0.6,0,N,0.0,NC(=O)N,O=Cc1ccc2ccccc2c1,CC(=O)CC(=O)Nc1ccccc1C(F)(F)F,C[Si](C)(C)Cl
335,CC1=C(C(NC(=O)N1)c2ccc3ccccc3c2)C(=O)Nc4ccccc4C(F)(F)F,0.6,0,N,0.0,NC(=O)N,O=Cc1ccc2ccccc2c1,CC(=O)CC(=O)Nc1ccccc1C(F)(F)F,C[Si](C)(C)Cl
336,CC1=C(C(NC(=O)N1)c2cccc(Br)c2)C(=O)N3CCOCC3,0.6,0,N,0.0,NC(=O)N,Brc1cccc(C=O)c1,CC(=O)CC(=O)N1CCOCC1,C[Si](C)(C)Cl
337,CC1=C(C(NC(=O)N1)c2cccc(Br)c2)C(=O)N3CCOCC3,0.6,1,N,0.0,NC(=O)N,Brc1cccc(C=O)c1,CC(=O)CC(=O)N1CCOCC1,
338,CC1=C(C(NC(=O)N1)c2cccc(Br)c2)C(=O)N3CCOCC3,0.6,0,N,0.0,NC(=O)N,Brc1cccc(C=O)c1,CC(=O)CC(=O)N1CCOCC1,C[Si](C)(C)Cl
339,CC1=C(C(NC(=O)N1)c2cccc(Br)c2)C(=O)Nc3ccc(cc3)[N+](=O)[O-],0.6,1,N,0.0,NC(=O)N,Brc1cccc(C=O)c1,CC(=O)CC(=O)Nc1ccc(cc1)[N+](=O)[O-],
340,CC1=C(C(NC(=O)N1)c2cccc(Br)c2)C(=O)Nc3cccc(c3)C(F)(F)F,0.6,0,N,0.0,NC(=O)N,Brc1cccc(C=O)c1,CC(=O)CC(=O)Nc1cccc(c1)C(F)(F)F,
341,CC1=C(C(NC(=O)N1)c2cccc(Br)c2)C(=O)Nc3cccc(c3)[N+](=O)[O-],0.6,1,N,8.33,NC(=O)N,Brc1cccc(C=O)c1,CC(=O)CC(=O)Nc1cccc(c1)[N+](=O)[O-],C[Si](C)(C)Cl
342,CC1=C(C(NC(=O)N1)c2cccc(Br)c2)C(=O)Nc3cccc(c3)[N+](=O)[O-],0.6,1,N,16.33,NC(=O)N,Brc1cccc(C=O)c1,CC(=O)CC(=O)Nc1cccc(c1)[N+](=O)[O-],
343,CC1=C(C(NC(=O)N1)c2cccc(Br)c2)C(=O)Nc3ccccc3,0.6,1,N,0.0,NC(=O)N,Brc1cccc(C=O)c1,CC(=O)CC(=O)Nc1ccccc1,
344,CC1=C(C(NC(=O)N1)c2cccc(Br)c2)C(=O)Nc3ccccc3C(F)(F)F,1.0,0,N,0.0,NC(=O)N,Brc1cccc(C=O)c1,CC(=O)CC(=O)Nc1ccccc1C(F)(F)F,
345,CC1=C(C(NC(=O)N1)c2cccc(Br)c2)C(=O)c3ccccc3,0.6,1,N,0.0,NC(=O)N,Brc1cccc(C=O)c1,CC(=O)CC(=O)c1ccccc1,
346,CC1=C(C(NC(=O)N1)c2cccc(C#N)c2)C(=O)Nc3cc(C)on3,0.6,1,N,3.67,NC(=O)N,O=Cc1cccc(C#N)c1,CC(=O)CC(=O)Nc1cc(C)on1,C[Si](C)(C)Cl
347,CC1=C(C(NC(=O)N1)c2cccc(C#N)c2)C(=O)Nc3ccc(Cl)cc3,0.6,0,N,0.0,NC(=O)N,O=Cc1cccc(C#N)c1,CC(=O)CC(=O)Nc1ccc(Cl)cc1,C[Si](C)(C)Cl
348,CC1=C(C(NC(=O)N1)c2cccc(C)c2)C(=O)N3CCOCC3,0.6,0,N,0.0,NC(=O)N,Cc1cccc(C=O)c1,CC(=O)CC(=O)N1CCOCC1,C[Si](C)(C)Cl
349,CC1=C(C(NC(=O)N1)c2cccc(C)c2)C(=O)Nc3ccc(Br)cc3,0.6,0,N,0.0,NC(=O)N,Cc1cccc(C=O)c1,CC(=O)CC(=O)Nc1ccc(Br)cc1,
350,CC1=C(C(NC(=O)N1)c2cccc(C)c2)C(=O)Nc3ccc(Cl)cc3,0.6,0,N,0.0,NC(=O)N,Cc1cccc(C=O)c1,CC(=O)CC(=O)Nc1ccc(Cl)cc1,
351,CC1=C(C(NC(=O)N1)c2cccc(C)c2)C(=O)Nc3ccc(cc3)[N+](=O)[O-],0.6,1,N,0.0,NC(=O)N,Cc1cccc(C=O)c1,CC(=O)CC(=O)Nc1ccc(cc1)[N+](=O)[O-],
352,CC1=C(C(NC(=O)N1)c2cccc(C)c2)C(=O)Nc3cccc(c3)C(F)(F)F,0.6,1,N,0.0,NC(=O)N,Cc1cccc(C=O)c1,CC(=O)CC(=O)Nc1cccc(c1)C(F)(F)F,
353,CC1=C(C(NC(=O)N1)c2cccc(C)c2)C(=O)Nc3cccc(c3)[N+](=O)[O-],0.6,0,N,0.0,NC(=O)N,Cc1cccc(C=O)c1,CC(=O)CC(=O)Nc1cccc(c1)[N+](=O)[O-],
354,CC1=C(C(NC(=O)N1)c2cccc(C)c2)C(=O)Nc3ccccc3,0.6,0,N,0.0,NC(=O)N,Cc1cccc(C=O)c1,CC(=O)CC(=O)Nc1ccccc1,
355,CC1=C(C(NC(=O)N1)c2cccc(C)c2)C(=O)Nc3ccccc3C(F)(F)F,0.6,1,N,0.0,NC(=O)N,Cc1cccc(C=O)c1,CC(=O)CC(=O)Nc1ccccc1C(F)(F)F,
356,CC1=C(C(NC(=O)N1)c2cccc(C)c2)C(=O)Nc3ccccc3C(F)(F)F,0.6,0,N,0.0,NC(=O)N,Cc1cccc(C=O)c1,CC(=O)CC(=O)Nc1ccccc1C(F)(F)F,C[Si](C)(C)Cl
357,CC1=C(C(NC(=O)N1)c2cccc(C)c2)C(=O)c3ccc(Cl)cc3,0.6,0,N,0.0,NC(=O)N,Cc1cccc(C=O)c1,CC(=O)CC(=O)c1ccc(Cl)cc1,
358,CC1=C(C(NC(=O)N1)c2cccc(Cl)c2)C(=O)N3CCOCC3,0.6,0,N,0.0,NC(=O)N,Clc1cccc(C=O)c1,CC(=O)CC(=O)N1CCOCC1,
359,CC1=C(C(NC(=O)N1)c2cccc(Cl)c2)C(=O)Nc3ccc(C)c(Cl)c3,1.0,0,N,0.0,NC(=O)N,Clc1cccc(C=O)c1,CC(=O)CC(=O)Nc1ccc(C)c(Cl)c1,
360,CC1=C(C(NC(=O)N1)c2cccc(Cl)c2)C(=O)Nc3ccc(cc3)[N+](=O)[O-],0.6,1,N,0.0,NC(=O)N,Clc1cccc(C=O)c1,CC(=O)CC(=O)Nc1ccc(cc1)[N+](=O)[O-],
361,CC1=C(C(NC(=O)N1)c2cccc(Cl)c2)C(=O)Nc3cccc(c3)C(F)(F)F,0.5,1,N,35.8,NC(=O)N,Clc1cccc(C=O)c1,CC(=O)CC(=O)Nc1cccc(c1)C(F)(F)F,C[Si](C)(C)Cl
362,CC1=C(C(NC(=O)N1)c2cccc(Cl)c2)C(=O)Nc3cccc(c3)C(F)(F)F,0.6,1,N,0.0,NC(=O)N,Clc1cccc(C=O)c1,CC(=O)CC(=O)Nc1cccc(c1)C(F)(F)F,
363,CC1=C(C(NC(=O)N1)c2cccc(Cl)c2)C(=O)Nc3cccc(c3)[N+](=O)[O-],0.6,0,N,0.0,NC(=O)N,Clc1cccc(C=O)c1,CC(=O)CC(=O)Nc1cccc(c1)[N+](=O)[O-],
364,CC1=C(C(NC(=O)N1)c2cccc(Cl)c2)C(=O)Nc3ccccc3,0.6,1,N,0.0,NC(=O)N,Clc1cccc(C=O)c1,CC(=O)CC(=O)Nc1ccccc1,
365,CC1=C(C(NC(=O)N1)c2cccc(Cl)c2)C(=O)c3ccc(Cl)cc3,0.6,1,N,50.83,NC(=O)N,Clc1cccc(C=O)c1,CC(=O)CC(=O)c1ccc(Cl)cc1,
366,CC1=C(C(NC(=O)N1)c2cccc(Cl)c2)C(=O)c3ccccc3,0.6,1,N,0.0,NC(=O)N,Clc1cccc(C=O)c1,CC(=O)CC(=O)c1ccccc1,
367,CC1=C(C(NC(=O)N1)c2cccc(Cl)c2Cl)C(=O)Nc3ccc(cc3)[N+](=O)[O-],0.6,1,N,0.0,NC(=O)N,Clc1cccc(C=O)c1Cl,CC(=O)CC(=O)Nc1ccc(cc1)[N+](=O)[O-],
368,CC1=C(C(NC(=O)N1)c2cccc(Cl)c2Cl)C(=O)Nc3cccc(c3)C(F)(F)F,0.6,1,N,0.0,NC(=O)N,Clc1cccc(C=O)c1Cl,CC(=O)CC(=O)Nc1cccc(c1)C(F)(F)F,
369,CC1=C(C(NC(=O)N1)c2cccc(Cl)c2Cl)C(=O)c3ccc(Cl)cc3,0.6,1,N,0.0,NC(=O)N,Clc1cccc(C=O)c1Cl,CC(=O)CC(=O)c1ccc(Cl)cc1,
370,CC1=C(C(NC(=O)N1)c2cccc(Cl)c2Cl)C(=O)c3ccccc3,0.6,1,N,0.0,NC(=O)N,Clc1cccc(C=O)c1Cl,CC(=O)CC(=O)c1ccccc1,
371,CC1=C(C(NC(=O)N1)c2cccc(F)c2)C(=O)Nc3ccc(Br)cc3,0.6,0,N,0.0,NC(=O)N,Fc1cccc(C=O)c1,CC(=O)CC(=O)Nc1ccc(Br)cc1,
372,CC1=C(C(NC(=O)N1)c2cccc(F)c2)C(=O)Nc3ccc(OC(F)(F)F)cc3,0.6,1,N,20.67,NC(=O)N,Fc1cccc(C=O)c1,CC(=O)CC(=O)Nc1ccc(OC(F)(F)F)cc1,C[Si](C)(C)Cl
373,CC1=C(C(NC(=O)N1)c2cccc(F)c2)C(=O)Nc3ccc(cc3)[N+](=O)[O-],0.6,1,N,0.0,NC(=O)N,Fc1cccc(C=O)c1,CC(=O)CC(=O)Nc1ccc(cc1)[N+](=O)[O-],
374,CC1=C(C(NC(=O)N1)c2cccc(F)c2)C(=O)Nc3cccc(c3)C(F)(F)F,1.0,0,N,0.0,NC(=O)N,Fc1cccc(C=O)c1,CC(=O)CC(=O)Nc1cccc(c1)C(F)(F)F,
375,CC1=C(C(NC(=O)N1)c2cccc(F)c2)C(=O)Nc3cccc(c3)[N+](=O)[O-],0.6,0,N,0.0,NC(=O)N,Fc1cccc(C=O)c1,CC(=O)CC(=O)Nc1cccc(c1)[N+](=O)[O-],
376,CC1=C(C(NC(=O)N1)c2cccc(F)c2)C(=O)Nc3ccccc3C(F)(F)F,0.6,1,N,0.0,NC(=O)N,Fc1cccc(C=O)c1,CC(=O)CC(=O)Nc1ccccc1C(F)(F)F,
377,CC1=C(C(NC(=O)N1)c2cccc(F)c2)C(=O)c3ccc(Cl)cc3,0.6,1,N,0.0,NC(=O)N,Fc1cccc(C=O)c1,CC(=O)CC(=O)c1ccc(Cl)cc1,
378,CC1=C(C(NC(=O)N1)c2cccc(F)c2)C(=O)c3ccccc3,0.6,1,N,0.0,NC(=O)N,Fc1cccc(C=O)c1,CC(=O)CC(=O)c1ccccc1,
379,CC1=C(C(NC(=O)N1)c2cccc(OCC=C)c2)C(=O)N3CCOCC3,0.6,0,N,0.0,NC(=O)N,C=CCOc1cccc(C=O)c1,CC(=O)CC(=O)N1CCOCC1,C[Si](C)(C)Cl
380,CC1=C(C(NC(=O)N1)c2cccc(OCc3ccccc3)c2)C(=O)N4CCOCC4,0.6,1,N,0.0,NC(=O)N,O=Cc1cccc(OCc2ccccc2)c1,CC(=O)CC(=O)N1CCOCC1,
381,CC1=C(C(NC(=O)N1)c2cccc(OCc3ccccc3)c2)C(=O)Nc4ccc(cc4)[N+](=O)[O-],0.6,1,N,0.0,NC(=O)N,O=Cc1cccc(OCc2ccccc2)c1,CC(=O)CC(=O)Nc1ccc(cc1)[N+](=O)[O-],
382,CC1=C(C(NC(=O)N1)c2cccc(OCc3ccccc3)c2)C(=O)Nc4ccc(cc4)[N+](=O)[O-],0.6,0,N,0.0,NC(=O)N,O=Cc1cccc(OCc2ccccc2)c1,CC(=O)CC(=O)Nc1ccc(cc1)[N+](=O)[O-],C[Si](C)(C)Cl
383,CC1=C(C(NC(=O)N1)c2cccc(OCc3ccccc3)c2)C(=O)Nc4ccc(cc4)[N+](=O)[O-],0.6,0,N,0.0,NC(=O)N,O=Cc1cccc(OCc2ccccc2)c1,CC(=O)CC(=O)Nc1ccc(cc1)[N+](=O)[O-],C[Si](C)(C)Cl
384,CC1=C(C(NC(=O)N1)c2cccc(OCc3ccccc3)c2)C(=O)Nc4cccc(c4)C(F)(F)F,0.6,0,N,0.0,NC(=O)N,O=Cc1cccc(OCc2ccccc2)c1,CC(=O)CC(=O)Nc1cccc(c1)C(F)(F)F,
385,CC1=C(C(NC(=O)N1)c2cccc(OCc3ccccc3)c2)C(=O)Nc4ccccc4C(F)(F)F,0.6,1,N,0.0,NC(=O)N,O=Cc1cccc(OCc2ccccc2)c1,CC(=O)CC(=O)Nc1ccccc1C(F)(F)F,
386,CC1=C(C(NC(=O)N1)c2cccc(OCc3ccccc3)c2)C(=O)Nc4ccccc4C(F)(F)F,0.5,0,N,0.0,NC(=O)N,O=Cc1cccc(OCc2ccccc2)c1,CC(=O)CC(=O)Nc1ccccc1C(F)(F)F,C[Si](C)(C)Cl
387,CC1=C(C(NC(=O)N1)c2cccc(OCc3ccccc3)c2)C(=O)c4ccc(Cl)cc4,0.6,1,N,0.0,NC(=O)N,O=Cc1cccc(OCc2ccccc2)c1,CC(=O)CC(=O)c1ccc(Cl)cc1,
388,CC1=C(C(NC(=O)N1)c2cccc(OCc3ccccc3)c2)C(=O)c4ccccc4,0.6,1,N,0.0,NC(=O)N,O=Cc1cccc(OCc2ccccc2)c1,CC(=O)CC(=O)c1ccccc1,
389,CC1=C(C(NC(=O)N1)c2cccc(Oc3ccc(Cl)cc3)c2)C(=O)N4CCOCC4,0.6,0,N,0.0,NC(=O)N,Clc1ccc(Oc2cccc(C=O)c2)cc1,CC(=O)CC(=O)N1CCOCC1,
390,CC1=C(C(NC(=O)N1)c2cccc(Oc3ccc(Cl)cc3)c2)C(=O)Nc4ccc(cc4)[N+](=O)[O-],1.0,1,N,0.0,NC(=O)N,Clc1ccc(Oc2cccc(C=O)c2)cc1,CC(=O)CC(=O)Nc1ccc(cc1)[N+](=O)[O-],
391,CC1=C(C(NC(=O)N1)c2cccc(Oc3ccc(Cl)cc3)c2)C(=O)c4ccc(Cl)cc4,0.6,1,N,0.0,NC(=O)N,Clc1ccc(Oc2cccc(C=O)c2)cc1,CC(=O)CC(=O)c1ccc(Cl)cc1,
392,CC1=C(C(NC(=O)N1)c2cccc(c2)C(F)(F)F)C(=O)Nc3cc(C)on3,0.6,1,N,89.0,NC(=O)N,FC(F)(F)c1cccc(C=O)c1,CC(=O)CC(=O)Nc1cc(C)on1,C[Si](C)(C)Cl
393,CC1=C(C(NC(=O)N1)c2cccc(c2)C(F)(F)F)C(=O)Nc3ccc(Br)cc3,0.6,0,N,0.0,NC(=O)N,FC(F)(F)c1cccc(C=O)c1,CC(=O)CC(=O)Nc1ccc(Br)cc1,
394,CC1=C(C(NC(=O)N1)c2cccc(c2)C(F)(F)F)C(=O)Nc3ccc(cc3)[N+](=O)[O-],0.6,1,N,0.0,NC(=O)N,FC(F)(F)c1cccc(C=O)c1,CC(=O)CC(=O)Nc1ccc(cc1)[N+](=O)[O-],
395,CC1=C(C(NC(=O)N1)c2cccc(c2)C(F)(F)F)C(=O)Nc3cccc(c3)C(F)(F)F,0.6,1,N,0.0,NC(=O)N,FC(F)(F)c1cccc(C=O)c1,CC(=O)CC(=O)Nc1cccc(c1)C(F)(F)F,
396,CC1=C(C(NC(=O)N1)c2cccc(c2)C(F)(F)F)C(=O)Nc3cccc(c3)C(F)(F)F,0.6,0,N,0.0,NC(=O)N,FC(F)(F)c1cccc(C=O)c1,CC(=O)CC(=O)Nc1cccc(c1)C(F)(F)F,C[Si](C)(C)Cl
397,CC1=C(C(NC(=O)N1)c2cccc(c2)C(F)(F)F)C(=O)Nc3cccc(c3)[N+](=O)[O-],0.6,1,N,0.0,NC(=O)N,FC(F)(F)c1cccc(C=O)c1,CC(=O)CC(=O)Nc1cccc(c1)[N+](=O)[O-],
398,CC1=C(C(NC(=O)N1)c2cccc(c2)C(F)(F)F)C(=O)Nc3ccccc3,0.6,1,N,50.5,NC(=O)N,FC(F)(F)c1cccc(C=O)c1,CC(=O)CC(=O)Nc1ccccc1,C[Si](C)(C)Cl
399,CC1=C(C(NC(=O)N1)c2cccc(c2)C(F)(F)F)C(=O)Nc3ccccc3C(F)(F)F,0.6,0,N,0.0,NC(=O)N,FC(F)(F)c1cccc(C=O)c1,CC(=O)CC(=O)Nc1ccccc1C(F)(F)F,
400,CC1=C(C(NC(=O)N1)c2cccc(c2)C(F)(F)F)C(=O)c3ccc(Cl)cc3,0.6,1,N,0.0,NC(=O)N,FC(F)(F)c1cccc(C=O)c1,CC(=O)CC(=O)c1ccc(Cl)cc1,
401,CC1=C(C(NC(=O)N1)c2cccc(c2)[N+](=O)[O-])C(=O)N3CCOCC3,0.6,1,N,2.5,NC(=O)N,[O-][N+](=O)c1cccc(C=O)c1,CC(=O)CC(=O)N1CCOCC1,C[Si](C)(C)Cl
402,CC1=C(C(NC(=O)N1)c2cccc(c2)[N+](=O)[O-])C(=O)N3CCOCC3,0.6,1,N,0.0,NC(=O)N,[O-][N+](=O)c1cccc(C=O)c1,CC(=O)CC(=O)N1CCOCC1,
403,CC1=C(C(NC(=O)N1)c2cccc(c2)[N+](=O)[O-])C(=O)N3CCOCC3,0.6,0,N,0.0,NC(=O)N,[O-][N+](=O)c1cccc(C=O)c1,CC(=O)CC(=O)N1CCOCC1,C[Si](C)(C)Cl
404,CC1=C(C(NC(=O)N1)c2cccc(c2)[N+](=O)[O-])C(=O)N3CCOCC3,0.6,0,N,0.0,NC(=O)N,[O-][N+](=O)c1cccc(C=O)c1,CC(=O)CC(=O)N1CCOCC1,C[Si](C)(C)Cl
405,CC1=C(C(NC(=O)N1)c2cccc(c2)[N+](=O)[O-])C(=O)Nc3ccc(Br)cc3,0.6,0,N,0.0,NC(=O)N,[O-][N+](=O)c1cccc(C=O)c1,CC(=O)CC(=O)Nc1ccc(Br)cc1,
406,CC1=C(C(NC(=O)N1)c2cccc(c2)[N+](=O)[O-])C(=O)Nc3ccc(cc3)[N+](=O)[O-],0.6,0,N,0.0,NC(=O)N,[O-][N+](=O)c1cccc(C=O)c1,CC(=O)CC(=O)Nc1ccc(cc1)[N+](=O)[O-],
407,CC1=C(C(NC(=O)N1)c2cccc(c2)[N+](=O)[O-])C(=O)Nc3cccc(Cl)c3,0.6,0,N,0.0,NC(=O)N,[O-][N+](=O)c1cccc(C=O)c1,CC(=O)CC(=O)Nc1cccc(Cl)c1,
408,CC1=C(C(NC(=O)N1)c2cccc(c2)[N+](=O)[O-])C(=O)Nc3cccc(c3)C(F)(F)F,0.6,1,N,0.0,NC(=O)N,[O-][N+](=O)c1cccc(C=O)c1,CC(=O)CC(=O)Nc1cccc(c1)C(F)(F)F,
409,CC1=C(C(NC(=O)N1)c2cccc(c2)[N+](=O)[O-])C(=O)Nc3ccccc3C(F)(F)F,0.6,0,N,0.0,NC(=O)N,[O-][N+](=O)c1cccc(C=O)c1,CC(=O)CC(=O)Nc1ccccc1C(F)(F)F,
410,CC1=C(C(NC(=O)N1)c2cccc3ccccc23)C(=O)Nc4cccc(Cl)c4C,0.6,0,N,0.0,NC(=O)N,O=Cc1cccc2ccccc12,CC(=O)CC(=O)Nc1cccc(Cl)c1C,
411,CC1=C(C(NC(=O)N1)c2ccccc2)C(=O)N3CCOCC3,0.6,1,N,0.0,NC(=O)N,O=Cc1ccccc1,CC(=O)CC(=O)N1CCOCC1,
412,CC1=C(C(NC(=O)N1)c2ccccc2)C(=O)Nc3ccc(Br)cc3,0.6,0,N,0.0,NC(=O)N,O=Cc1ccccc1,CC(=O)CC(=O)Nc1ccc(Br)cc1,
413,CC1=C(C(NC(=O)N1)c2ccccc2)C(=O)Nc3ccc(C)cc3C,0.6,0,N,0.0,NC(=O)N,O=Cc1ccccc1,CC(=O)CC(=O)Nc1ccc(C)cc1C,
414,CC1=C(C(NC(=O)N1)c2ccccc2)C(=O)Nc3ccc(F)c(F)c3,0.6,0,N,0.0,NC(=O)N,O=Cc1ccccc1,CC(=O)CC(=O)Nc1ccc(F)c(F)c1,
415,CC1=C(C(NC(=O)N1)c2ccccc2)C(=O)Nc3cccc(Cl)c3,0.6,1,N,0.0,NC(=O)N,O=Cc1ccccc1,CC(=O)CC(=O)Nc1cccc(Cl)c1,
416,CC1=C(C(NC(=O)N1)c2ccccc2)C(=O)Nc3cccc(c3)C(F)(F)F,0.6,0,N,0.0,NC(=O)N,O=Cc1ccccc1,CC(=O)CC(=O)Nc1cccc(c1)C(F)(F)F,C[Si](C)(C)Cl
417,CC1=C(C(NC(=O)N1)c2ccccc2)C(=O)Nc3cccc(c3)C(F)(F)F,0.9,0,N,0.0,NC(=O)N,O=Cc1ccccc1,CC(=O)CC(=O)Nc1cccc(c1)C(F)(F)F,
418,CC1=C(C(NC(=O)N1)c2ccccc2)C(=O)Nc3ccccc3C(F)(F)F,0.6,0,N,0.0,NC(=O)N,O=Cc1ccccc1,CC(=O)CC(=O)Nc1ccccc1C(F)(F)F,
419,CC1=C(C(NC(=O)N1)c2ccccc2)C(=O)c3ccc(Cl)cc3,0.6,1,N,0.0,NC(=O)N,O=Cc1ccccc1,CC(=O)CC(=O)c1ccc(Cl)cc1,
420,CC1=C(C(NC(=O)N1)c2ccccc2Br)C(=O)N3CCOCC3,0.6,0,N,0.0,NC(=O)N,Brc1ccccc1C=O,CC(=O)CC(=O)N1CCOCC1,C[Si](C)(C)Cl
421,CC1=C(C(NC(=O)N1)c2ccccc2Br)C(=O)N3CCOCC3,0.6,0,N,0.0,NC(=O)N,Brc1ccccc1C=O,CC(=O)CC(=O)N1CCOCC1,
422,CC1=C(C(NC(=O)N1)c2ccccc2Br)C(=O)Nc3ccc(Br)cc3,0.6,0,N,0.0,NC(=O)N,Brc1ccccc1C=O,CC(=O)CC(=O)Nc1ccc(Br)cc1,
423,CC1=C(C(NC(=O)N1)c2ccccc2Br)C(=O)Nc3ccc(cc3)[N+](=O)[O-],0.6,1,N,22.5,NC(=O)N,Brc1ccccc1C=O,CC(=O)CC(=O)Nc1ccc(cc1)[N+](=O)[O-],
424,CC1=C(C(NC(=O)N1)c2ccccc2Br)C(=O)Nc3cccc(c3)C(F)(F)F,1.0,1,N,0.0,NC(=O)N,Brc1ccccc1C=O,CC(=O)CC(=O)Nc1cccc(c1)C(F)(F)F,
425,CC1=C(C(NC(=O)N1)c2ccccc2Br)C(=O)Nc3ccccc3C(F)(F)F,0.6,1,N,0.0,NC(=O)N,Brc1ccccc1C=O,CC(=O)CC(=O)Nc1ccccc1C(F)(F)F,
426,CC1=C(C(NC(=O)N1)c2ccccc2Br)C(=O)c3ccc(Cl)cc3,0.6,1,N,0.0,NC(=O)N,Brc1ccccc1C=O,CC(=O)CC(=O)c1ccc(Cl)cc1,
427,CC1=C(C(NC(=O)N1)c2ccccc2Br)C(=O)c3ccccc3,0.6,1,N,0.0,NC(=O)N,Brc1ccccc1C=O,CC(=O)CC(=O)c1ccccc1,
428,CC1=C(C(NC(=O)N1)c2ccccc2C(F)(F)F)C(=O)N3CCOCC3,0.6,1,N,0.0,NC(=O)N,FC(F)(F)c1ccccc1C=O,CC(=O)CC(=O)N1CCOCC1,
429,CC1=C(C(NC(=O)N1)c2ccccc2C(F)(F)F)C(=O)Nc3cccc(c3)C(F)(F)F,0.6,1,N,0.0,NC(=O)N,FC(F)(F)c1ccccc1C=O,CC(=O)CC(=O)Nc1cccc(c1)C(F)(F)F,
430,CC1=C(C(NC(=O)N1)c2ccccc2C(F)(F)F)C(=O)Nc3cccc(c3)[N+](=O)[O-],0.6,1,N,0.0,NC(=O)N,FC(F)(F)c1ccccc1C=O,CC(=O)CC(=O)Nc1cccc(c1)[N+](=O)[O-],
431,CC1=C(C(NC(=O)N1)c2ccccc2C(F)(F)F)C(=O)Nc3ccccc3,0.6,1,N,0.0,NC(=O)N,FC(F)(F)c1ccccc1C=O,CC(=O)CC(=O)Nc1ccccc1,
432,CC1=C(C(NC(=O)N1)c2ccccc2C(F)(F)F)C(=O)Nc3ccccc3,0.6,0,N,0.0,NC(=O)N,FC(F)(F)c1ccccc1C=O,CC(=O)CC(=O)Nc1ccccc1,C[Si](C)(C)Cl
433,CC1=C(C(NC(=O)N1)c2ccccc2C(F)(F)F)C(=O)Nc3ccccc3C,0.6,0,N,0.0,NC(=O)N,FC(F)(F)c1ccccc1C=O,CC(=O)CC(=O)Nc1ccccc1C,
434,CC1=C(C(NC(=O)N1)c2ccccc2C(F)(F)F)C(=O)Nc3ccccc3C,0.6,1,N,46.67,NC(=O)N,FC(F)(F)c1ccccc1C=O,CC(=O)CC(=O)Nc1ccccc1C,C[Si](C)(C)Cl
435,CC1=C(C(NC(=O)N1)c2ccccc2C(F)(F)F)C(=O)Nc3ccccc3C(F)(F)F,0.6,1,N,0.0,NC(=O)N,FC(F)(F)c1ccccc1C=O,CC(=O)CC(=O)Nc1ccccc1C(F)(F)F,
436,CC1=C(C(NC(=O)N1)c2ccccc2C(F)(F)F)C(=O)c3ccc(Cl)cc3,0.6,1,N,0.0,NC(=O)N,FC(F)(F)c1ccccc1C=O,CC(=O)CC(=O)c1ccc(Cl)cc1,
437,CC1=C(C(NC(=O)N1)c2ccccc2C)C(=O)N3CCOCC3,0.6,0,N,0.0,NC(=O)N,Cc1ccccc1C=O,CC(=O)CC(=O)N1CCOCC1,C[Si](C)(C)Cl
438,CC1=C(C(NC(=O)N1)c2ccccc2C)C(=O)Nc3ccc(cc3)[N+](=O)[O-],0.6,0,N,0.0,NC(=O)N,Cc1ccccc1C=O,CC(=O)CC(=O)Nc1ccc(cc1)[N+](=O)[O-],
439,CC1=C(C(NC(=O)N1)c2ccccc2C)C(=O)Nc3cccc(c3)[N+](=O)[O-],0.6,0,N,0.0,NC(=O)N,Cc1ccccc1C=O,CC(=O)CC(=O)Nc1cccc(c1)[N+](=O)[O-],
440,CC1=C(C(NC(=O)N1)c2ccccc2C)C(=O)Nc3ccccc3C(F)(F)F,0.6,0,N,0.0,NC(=O)N,Cc1ccccc1C=O,CC(=O)CC(=O)Nc1ccccc1C(F)(F)F,
441,CC1=C(C(NC(=O)N1)c2ccccc2C)C(=O)c3ccccc3,0.6,0,N,0.0,NC(=O)N,Cc1ccccc1C=O,CC(=O)CC(=O)c1ccccc1,
442,CC1=C(C(NC(=O)N1)c2ccccc2Cl)C(=O)N3CCOCC3,0.6,1,N,0.0,NC(=O)N,Clc1ccccc1C=O,CC(=O)CC(=O)N1CCOCC1,
443,CC1=C(C(NC(=O)N1)c2ccccc2Cl)C(=O)Nc3ccc(C)cc3,0.6,0,N,0.0,NC(=O)N,Clc1ccccc1C=O,CC(=O)CC(=O)Nc1ccc(C)cc1,C[Si](C)(C)Cl
444,CC1=C(C(NC(=O)N1)c2ccccc2Cl)C(=O)Nc3ccc(C)cc3,0.6,0,N,0.0,NC(=O)N,Clc1ccccc1C=O,CC(=O)CC(=O)Nc1ccc(C)cc1,C[Si](C)(C)Cl
445,CC1=C(C(NC(=O)N1)c2ccccc2Cl)C(=O)Nc3ccc(cc3)[N+](=O)[O-],0.6,0,N,0.0,NC(=O)N,Clc1ccccc1C=O,CC(=O)CC(=O)Nc1ccc(cc1)[N+](=O)[O-],C[Si](C)(C)Cl
446,CC1=C(C(NC(=O)N1)c2ccccc2Cl)C(=O)Nc3cccc(c3)[N+](=O)[O-],0.6,1,N,0.0,NC(=O)N,Clc1ccccc1C=O,CC(=O)CC(=O)Nc1cccc(c1)[N+](=O)[O-],
447,CC1=C(C(NC(=O)N1)c2ccccc2Cl)C(=O)Nc3ccccc3C(F)(F)F,0.6,0,N,0.0,NC(=O)N,Clc1ccccc1C=O,CC(=O)CC(=O)Nc1ccccc1C(F)(F)F,
448,CC1=C(C(NC(=O)N1)c2ccccc2Cl)C(=O)c3ccccc3,0.6,1,N,0.0,NC(=O)N,Clc1ccccc1C=O,CC(=O)CC(=O)c1ccccc1,
449,CC1=C(C(NC(=O)N1)c2ccccc2F)C(=O)Nc3ccc(Br)cc3,0.6,0,N,0.0,NC(=O)N,Fc1ccccc1C=O,CC(=O)CC(=O)Nc1ccc(Br)cc1,
450,CC1=C(C(NC(=O)N1)c2ccccc2F)C(=O)Nc3ccc(F)c(F)c3,0.6,1,N,37.17,NC(=O)N,Fc1ccccc1C=O,CC(=O)CC(=O)Nc1ccc(F)c(F)c1,C[Si](C)(C)Cl
451,CC1=C(C(NC(=O)N1)c2ccccc2F)C(=O)Nc3ccc(cc3)[N+](=O)[O-],0.6,1,N,17.83,NC(=O)N,Fc1ccccc1C=O,CC(=O)CC(=O)Nc1ccc(cc1)[N+](=O)[O-],C[Si](C)(C)Cl
452,CC1=C(C(NC(=O)N1)c2ccccc2F)C(=O)Nc3ccc(cc3)[N+](=O)[O-],0.6,1,N,0.0,NC(=O)N,Fc1ccccc1C=O,CC(=O)CC(=O)Nc1ccc(cc1)[N+](=O)[O-],
453,CC1=C(C(NC(=O)N1)c2ccccc2F)C(=O)Nc3cccc(Cl)c3,0.6,1,N,0.0,NC(=O)N,Fc1ccccc1C=O,CC(=O)CC(=O)Nc1cccc(Cl)c1,C[Si](C)(C)Cl
454,CC1=C(C(NC(=O)N1)c2ccccc2F)C(=O)Nc3cccc(c3)C(F)(F)F,0.6,1,N,0.0,NC(=O)N,Fc1ccccc1C=O,CC(=O)CC(=O)Nc1cccc(c1)C(F)(F)F,
455,CC1=C(C(NC(=O)N1)c2ccccc2F)C(=O)Nc3cccc(c3)[N+](=O)[O-],0.6,0,N,0.0,NC(=O)N,Fc1ccccc1C=O,CC(=O)CC(=O)Nc1cccc(c1)[N+](=O)[O-],C[Si](C)(C)Cl
456,CC1=C(C(NC(=O)N1)c2ccccc2F)C(=O)Nc3cccc(c3)[N+](=O)[O-],0.6,0,N,0.0,NC(=O)N,Fc1ccccc1C=O,CC(=O)CC(=O)Nc1cccc(c1)[N+](=O)[O-],
457,CC1=C(C(NC(=O)N1)c2ccccc2F)C(=O)Nc3ccccc3C(F)(F)F,0.6,1,N,0.0,NC(=O)N,Fc1ccccc1C=O,CC(=O)CC(=O)Nc1ccccc1C(F)(F)F,
458,CC1=C(C(NC(=O)N1)c2ccccc2F)C(=O)c3ccc(Cl)cc3,0.6,1,N,0.0,NC(=O)N,Fc1ccccc1C=O,CC(=O)CC(=O)c1ccc(Cl)cc1,
459,CC1=C(C(NC(=O)N1)c2ccccc2OC(F)F)C(=O)Nc3ccc(Br)cc3,0.6,1,N,0.0,NC(=O)N,FC(F)Oc1ccccc1C=O,CC(=O)CC(=O)Nc1ccc(Br)cc1,
460,CC1=C(C(NC(=O)N1)c2ccccc2OC(F)F)C(=O)Nc3cccc(c3)C(F)(F)F,1.0,1,N,0.0,NC(=O)N,FC(F)Oc1ccccc1C=O,CC(=O)CC(=O)Nc1cccc(c1)C(F)(F)F,
461,CC1=C(C(NC(=O)N1)c2ccccc2OC(F)F)C(=O)Nc3cccc(c3)[N+](=O)[O-],0.6,1,N,0.0,NC(=O)N,FC(F)Oc1ccccc1C=O,CC(=O)CC(=O)Nc1cccc(c1)[N+](=O)[O-],
462,CC1=C(C(NC(=O)N1)c2ccccc2OC(F)F)C(=O)Nc3ccccc3C(F)(F)F,0.6,1,N,0.0,NC(=O)N,FC(F)Oc1ccccc1C=O,CC(=O)CC(=O)Nc1ccccc1C(F)(F)F,
463,CC1=C(C(NC(=O)N1)c2ccccc2OC(F)F)C(=O)c3ccccc3,0.6,1,N,0.0,NC(=O)N,FC(F)Oc1ccccc1C=O,CC(=O)CC(=O)c1ccccc1,
464,CC1=C(C(NC(=O)N1)c2ccccc2[N+](=O)[O-])C(=O)N3CCOCC3,0.6,1,N,0.0,NC(=O)N,[O-][N+](=O)c1ccccc1C=O,CC(=O)CC(=O)N1CCOCC1,
465,CC1=C(C(NC(=O)N1)c2ccccc2[N+](=O)[O-])C(=O)Nc3ccc(Br)cc3,0.6,0,N,0.0,NC(=O)N,[O-][N+](=O)c1ccccc1C=O,CC(=O)CC(=O)Nc1ccc(Br)cc1,
466,CC1=C(C(NC(=O)N1)c2ccccc2[N+](=O)[O-])C(=O)Nc3cccc(c3)C(F)(F)F,0.6,1,N,23.67,NC(=O)N,[O-][N+](=O)c1ccccc1C=O,CC(=O)CC(=O)Nc1cccc(c1)C(F)(F)F,C[Si](C)(C)Cl
467,CC1=C(C(NC(=O)N1)c2ccccc2[N+](=O)[O-])C(=O)Nc3cccc(c3)[N+](=O)[O-],0.6,0,N,0.0,NC(=O)N,[O-][N+](=O)c1ccccc1C=O,CC(=O)CC(=O)Nc1cccc(c1)[N+](=O)[O-],
468,CC1=C(C(NC(=O)N1)c2ccccc2[N+](=O)[O-])C(=O)Nc3ccccc3,0.6,0,N,0.0,NC(=O)N,[O-][N+](=O)c1ccccc1C=O,CC(=O)CC(=O)Nc1ccccc1,
469,CC1=C(C(NC(=O)N1)c2ccccc2[N+](=O)[O-])C(=O)Nc3ccccc3C(F)(F)F,0.6,1,N,0.0,NC(=O)N,[O-][N+](=O)c1ccccc1C=O,CC(=O)CC(=O)Nc1ccccc1C(F)(F)F,
470,CC1=C(C(NC(=O)N1)c2ccccc2[N+](=O)[O-])C(=O)c3ccc(Cl)cc3,0.6,1,N,0.0,NC(=O)N,[O-][N+](=O)c1ccccc1C=O,CC(=O)CC(=O)c1ccc(Cl)cc1,
471,CC1=C(C(NC(=O)N1)c2ccccc2[N+](=O)[O-])C(=O)c3ccccc3,0.6,1,N,0.0,NC(=O)N,[O-][N+](=O)c1ccccc1C=O,CC(=O)CC(=O)c1ccccc1,
472,CC1=C(C(NC(=O)N1)c2cccs2)C(=O)Nc3cc(C)on3,0.6,1,N,80.67,NC(=O)N,O=Cc1cccs1,CC(=O)CC(=O)Nc1cc(C)on1,C[Si](C)(C)Cl
473,CC1=C(C(NC(=O)N1)c2cccs2)C(=O)Nc3ccccc3,0.6,0,N,0.0,NC(=O)N,O=Cc1cccs1,CC(=O)CC(=O)Nc1ccccc1,C[Si](C)(C)Cl
474,CC1=C(C(NC(=O)N1)c2cccs2)C(=O)OCc3ccccc3,0.6,1,N,61.67,NC(=O)N,O=Cc1cccs1,CC(=O)CC(=O)OCc1ccccc1,C[Si](C)(C)Cl
475,CC1=C(C(NC(=O)N1)c2ccsc2)C(=O)Nc3ccc(C)cc3,0.6,0,N,0.0,NC(=O)N,O=Cc1ccsc1,CC(=O)CC(=O)Nc1ccc(C)cc1,
476,CC1=C(C(NC(=O)N1)c2ccsc2)C(=O)Nc3ccccc3Cl,0.6,0,N,0.0,NC(=O)N,O=Cc1ccsc1,CC(=O)CC(=O)Nc1ccccc1Cl,
477,CC1=C(C(NC(=O)N1)c2sccc2C)C(=O)Nc3cccc(Cl)c3,0.6,0,N,0.0,NC(=O)N,Cc1ccsc1C=O,CC(=O)CC(=O)Nc1cccc(Cl)c1,
478,CC1=C(C(NC(=O)N1C2CC2)c3c(C)n[nH]c3C)C(=O)Nc4ccc(F)cc4,0.6,1,N,59.17,NC(=O)NC1CC1,Cc1n[nH]c(C)c1C=O,CC(=O)CC(=O)Nc1ccc(F)cc1,C[Si](C)(C)Cl
479,CC1=C(C(NC(=O)N1C2CC2)c3c(Cl)cccc3Cl)C(=O)Nc4cc(C)on4,0.6,1,N,55.17,NC(=O)NC1CC1,Clc1cccc(Cl)c1C=O,CC(=O)CC(=O)Nc1cc(C)on1,C[Si](C)(C)Cl
480,CC1=C(C(NC(=O)N1C2CC2)c3c(F)cccc3Cl)C(=O)Nc4ccccc4,0.6,0,N,0.0,NC(=O)NC1CC1,Fc1cccc(Cl)c1C=O,CC(=O)CC(=O)Nc1ccccc1,C[Si](C)(C)Cl
481,CC1=C(C(NC(=O)N1C2CC2)c3c(F)cccc3F)C(=O)N4CCOCC4,0.6,0,N,0.0,NC(=O)NC1CC1,Fc1cccc(F)c1C=O,CC(=O)CC(=O)N1CCOCC1,C[Si](C)(C)Cl
482,CC1=C(C(NC(=O)N1C2CC2)c3c(F)cccc3F)C(=O)Nc4ccccc4,0.6,0,N,0.0,NC(=O)NC1CC1,Fc1cccc(F)c1C=O,CC(=O)CC(=O)Nc1ccccc1,C[Si](C)(C)Cl
483,CC1=C(C(NC(=O)N1C2CC2)c3cc(Br)cs3)C(=O)N4CCOCC4,0.6,1,N,16.17,NC(=O)NC1CC1,Brc1csc(C=O)c1,CC(=O)CC(=O)N1CCOCC1,C[Si](C)(C)Cl
484,CC1=C(C(NC(=O)N1C2CC2)c3cc(Br)cs3)C(=O)N4CCOCC4,0.6,0,N,0.0,NC(=O)NC1CC1,Brc1csc(C=O)c1,CC(=O)CC(=O)N1CCOCC1,C[Si](C)(C)Cl
485,CC1=C(C(NC(=O)N1C2CC2)c3cc(Br)cs3)C(=O)N4CCOCC4,0.6,0,N,0.0,NC(=O)NC1CC1,Brc1csc(C=O)c1,CC(=O)CC(=O)N1CCOCC1,C[Si](C)(C)Cl
486,CC1=C(C(NC(=O)N1C2CC2)c3ccc(Br)s3)C(=O)N4CCOCC4,0.6,1,N,71.5,NC(=O)NC1CC1,Brc1ccc(C=O)s1,CC(=O)CC(=O)N1CCOCC1,C[Si](C)(C)Cl
487,CC1=C(C(NC(=O)N1C2CC2)c3ccc(C#N)cc3)C(=O)N4CCOCC4,0.6,1,N,70.5,NC(=O)NC1CC1,O=Cc1ccc(C#N)cc1,CC(=O)CC(=O)N1CCOCC1,C[Si](C)(C)Cl
488,CC1=C(C(NC(=O)N1C2CC2)c3ccc(C#N)cc3)C(=O)Nc4ccc(OC(F)(F)F)cc4,0.6,1,N,5.0,NC(=O)NC1CC1,O=Cc1ccc(C#N)cc1,CC(=O)CC(=O)Nc1ccc(OC(F)(F)F)cc1,C[Si](C)(C)Cl
489,CC1=C(C(NC(=O)N1C2CC2)c3ccc(C#N)cc3)C(=O)Nc4cccc(c4)C(F)(F)F,0.6,1,N,12.17,NC(=O)NC1CC1,O=Cc1ccc(C#N)cc1,CC(=O)CC(=O)Nc1cccc(c1)C(F)(F)F,C[Si](C)(C)Cl
490,CC1=C(C(NC(=O)N1C2CC2)c3ccc(C#N)cc3)C(=O)Nc4ccccc4C(F)(F)F,0.6,1,N,10.5,NC(=O)NC1CC1,O=Cc1ccc(C#N)cc1,CC(=O)CC(=O)Nc1ccccc1C(F)(F)F,C[Si](C)(C)Cl
491,CC1=C(C(NC(=O)N1C2CC2)c3ccc(Cl)c(Cl)c3)C(=O)Nc4cc(C)on4,0.6,1,N,26.67,NC(=O)NC1CC1,Clc1ccc(C=O)cc1Cl,CC(=O)CC(=O)Nc1cc(C)on1,C[Si](C)(C)Cl
492,CC1=C(C(NC(=O)N1C2CC2)c3ccc(Cl)cc3)C(=O)Nc4ccccc4,0.6,0,N,0.0,NC(=O)NC1CC1,Clc1ccc(C=O)cc1,CC(=O)CC(=O)Nc1ccccc1,C[Si](C)(C)Cl
493,CC1=C(C(NC(=O)N1C2CC2)c3ccc(F)c(F)c3)C(=O)N4CCOCC4,0.6,0,N,0.0,NC(=O)NC1CC1,Fc1ccc(C=O)cc1F,CC(=O)CC(=O)N1CCOCC1,C[Si](C)(C)Cl
494,CC1=C(C(NC(=O)N1C2CC2)c3ccc(F)cc3)C(=O)N4CCOCC4,0.6,1,N,20.67,NC(=O)NC1CC1,Fc1ccc(C=O)cc1,CC(=O)CC(=O)N1CCOCC1,C[Si](C)(C)Cl
495,CC1=C(C(NC(=O)N1C2CC2)c3ccc(F)cc3F)C(=O)N4CCOCC4,0.6,1,N,100.0,NC(=O)NC1CC1,Fc1ccc(C=O)c(F)c1,CC(=O)CC(=O)N1CCOCC1,C[Si](C)(C)Cl
496,CC1=C(C(NC(=O)N1C2CC2)c3ccc(F)cc3F)C(=O)N4CCOCC4,0.6,0,N,0.0,NC(=O)NC1CC1,Fc1ccc(C=O)c(F)c1,CC(=O)CC(=O)N1CCOCC1,C[Si](C)(C)Cl
497,CC1=C(C(NC(=O)N1C2CC2)c3ccc(OCC#N)cc3)C(=O)N4CCOCC4,0.6,1,N,17.5,NC(=O)NC1CC1,O=Cc1ccc(OCC#N)cc1,CC(=O)CC(=O)N1CCOCC1,C[Si](C)(C)Cl
498,CC1=C(C(NC(=O)N1C2CC2)c3ccc(OCC#N)cc3)C(=O)Nc4ccc(Cl)cc4,0.6,0,N,0.0,NC(=O)NC1CC1,O=Cc1ccc(OCC#N)cc1,CC(=O)CC(=O)Nc1ccc(Cl)cc1,C[Si](C)(C)Cl
499,CC1=C(C(NC(=O)N1C2CC2)c3ccc(OCC#N)cc3)C(=O)Nc4ccc(Cl)cc4,0.6,0,N,0.0,NC(=O)NC1CC1,O=Cc1ccc(OCC#N)cc1,CC(=O)CC(=O)Nc1ccc(Cl)cc1,C[Si](C)(C)Cl
500,CC1=C(C(NC(=O)N1C2CC2)c3ccc(OCC#N)cc3)C(=O)Nc4ccc(Cl)cc4,0.6,0,N,0.0,NC(=O)NC1CC1,O=Cc1ccc(OCC#N)cc1,CC(=O)CC(=O)Nc1ccc(Cl)cc1,C[Si](C)(C)Cl
501,CC1=C(C(NC(=O)N1C2CC2)c3ccc(OCC#N)cc3)C(=O)Nc4ccccc4,0.6,0,N,0.0,NC(=O)NC1CC1,O=Cc1ccc(OCC#N)cc1,CC(=O)CC(=O)Nc1ccccc1,C[Si](C)(C)Cl
502,CC1=C(C(NC(=O)N1C2CC2)c3ccc(OCC#N)cc3)C(=O)Nc4ccccc4,0.6,0,N,0.0,NC(=O)NC1CC1,O=Cc1ccc(OCC#N)cc1,CC(=O)CC(=O)Nc1ccccc1,C[Si](C)(C)Cl
503,CC1=C(C(NC(=O)N1C2CC2)c3ccc(OCC#N)cc3)C(=O)Nc4ccccc4,0.6,0,N,0.0,NC(=O)NC1CC1,O=Cc1ccc(OCC#N)cc1,CC(=O)CC(=O)Nc1ccccc1,C[Si](C)(C)Cl
504,CC1=C(C(NC(=O)N1C2CC2)c3ccc(OCC#N)cc3)C(=O)Nc4ccccc4C,0.6,0,N,0.0,NC(=O)NC1CC1,O=Cc1ccc(OCC#N)cc1,CC(=O)CC(=O)Nc1ccccc1C,C[Si](C)(C)Cl
505,CC1=C(C(NC(=O)N1C2CC2)c3ccc(OCC#N)cc3)C(=O)Nc4ccccc4C,0.6,0,N,0.0,NC(=O)NC1CC1,O=Cc1ccc(OCC#N)cc1,CC(=O)CC(=O)Nc1ccccc1C,C[Si](C)(C)Cl
506,CC1=C(C(NC(=O)N1C2CC2)c3ccc(cc3)[N+](=O)[O-])C(=O)N4CCOCC4,0.6,1,N,10.33,NC(=O)NC1CC1,[O-][N+](=O)c1ccc(C=O)cc1,CC(=O)CC(=O)N1CCOCC1,C[Si](C)(C)Cl
507,CC1=C(C(NC(=O)N1C2CC2)c3ccc(s3)c4ccccc4)C(=O)N5CCOCC5,0.6,1,N,74.33,NC(=O)NC1CC1,O=Cc1ccc(s1)c2ccccc2,CC(=O)CC(=O)N1CCOCC1,C[Si](C)(C)Cl
508,CC1=C(C(NC(=O)N1C2CC2)c3cccc(C#N)c3)C(=O)Nc4cc(C)on4,0.6,1,N,51.67,NC(=O)NC1CC1,O=Cc1cccc(C#N)c1,CC(=O)CC(=O)Nc1cc(C)on1,C[Si](C)(C)Cl
509,CC1=C(C(NC(=O)N1C2CC2)c3cccc(F)c3)C(=O)N4CCOCC4,0.6,1,N,36.67,NC(=O)NC1CC1,Fc1cccc(C=O)c1,CC(=O)CC(=O)N1CCOCC1,C[Si](C)(C)Cl
510,CC1=C(C(NC(=O)N1C2CC2)c3cccc(F)c3)C(=O)N4CCOCC4,0.6,0,N,0.0,NC(=O)NC1CC1,Fc1cccc(C=O)c1,CC(=O)CC(=O)N1CCOCC1,C[Si](C)(C)Cl
511,CC1=C(C(NC(=O)N1C2CC2)c3cccc(F)c3)C(=O)N4CCOCC4,0.6,0,N,0.0,NC(=O)NC1CC1,Fc1cccc(C=O)c1,CC(=O)CC(=O)N1CCOCC1,C[Si](C)(C)Cl
512,CC1=C(C(NC(=O)N1C2CC2)c3cccc(F)c3)C(=O)Nc4cc(C)on4,0.6,1,N,16.67,NC(=O)NC1CC1,Fc1cccc(C=O)c1,CC(=O)CC(=O)Nc1cc(C)on1,C[Si](C)(C)Cl
513,CC1=C(C(NC(=O)N1C2CC2)c3cccc(F)c3)C(=O)Nc4ccc(F)c(F)c4,0.6,1,N,18.33,NC(=O)NC1CC1,Fc1cccc(C=O)c1,CC(=O)CC(=O)Nc1ccc(F)c(F)c1,C[Si](C)(C)Cl
514,CC1=C(C(NC(=O)N1C2CC2)c3cccc(F)c3)C(=O)Nc4ccc(F)c(F)c4,0.6,1,N,10.83,NC(=O)NC1CC1,Fc1cccc(C=O)c1,CC(=O)CC(=O)Nc1ccc(F)c(F)c1,C[Si](C)(C)Cl
515,CC1=C(C(NC(=O)N1C2CC2)c3cccc(F)c3)C(=O)Nc4ccccc4,0.6,1,N,10.17,NC(=O)NC1CC1,Fc1cccc(C=O)c1,CC(=O)CC(=O)Nc1ccccc1,C[Si](C)(C)Cl
516,CC1=C(C(NC(=O)N1C2CC2)c3cccc(F)c3)C(=O)Nc4ccccc4C,0.6,0,N,0.0,NC(=O)NC1CC1,Fc1cccc(C=O)c1,CC(=O)CC(=O)Nc1ccccc1C,C[Si](C)(C)Cl
517,CC1=C(C(NC(=O)N1C2CC2)c3cccc(F)c3)C(=O)Nc4ccccc4C,0.6,1,N,40.0,NC(=O)NC1CC1,Fc1cccc(C=O)c1,CC(=O)CC(=O)Nc1ccccc1C,C[Si](C)(C)Cl
518,CC1=C(C(NC(=O)N1C2CC2)c3cccc(F)c3)C(=O)Nc4ccccc4C,0.6,0,N,0.0,NC(=O)NC1CC1,Fc1cccc(C=O)c1,CC(=O)CC(=O)Nc1ccccc1C,C[Si](C)(C)Cl
519,CC1=C(C(NC(=O)N1C2CC2)c3cccc(OCC=C)c3)C(=O)Nc4ccccc4,0.6,0,N,0.0,NC(=O)NC1CC1,C=CCOc1cccc(C=O)c1,CC(=O)CC(=O)Nc1ccccc1,C[Si](C)(C)Cl
520,CC1=C(C(NC(=O)N1C2CC2)c3cccc(OCC=C)c3)C(=O)Nc4ccccc4,0.6,0,N,0.0,NC(=O)NC1CC1,C=CCOc1cccc(C=O)c1,CC(=O)CC(=O)Nc1ccccc1,C[Si](C)(C)Cl
521,CC1=C(C(NC(=O)N1C2CC2)c3cccc(OCC=C)c3)C(=O)Nc4ccccc4,0.6,0,N,0.0,NC(=O)NC1CC1,C=CCOc1cccc(C=O)c1,CC(=O)CC(=O)Nc1ccccc1,C[Si](C)(C)Cl
522,CC1=C(C(NC(=O)N1C2CC2)c3cccc(OCC=C)c3)C(=O)Nc4ccccc4,0.6,0,N,0.0,NC(=O)NC1CC1,C=CCOc1cccc(C=O)c1,CC(=O)CC(=O)Nc1ccccc1,C[Si](C)(C)Cl
523,CC1=C(C(NC(=O)N1C2CC2)c3cccc(OCC=C)c3)C(=O)Nc4ccccc4C(F)(F)F,0.6,0,N,0.0,NC(=O)NC1CC1,C=CCOc1cccc(C=O)c1,CC(=O)CC(=O)Nc1ccccc1C(F)(F)F,C[Si](C)(C)Cl
524,CC1=C(C(NC(=O)N1C2CC2)c3cccc(OCC=C)c3)C(=O)Nc4ccccc4C(F)(F)F,0.6,0,N,0.0,NC(=O)NC1CC1,C=CCOc1cccc(C=O)c1,CC(=O)CC(=O)Nc1ccccc1C(F)(F)F,C[Si](C)(C)Cl
525,CC1=C(C(NC(=O)N1C2CC2)c3cccc(OCC=C)c3)C(=O)Nc4ccccc4C(F)(F)F,0.6,0,N,0.0,NC(=O)NC1CC1,C=CCOc1cccc(C=O)c1,CC(=O)CC(=O)Nc1ccccc1C(F)(F)F,C[Si](C)(C)Cl
526,CC1=C(C(NC(=O)N1C2CC2)c3cccc(OCC=C)c3)C(=O)Nc4ccccc4C(F)(F)F,0.6,0,N,0.0,NC(=O)NC1CC1,C=CCOc1cccc(C=O)c1,CC(=O)CC(=O)Nc1ccccc1C(F)(F)F,C[Si](C)(C)Cl
527,CC1=C(C(NC(=O)N1C2CC2)c3cccc(OCC=C)c3)C(=O)Nc4ccccc4C(F)(F)F,0.6,0,N,0.0,NC(=O)NC1CC1,C=CCOc1cccc(C=O)c1,CC(=O)CC(=O)Nc1ccccc1C(F)(F)F,C[Si](C)(C)Cl
528,CC1=C(C(NC(=O)N1C2CC2)c3cccc(OCC=C)c3)C(=O)Nc4ccccc4C(F)(F)F,0.6,0,N,0.0,NC(=O)NC1CC1,C=CCOc1cccc(C=O)c1,CC(=O)CC(=O)Nc1ccccc1C(F)(F)F,C[Si](C)(C)Cl
529,CC1=C(C(NC(=O)N1C2CC2)c3cccc(c3)C(F)(F)F)C(=O)N4CCOCC4,0.6,1,N,15.0,NC(=O)NC1CC1,FC(F)(F)c1cccc(C=O)c1,CC(=O)CC(=O)N1CCOCC1,C[Si](C)(C)Cl
530,CC1=C(C(NC(=O)N1C2CC2)c3cccc(c3)C(F)(F)F)C(=O)Nc4ccccc4F,0.6,1,N,41.67,NC(=O)NC1CC1,FC(F)(F)c1cccc(C=O)c1,CC(=O)CC(=O)Nc1ccccc1F,C[Si](C)(C)Cl
531,CC1=C(C(NC(=O)N1C2CC2)c3ccccc3)C(=O)N4CCOCC4,0.6,0,N,0.0,NC(=O)NC1CC1,O=Cc1ccccc1,CC(=O)CC(=O)N1CCOCC1,C[Si](C)(C)Cl
532,CC1=C(C(NC(=O)N1C2CC2)c3ccccc3Br)C(=O)N4CCOCC4,0.6,1,N,38.17,NC(=O)NC1CC1,Brc1ccccc1C=O,CC(=O)CC(=O)N1CCOCC1,C[Si](C)(C)Cl
533,CC1=C(C(NC(=O)N1C2CC2)c3ccccc3Br)C(=O)Nc4ccccc4C(F)(F)F,0.6,1,N,75.17,NC(=O)NC1CC1,Brc1ccccc1C=O,CC(=O)CC(=O)Nc1ccccc1C(F)(F)F,C[Si](C)(C)Cl
534,CC1=C(C(NC(=O)N1C2CC2)c3ccccc3C(F)(F)F)C(=O)N4CCOCC4,0.6,1,N,68.33,NC(=O)NC1CC1,FC(F)(F)c1ccccc1C=O,CC(=O)CC(=O)N1CCOCC1,C[Si](C)(C)Cl
535,CC1=C(C(NC(=O)N1C2CC2)c3ccccc3C(F)(F)F)C(=O)N4CCOCC4,0.6,0,N,0.0,NC(=O)NC1CC1,FC(F)(F)c1ccccc1C=O,CC(=O)CC(=O)N1CCOCC1,C[Si](C)(C)Cl
536,CC1=C(C(NC(=O)N1C2CC2)c3ccccc3C(F)(F)F)C(=O)N4CCOCC4,0.6,0,N,0.0,NC(=O)NC1CC1,FC(F)(F)c1ccccc1C=O,CC(=O)CC(=O)N1CCOCC1,C[Si](C)(C)Cl
537,CC1=C(C(NC(=O)N1C2CC2)c3ccccc3C(F)(F)F)C(=O)Nc4cc(C)on4,0.6,0,N,0.0,NC(=O)NC1CC1,FC(F)(F)c1ccccc1C=O,CC(=O)CC(=O)Nc1cc(C)on1,C[Si](C)(C)Cl
538,CC1=C(C(NC(=O)N1C2CC2)c3ccccc3C(F)(F)F)C(=O)Nc4ccccc4,0.6,1,N,23.33,NC(=O)NC1CC1,FC(F)(F)c1ccccc1C=O,CC(=O)CC(=O)Nc1ccccc1,C[Si](C)(C)Cl
539,CC1=C(C(NC(=O)N1C2CC2)c3ccccc3Cl)C(=O)Nc4ccccc4C(F)(F)F,0.6,1,N,27.67,NC(=O)NC1CC1,Clc1ccccc1C=O,CC(=O)CC(=O)Nc1ccccc1C(F)(F)F,C[Si](C)(C)Cl
540,CC1=C(C(NC(=O)N1C2CC2)c3ccccc3F)C(=O)N4CCOCC4,0.6,1,N,3.33,NC(=O)NC1CC1,Fc1ccccc1C=O,CC(=O)CC(=O)N1CCOCC1,C[Si](C)(C)Cl
541,CC1=C(C(NC(=O)N1C2CC2)c3ccccc3F)C(=O)Nc4ccccc4C,0.6,1,N,23.33,NC(=O)NC1CC1,Fc1ccccc1C=O,CC(=O)CC(=O)Nc1ccccc1C,C[Si](C)(C)Cl
542,CC1=C(C(NC(=O)N1C2CC2)c3ccccc3F)C(=O)Nc4ccccc4C,0.6,0,N,0.0,NC(=O)NC1CC1,Fc1ccccc1C=O,CC(=O)CC(=O)Nc1ccccc1C,C[Si](C)(C)Cl
543,CC1=C(C(NC(=O)N1C2CC2)c3ccccc3F)C(=O)Nc4ccccc4C,0.6,0,N,0.0,NC(=O)NC1CC1,Fc1ccccc1C=O,CC(=O)CC(=O)Nc1ccccc1C,C[Si](C)(C)Cl
544,CC1=C(C(NC(=O)N1C2CC2)c3cccs3)C(=O)N4CCOCC4,0.6,0,N,0.0,NC(=O)NC1CC1,O=Cc1cccs1,CC(=O)CC(=O)N1CCOCC1,C[Si](C)(C)Cl
545,CC1=C(C(NC(=O)N1C2CC2)c3cccs3)C(=O)Nc4cc(C)on4,0.6,0,N,0.0,NC(=O)NC1CC1,O=Cc1cccs1,CC(=O)CC(=O)Nc1cc(C)on1,C[Si](C)(C)Cl
546,CC1=C(C(NC(=O)N1C2CC2)c3cccs3)C(=O)Nc4ccccc4,0.6,0,N,0.0,NC(=O)NC1CC1,O=Cc1cccs1,CC(=O)CC(=O)Nc1ccccc1,C[Si](C)(C)Cl
547,CC1=C(C(NC(=O)N1C2CC2)c3ccsc3)C(=O)Nc4ccc(F)c(F)c4,0.6,0,N,0.0,NC(=O)NC1CC1,O=Cc1ccsc1,CC(=O)CC(=O)Nc1ccc(F)c(F)c1,C[Si](C)(C)Cl
548,CC1=C(C(NC(=O)N1C2CC2)c3ccsc3)C(=O)Nc4ccc(F)c(F)c4,0.6,0,N,0.0,NC(=O)NC1CC1,O=Cc1ccsc1,CC(=O)CC(=O)Nc1ccc(F)c(F)c1,C[Si](C)(C)Cl
549,CC1=C(C(NC(=O)N1C2CC2)c3ccsc3)C(=O)Nc4ccc(F)c(F)c4,0.6,0,N,0.0,NC(=O)NC1CC1,O=Cc1ccsc1,CC(=O)CC(=O)Nc1ccc(F)c(F)c1,C[Si](C)(C)Cl
550,CC1=C(C(NC(=O)N1C2CC2)c3ccsc3)C(=O)Nc4ccc(OC(F)(F)F)cc4,0.6,0,N,0.0,NC(=O)NC1CC1,O=Cc1ccsc1,CC(=O)CC(=O)Nc1ccc(OC(F)(F)F)cc1,C[Si](C)(C)Cl
551,CC1=C(C(NC(=O)N1C2CCCC2)c3c(Cl)cccc3Cl)C(=O)N4CCOCC4,0.6,0,N,0.0,NC(=O)NC1CCCC1,Clc1cccc(Cl)c1C=O,CC(=O)CC(=O)N1CCOCC1,C[Si](C)(C)Cl
552,CC1=C(C(NC(=O)N1C2CCCC2)c3ccc(C#N)cc3)C(=O)N4CCOCC4,0.6,0,N,0.0,NC(=O)NC1CCCC1,O=Cc1ccc(C#N)cc1,CC(=O)CC(=O)N1CCOCC1,C[Si](C)(C)Cl
553,CC1=C(C(NC(=O)N1C2CCCC2)c3ccc(Cl)c(c3)[N+](=O)[O-])C(=O)N4CCOCC4,0.6,0,N,0.0,NC(=O)NC1CCCC1,[O-][N+](=O)c1cc(C=O)ccc1Cl,CC(=O)CC(=O)N1CCOCC1,C[Si](C)(C)Cl
554,CC1=C(C(NC(=O)N1C2CCCC2)c3ccc(Cl)cc3)C(=O)N4CCOCC4,0.6,0,N,0.0,NC(=O)NC1CCCC1,Clc1ccc(C=O)cc1,CC(=O)CC(=O)N1CCOCC1,C[Si](C)(C)Cl
555,CC1=C(C(NC(=O)N1C2CCCC2)c3ccc(Cl)cc3)C(=O)N4CCOCC4,0.6,0,N,0.0,NC(=O)NC1CCCC1,Clc1ccc(C=O)cc1,CC(=O)CC(=O)N1CCOCC1,C[Si](C)(C)Cl
556,CC1=C(C(NC(=O)N1C2CCCC2)c3ccc(Cl)cc3)C(=O)N4CCOCC4,0.6,0,N,0.0,NC(=O)NC1CCCC1,Clc1ccc(C=O)cc1,CC(=O)CC(=O)N1CCOCC1,C[Si](C)(C)Cl
557,CC1=C(C(NC(=O)N1C2CCCC2)c3ccc(F)cc3)C(=O)N4CCOCC4,0.6,0,N,0.0,NC(=O)NC1CCCC1,Fc1ccc(C=O)cc1,CC(=O)CC(=O)N1CCOCC1,C[Si](C)(C)Cl
558,CC1=C(C(NC(=O)N1C2CCCC2)c3ccc(F)cc3)C(=O)N4CCOCC4,0.6,0,N,0.0,NC(=O)NC1CCCC1,Fc1ccc(C=O)cc1,CC(=O)CC(=O)N1CCOCC1,C[Si](C)(C)Cl
559,CC1=C(C(NC(=O)N1C2CCCC2)c3ccc(F)cc3)C(=O)N4CCOCC4,0.6,0,N,0.0,NC(=O)NC1CCCC1,Fc1ccc(C=O)cc1,CC(=O)CC(=O)N1CCOCC1,C[Si](C)(C)Cl
560,CC1=C(C(NC(=O)N1C2CCCC2)c3ccccc3Cl)C(=O)N4CCOCC4,0.6,0,N,0.0,NC(=O)NC1CCCC1,Clc1ccccc1C=O,CC(=O)CC(=O)N1CCOCC1,C[Si](C)(C)Cl
561,CC1=C(C(NC(=O)N1C2CCCCC2)c3ccc(Cl)c(c3)[N+](=O)[O-])C(=O)N4CCOCC4,0.6,0,N,0.0,NC(=O)NC1CCCCC1,[O-][N+](=O)c1cc(C=O)ccc1Cl,CC(=O)CC(=O)N1CCOCC1,C[Si](C)(C)Cl
562,CC1=C(C(NC(=O)N1C2CCS(=O)(=O)C2)c3ccc(F)cc3)C(=O)Nc4ccc(Cl)cc4,0.6,0,N,0.0,NC(=O)NC1CCS(=O)(=O)C1,Fc1ccc(C=O)cc1,CC(=O)CC(=O)Nc1ccc(Cl)cc1,C[Si](C)(C)Cl
563,CC1=C(C(NC(=O)N1CC2CCCO2)c3c(Cl)cccc3Cl)C(=O)N4CCOCC4,0.6,0,N,0.0,NC(=O)NCC1CCCO1,Clc1cccc(Cl)c1C=O,CC(=O)CC(=O)N1CCOCC1,C[Si](C)(C)Cl
564,CC1=C(C(NC(=O)N1CC2CCCO2)c3ccc(C#N)cc3)C(=O)Nc4ccccc4F,0.6,1,N,12.5,NC(=O)NCC1CCCO1,O=Cc1ccc(C#N)cc1,CC(=O)CC(=O)Nc1ccccc1F,C[Si](C)(C)Cl
565,CC1=C(C(NC(=O)N1CC2CCCO2)c3ccc(Cl)cc3)C(=O)N4CCOCC4,0.6,0,N,0.0,NC(=O)NCC1CCCO1,Clc1ccc(C=O)cc1,CC(=O)CC(=O)N1CCOCC1,C[Si](C)(C)Cl
566,CC1=C(C(NC(=O)N1CC2CCCO2)c3ccc(Cl)cc3Cl)C(=O)N4CCOCC4,0.6,0,N,0.0,NC(=O)NCC1CCCO1,Clc1ccc(C=O)c(Cl)c1,CC(=O)CC(=O)N1CCOCC1,C[Si](C)(C)Cl
567,CC1=C(C(NC(=O)N1CC2CCCO2)c3ccccc3Cl)C(=O)N4CCOCC4,0.6,0,N,0.0,NC(=O)NCC1CCCO1,Clc1ccccc1C=O,CC(=O)CC(=O)N1CCOCC1,C[Si](C)(C)Cl
568,CC1=C(C(NC(=O)N1CC=C)c2c(Cl)cccc2Cl)C(=O)Nc3cc(C)on3,0.6,1,N,57.5,NC(=O)NCC=C,Clc1cccc(Cl)c1C=O,CC(=O)CC(=O)Nc1cc(C)on1,C[Si](C)(C)Cl
569,CC1=C(C(NC(=O)N1CC=C)c2c(F)cccc2Cl)C(=O)Nc3cc(C)on3,0.6,1,N,74.67,NC(=O)NCC=C,Fc1cccc(Cl)c1C=O,CC(=O)CC(=O)Nc1cc(C)on1,C[Si](C)(C)Cl
570,CC1=C(C(NC(=O)N1CC=C)c2ccc(Br)cc2)C(=O)Nc3cc(C)on3,0.6,0,N,0.0,NC(=O)NCC=C,Brc1ccc(C=O)cc1,CC(=O)CC(=O)Nc1cc(C)on1,C[Si](C)(C)Cl
571,CC1=C(C(NC(=O)N1CC=C)c2ccc(Br)cc2)C(=O)Nc3cc(C)on3,0.6,0,N,0.0,NC(=O)NCC=C,Brc1ccc(C=O)cc1,CC(=O)CC(=O)Nc1cc(C)on1,C[Si](C)(C)Cl
572,CC1=C(C(NC(=O)N1CC=C)c2ccc(Br)cc2)C(=O)Nc3cc(C)on3,0.6,1,N,15.83,NC(=O)NCC=C,Brc1ccc(C=O)cc1,CC(=O)CC(=O)Nc1cc(C)on1,C[Si](C)(C)Cl
573,CC1=C(C(NC(=O)N1CC=C)c2ccc(Cl)c(Cl)c2)C(=O)Nc3cc(C)on3,0.6,0,N,0.0,NC(=O)NCC=C,Clc1ccc(C=O)cc1Cl,CC(=O)CC(=O)Nc1cc(C)on1,C[Si](C)(C)Cl
574,CC1=C(C(NC(=O)N1CC=C)c2ccc(Cl)c(Cl)c2)C(=O)Nc3cc(C)on3,0.6,0,N,0.0,NC(=O)NCC=C,Clc1ccc(C=O)cc1Cl,CC(=O)CC(=O)Nc1cc(C)on1,C[Si](C)(C)Cl
575,CC1=C(C(NC(=O)N1CC=C)c2ccc(Cl)c(Cl)c2)C(=O)Nc3cc(C)on3,0.6,0,N,0.0,NC(=O)NCC=C,Clc1ccc(C=O)cc1Cl,CC(=O)CC(=O)Nc1cc(C)on1,C[Si](C)(C)Cl
576,CC1=C(C(NC(=O)N1CC=C)c2ccc(Cl)cc2)C(=O)Nc3cc(C)on3,0.6,0,N,0.0,NC(=O)NCC=C,Clc1ccc(C=O)cc1,CC(=O)CC(=O)Nc1cc(C)on1,C[Si](C)(C)Cl
577,CC1=C(C(NC(=O)N1CC=C)c2ccc(Cl)cc2Cl)C(=O)Nc3cc(C)on3,0.6,1,N,15.17,NC(=O)NCC=C,Clc1ccc(C=O)c(Cl)c1,CC(=O)CC(=O)Nc1cc(C)on1,C[Si](C)(C)Cl
578,CC1=C(C(NC(=O)N1CC=C)c2ccc(F)c(Br)c2)C(=O)Nc3cc(C)on3,0.6,0,N,0.0,NC(=O)NCC=C,Fc1ccc(C=O)cc1Br,CC(=O)CC(=O)Nc1cc(C)on1,C[Si](C)(C)Cl
579,CC1=C(C(NC(=O)N1CC=C)c2ccc(F)cc2)C(=O)N3CCOCC3,0.6,0,N,0.0,NC(=O)NCC=C,Fc1ccc(C=O)cc1,CC(=O)CC(=O)N1CCOCC1,C[Si](C)(C)Cl
580,CC1=C(C(NC(=O)N1CC=C)c2ccc(F)cc2)C(=O)Nc3cc(C)on3,0.6,0,N,0.0,NC(=O)NCC=C,Fc1ccc(C=O)cc1,CC(=O)CC(=O)Nc1cc(C)on1,C[Si](C)(C)Cl
581,CC1=C(C(NC(=O)N1CC=C)c2ccc(F)cc2)C(=O)Nc3cc(C)on3,0.6,0,N,0.0,NC(=O)NCC=C,Fc1ccc(C=O)cc1,CC(=O)CC(=O)Nc1cc(C)on1,C[Si](C)(C)Cl
582,CC1=C(C(NC(=O)N1CC=C)c2ccc(F)cc2)C(=O)Nc3cc(C)on3,0.6,0,N,0.0,NC(=O)NCC=C,Fc1ccc(C=O)cc1,CC(=O)CC(=O)Nc1cc(C)on1,C[Si](C)(C)Cl
583,CC1=C(C(NC(=O)N1CC=C)c2ccc(F)cc2)C(=O)Nc3cc(C)on3,0.6,0,N,0.0,NC(=O)NCC=C,Fc1ccc(C=O)cc1,CC(=O)CC(=O)Nc1cc(C)on1,C[Si](C)(C)Cl
584,CC1=C(C(NC(=O)N1CC=C)c2ccc(F)cc2F)C(=O)Nc3cc(C)on3,0.6,1,N,6.67,NC(=O)NCC=C,Fc1ccc(C=O)c(F)c1,CC(=O)CC(=O)Nc1cc(C)on1,C[Si](C)(C)Cl
585,CC1=C(C(NC(=O)N1CC=C)c2ccc(F)cc2F)C(=O)Nc3cc(C)on3,0.6,0,N,0.0,NC(=O)NCC=C,Fc1ccc(C=O)c(F)c1,CC(=O)CC(=O)Nc1cc(C)on1,C[Si](C)(C)Cl
586,CC1=C(C(NC(=O)N1CC=C)c2ccc(F)cc2F)C(=O)Nc3ccccc3,0.6,1,N,78.17,NC(=O)NCC=C,Fc1ccc(C=O)c(F)c1,CC(=O)CC(=O)Nc1ccccc1,C[Si](C)(C)Cl
587,CC1=C(C(NC(=O)N1CC=C)c2ccc(OC(F)F)cc2)C(=O)Nc3cc(C)on3,0.6,0,N,0.0,NC(=O)NCC=C,FC(F)Oc1ccc(C=O)cc1,CC(=O)CC(=O)Nc1cc(C)on1,C[Si](C)(C)Cl
588,CC1=C(C(NC(=O)N1CC=C)c2ccc(cc2)[N+](=O)[O-])C(=O)N3CCOCC3,0.6,0,N,0.0,NC(=O)NCC=C,[O-][N+](=O)c1ccc(C=O)cc1,CC(=O)CC(=O)N1CCOCC1,C[Si](C)(C)Cl
589,CC1=C(C(NC(=O)N1CC=C)c2cccc(Br)c2)C(=O)Nc3cc(C)on3,0.6,0,N,0.0,NC(=O)NCC=C,Brc1cccc(C=O)c1,CC(=O)CC(=O)Nc1cc(C)on1,C[Si](C)(C)Cl
590,CC1=C(C(NC(=O)N1CC=C)c2cccc(Br)c2)C(=O)Nc3cc(C)on3,0.6,0,N,0.0,NC(=O)NCC=C,Brc1cccc(C=O)c1,CC(=O)CC(=O)Nc1cc(C)on1,C[Si](C)(C)Cl
591,CC1=C(C(NC(=O)N1CC=C)c2cccc(Cl)c2Cl)C(=O)Nc3cc(C)on3,0.6,1,N,57.5,NC(=O)NCC=C,Clc1cccc(C=O)c1Cl,CC(=O)CC(=O)Nc1cc(C)on1,C[Si](C)(C)Cl
592,CC1=C(C(NC(=O)N1CC=C)c2cccc(F)c2)C(=O)N3CCOCC3,0.6,0,N,0.0,NC(=O)NCC=C,Fc1cccc(C=O)c1,CC(=O)CC(=O)N1CCOCC1,C[Si](C)(C)Cl
593,CC1=C(C(NC(=O)N1CC=C)c2cccc(F)c2)C(=O)Nc3cc(C)on3,0.6,0,N,0.0,NC(=O)NCC=C,Fc1cccc(C=O)c1,CC(=O)CC(=O)Nc1cc(C)on1,C[Si](C)(C)Cl
594,CC1=C(C(NC(=O)N1CC=C)c2cccc(F)c2)C(=O)Nc3cc(C)on3,0.6,1,N,6.0,NC(=O)NCC=C,Fc1cccc(C=O)c1,CC(=O)CC(=O)Nc1cc(C)on1,C[Si](C)(C)Cl
595,CC1=C(C(NC(=O)N1CC=C)c2cccc(c2)C(F)(F)F)C(=O)Nc3cc(C)on3,0.6,1,N,44.17,NC(=O)NCC=C,FC(F)(F)c1cccc(C=O)c1,CC(=O)CC(=O)Nc1cc(C)on1,C[Si](C)(C)Cl
596,CC1=C(C(NC(=O)N1CC=C)c2ccccc2)C(=O)N3CCOCC3,0.6,0,N,0.0,NC(=O)NCC=C,O=Cc1ccccc1,CC(=O)CC(=O)N1CCOCC1,C[Si](C)(C)Cl
597,CC1=C(C(NC(=O)N1CC=C)c2ccccc2)C(=O)Nc3cc(C)on3,0.6,0,N,0.0,NC(=O)NCC=C,O=Cc1ccccc1,CC(=O)CC(=O)Nc1cc(C)on1,C[Si](C)(C)Cl
598,CC1=C(C(NC(=O)N1CC=C)c2ccccc2)C(=O)Nc3cc(C)on3,0.6,0,N,0.0,NC(=O)NCC=C,O=Cc1ccccc1,CC(=O)CC(=O)Nc1cc(C)on1,C[Si](C)(C)Cl
599,CC1=C(C(NC(=O)N1CC=C)c2ccccc2Br)C(=O)Nc3cc(C)on3,0.6,0,N,0.0,NC(=O)NCC=C,Brc1ccccc1C=O,CC(=O)CC(=O)Nc1cc(C)on1,C[Si](C)(C)Cl
600,CC1=C(C(NC(=O)N1CC=C)c2ccccc2Br)C(=O)Nc3cc(C)on3,0.6,0,N,0.0,NC(=O)NCC=C,Brc1ccccc1C=O,CC(=O)CC(=O)Nc1cc(C)on1,C[Si](C)(C)Cl
601,CC1=C(C(NC(=O)N1CC=C)c2ccccc2C(F)(F)F)C(=O)Nc3cc(C)on3,0.6,0,N,0.0,NC(=O)NCC=C,FC(F)(F)c1ccccc1C=O,CC(=O)CC(=O)Nc1cc(C)on1,C[Si](C)(C)Cl
602,CC1=C(C(NC(=O)N1CC=C)c2ccccc2Cl)C(=O)Nc3cc(C)on3,0.6,0,N,0.0,NC(=O)NCC=C,Clc1ccccc1C=O,CC(=O)CC(=O)Nc1cc(C)on1,C[Si](C)(C)Cl
603,CC1=C(C(NC(=O)N1CC=C)c2ccccc2F)C(=O)N3CCOCC3,0.6,0,N,0.0,NC(=O)NCC=C,Fc1ccccc1C=O,CC(=O)CC(=O)N1CCOCC1,C[Si](C)(C)Cl
604,CC1=C(C(NC(=O)N1CC=C)c2cccs2)C(=O)N3CCOCC3,0.6,0,N,0.0,NC(=O)NCC=C,O=Cc1cccs1,CC(=O)CC(=O)N1CCOCC1,C[Si](C)(C)Cl
605,CC1=C(C(NC(=O)N1CC=C)c2cccs2)C(=O)Nc3cc(C)on3,0.6,1,N,21.5,NC(=O)NCC=C,O=Cc1cccs1,CC(=O)CC(=O)Nc1cc(C)on1,C[Si](C)(C)Cl
606,CC1=C(C(NC(=O)N1CCCC(=O)O)c2ccc3ccccc3c2)C(=O)N4CCOCC4,0.6,1,N,68.33,NC(=O)NCCCC(=O)O,O=Cc1ccc2ccccc2c1,CC(=O)CC(=O)N1CCOCC1,C[Si](C)(C)Cl
607,CC1=C(C(NC(=O)N1CCCC(=O)O)c2ccc3ccccc3c2)C(=O)N4CCOCC4,0.6,0,N,0.0,NC(=O)NCCCC(=O)O,O=Cc1ccc2ccccc2c1,CC(=O)CC(=O)N1CCOCC1,C[Si](C)(C)Cl
608,CC1=C(C(NC(=O)N1CCCC(=O)O)c2ccc3ccccc3c2)C(=O)Nc4ccccc4,0.6,0,N,0.0,NC(=O)NCCCC(=O)O,O=Cc1ccc2ccccc2c1,CC(=O)CC(=O)Nc1ccccc1,C[Si](C)(C)Cl
609,CC1=C(C(NC(=O)N1CCCC(=O)O)c2ccc3ccccc3c2)C(=O)Nc4ccccc4,0.6,0,N,0.0,NC(=O)NCCCC(=O)O,O=Cc1ccc2ccccc2c1,CC(=O)CC(=O)Nc1ccccc1,C[Si](C)(C)Cl
610,CC1=C(C(NC(=O)N1CCCC(=O)O)c2ccc3ccccc3c2)C(=O)Nc4ccccc4,0.6,0,N,0.0,NC(=O)NCCCC(=O)O,O=Cc1ccc2ccccc2c1,CC(=O)CC(=O)Nc1ccccc1,C[Si](C)(C)Cl
611,CC1=C(C(NC(=O)N1CCc2cccs2)c3c(C)n[nH]c3C)C(=O)Nc4ccc(F)cc4,0.6,0,N,0.0,NC(=O)NCCc1cccs1,Cc1n[nH]c(C)c1C=O,CC(=O)CC(=O)Nc1ccc(F)cc1,C[Si](C)(C)Cl
612,CC1=C(C(NC(=O)N1Cc2ccc(cc2)C(=O)O)c3cccc(C#N)c3)C(=O)Nc4ccc(F)cc4,0.6,0,N,0.0,NC(=O)NCc1ccc(cc1)C(=O)O,O=Cc1cccc(C#N)c1,CC(=O)CC(=O)Nc1ccc(F)cc1,C[Si](C)(C)Cl
613,CC1=C(C(NC(=O)N1Cc2ccccc2)c3c(F)cccc3Cl)C(=O)N4CCOCC4,0.6,1,N,36.67,NC(=O)NCc1ccccc1,Fc1cccc(Cl)c1C=O,CC(=O)CC(=O)N1CCOCC1,C[Si](C)(C)Cl
614,CC1=C(C(NC(=O)N1Cc2ccccc2)c3c(F)cccc3F)C(=O)N4CCOCC4,0.6,1,N,25.0,NC(=O)NCc1ccccc1,Fc1cccc(F)c1C=O,CC(=O)CC(=O)N1CCOCC1,C[Si](C)(C)Cl
615,CC1=C(C(NC(=O)N1Cc2ccccc2)c3ccc(F)cc3F)C(=O)N4CCOCC4,0.6,1,N,66.67,NC(=O)NCc1ccccc1,Fc1ccc(C=O)c(F)c1,CC(=O)CC(=O)N1CCOCC1,C[Si](C)(C)Cl
616,CC1=C(C(NC(=O)N1Cc2ccccc2)c3ccc(OCC#N)cc3)C(=O)N4CCOCC4,0.6,0,N,0.0,NC(=O)NCc1ccccc1,O=Cc1ccc(OCC#N)cc1,CC(=O)CC(=O)N1CCOCC1,C[Si](C)(C)Cl
617,CC1=C(C(NC(=O)N1Cc2ccccc2)c3ccc(OCC#N)cc3)C(=O)N4CCOCC4,0.6,0,N,0.0,NC(=O)NCc1ccccc1,O=Cc1ccc(OCC#N)cc1,CC(=O)CC(=O)N1CCOCC1,C[Si](C)(C)Cl
618,CC1=C(C(NC(=O)N1Cc2ccccc2)c3cccc(F)c3)C(=O)N4CCOCC4,0.6,1,N,76.83,NC(=O)NCc1ccccc1,Fc1cccc(C=O)c1,CC(=O)CC(=O)N1CCOCC1,C[Si](C)(C)Cl
619,CC1=C(C(NC(=O)N1Cc2ccccc2)c3cccc(OCC=C)c3)C(=O)N4CCOCC4,0.6,0,N,0.0,NC(=O)NCc1ccccc1,C=CCOc1cccc(C=O)c1,CC(=O)CC(=O)N1CCOCC1,C[Si](C)(C)Cl
620,CC1=C(C(NC(=O)N1Cc2ccccc2)c3cccc(OCC=C)c3)C(=O)N4CCOCC4,0.6,0,N,0.0,NC(=O)NCc1ccccc1,C=CCOc1cccc(C=O)c1,CC(=O)CC(=O)N1CCOCC1,C[Si](C)(C)Cl
621,CC1=C(C(NC(=O)N1Cc2ccccc2)c3cccc(OCC=C)c3)C(=O)N4CCOCC4,0.6,0,N,0.0,NC(=O)NCc1ccccc1,C=CCOc1cccc(C=O)c1,CC(=O)CC(=O)N1CCOCC1,C[Si](C)(C)Cl
622,CC1=C(C(NC(=O)N1Cc2ccccc2)c3ccccc3F)C(=O)N4CCOCC4,0.6,1,N,72.0,NC(=O)NCc1ccccc1,Fc1ccccc1C=O,CC(=O)CC(=O)N1CCOCC1,C[Si](C)(C)Cl
623,CC1=C(C(NC(=O)N1Cc2ccco2)c3cccs3)C(=O)Nc4ccccc4,0.6,0,N,0.0,NC(=O)NCc1ccco1,O=Cc1cccs1,CC(=O)CC(=O)Nc1ccccc1,C[Si](C)(C)Cl
624,CC1=C(C(NC(=O)N1c2ccc(C)c(F)c2)c3csc(n3)c4ccccn4)C(=O)N5CCOCC5,0.6,0,N,0.0,Cc1ccc(NC(=O)N)cc1F,O=Cc1csc(n1)c2ccccn2,CC(=O)CC(=O)N1CCOCC1,C[Si](C)(C)Cl
625,CC1=C(C(NC(=O)N1c2ccc(C)cc2)c3ccc(C#N)cc3)C(=O)N4CCOCC4,0.6,1,N,91.67,Cc1ccc(NC(=O)N)cc1,O=Cc1ccc(C#N)cc1,CC(=O)CC(=O)N1CCOCC1,C[Si](C)(C)Cl
626,CC1=C(C(NC(=O)N1c2ccc(C)cc2)c3ccc(C#N)cc3)C(=O)Nc4ccccc4,0.6,1,N,8.33,Cc1ccc(NC(=O)N)cc1,O=Cc1ccc(C#N)cc1,CC(=O)CC(=O)Nc1ccccc1,C[Si](C)(C)Cl
627,CC1=C(C(NC(=O)N1c2ccc(C)cc2)c3ccc(C#N)cc3)C(=O)Nc4ccccc4C,0.6,1,N,43.33,Cc1ccc(NC(=O)N)cc1,O=Cc1ccc(C#N)cc1,CC(=O)CC(=O)Nc1ccccc1C,C[Si](C)(C)Cl
628,CC1=C(C(NC(=O)N1c2ccc(C)cc2)c3ccc(OCC#N)cc3)C(=O)N4CCOCC4,0.6,0,N,0.0,Cc1ccc(NC(=O)N)cc1,O=Cc1ccc(OCC#N)cc1,CC(=O)CC(=O)N1CCOCC1,C[Si](C)(C)Cl
629,CC1=C(C(NC(=O)N1c2ccc(C)cc2)c3ccc(OCC#N)cc3)C(=O)N4CCOCC4,0.6,0,N,0.0,Cc1ccc(NC(=O)N)cc1,O=Cc1ccc(OCC#N)cc1,CC(=O)CC(=O)N1CCOCC1,C[Si](C)(C)Cl
630,CC1=C(C(NC(=O)N1c2ccc(C)cc2)c3ccc(OCC#N)cc3)C(=O)N4CCOCC4,0.6,0,N,0.0,Cc1ccc(NC(=O)N)cc1,O=Cc1ccc(OCC#N)cc1,CC(=O)CC(=O)N1CCOCC1,C[Si](C)(C)Cl
631,CC1=C(C(NC(=O)N1c2ccc(C)cc2)c3cccc(Br)c3)C(=O)N4CCOCC4,0.6,0,N,0.0,Cc1ccc(NC(=O)N)cc1,Brc1cccc(C=O)c1,CC(=O)CC(=O)N1CCOCC1,C[Si](C)(C)Cl
632,CC1=C(C(NC(=O)N1c2ccc(C)cc2C)c3ccc(C#N)cc3)C(=O)N4CCOCC4,0.6,1,N,71.67,Cc1ccc(NC(=O)N)c(C)c1,O=Cc1ccc(C#N)cc1,CC(=O)CC(=O)N1CCOCC1,C[Si](C)(C)Cl
633,CC1=C(C(NC(=O)N1c2ccc(C)cc2C)c3ccc(OCC#N)cc3)C(=O)N4CCOCC4,0.6,0,N,0.0,Cc1ccc(NC(=O)N)c(C)c1,O=Cc1ccc(OCC#N)cc1,CC(=O)CC(=O)N1CCOCC1,C[Si](C)(C)Cl
634,CC1=C(C(NC(=O)N1c2ccc(C)cc2C)c3ccc(OCC#N)cc3)C(=O)N4CCOCC4,0.6,0,N,0.0,Cc1ccc(NC(=O)N)c(C)c1,O=Cc1ccc(OCC#N)cc1,CC(=O)CC(=O)N1CCOCC1,C[Si](C)(C)Cl
635,CC1=C(C(NC(=O)N1c2ccc(C)cc2C)c3ccc(OCC#N)cc3)C(=O)N4CCOCC4,0.6,0,N,0.0,Cc1ccc(NC(=O)N)c(C)c1,O=Cc1ccc(OCC#N)cc1,CC(=O)CC(=O)N1CCOCC1,C[Si](C)(C)Cl
636,CC1=C(C(NC(=O)N1c2ccc(Cl)cc2)c3ccc(Cl)cc3)C(=O)Nc4ccc(Cl)cc4,0.6,0,N,0.0,NC(=O)Nc1ccc(Cl)cc1,Clc1ccc(C=O)cc1,CC(=O)CC(=O)Nc1ccc(Cl)cc1,C[Si](C)(C)Cl
637,CC1=C(C(NC(=O)N1c2ccc(cc2)C(=O)O)c3c(Cl)cccc3Cl)C(=O)N4CCOCC4,0.6,0,N,0.0,NC(=O)Nc1ccc(cc1)C(=O)O,Clc1cccc(Cl)c1C=O,CC(=O)CC(=O)N1CCOCC1,C[Si](C)(C)Cl
638,CC1=C(C(NC(=O)N1c2ccc(cc2)C(=O)O)c3ccc(Cl)cc3)C(=O)N4CCOCC4,0.6,1,N,7.5,NC(=O)Nc1ccc(cc1)C(=O)O,Clc1ccc(C=O)cc1,CC(=O)CC(=O)N1CCOCC1,C[Si](C)(C)Cl
639,CC1=C(C(NC(=O)N1c2ccc(cc2)C(=O)O)c3ccc(Cl)cc3)C(=O)Nc4ccccc4F,0.6,0,N,0.0,NC(=O)Nc1ccc(cc1)C(=O)O,Clc1ccc(C=O)cc1,CC(=O)CC(=O)Nc1ccccc1F,C[Si](C)(C)Cl
640,CC1=C(C(NC(=O)N1c2ccc(cc2)C(=O)O)c3ccccc3Cl)C(=O)N4CCOCC4,0.6,1,N,47.33,NC(=O)Nc1ccc(cc1)C(=O)O,Clc1ccccc1C=O,CC(=O)CC(=O)N1CCOCC1,C[Si](C)(C)Cl
641,CC1=C(C(NC(=O)N1c2ccc(cc2)C(=O)O)c3ccccc3Cl)C(=O)Nc4ccccc4F,0.6,0,N,0.0,NC(=O)Nc1ccc(cc1)C(=O)O,Clc1ccccc1C=O,CC(=O)CC(=O)Nc1ccccc1F,C[Si](C)(C)Cl
642,CC1=C(C(NC(=O)N1c2ccc3OCCCOc3c2)c4csnn4)C(=O)Nc5ccc(F)cc5,0.6,0,N,0.0,NC(=O)Nc1ccc2OCCCOc2c1,O=Cc1csnn1,CC(=O)CC(=O)Nc1ccc(F)cc1,C[Si](C)(C)Cl
643,CC1=C(C(NC(=O)N1c2ccc3OCCOc3c2)c4cccs4)C(=O)Nc5ccccc5,0.6,0,N,0.0,NC(=O)Nc1ccc2OCCOc2c1,O=Cc1cccs1,CC(=O)CC(=O)Nc1ccccc1,C[Si](C)(C)Cl
644,CC1=C(C(NC(=O)N1c2cccc(c2)C(=O)O)c3c(F)cccc3F)C(=O)N4CCOCC4,0.6,1,N,60.0,NC(=O)Nc1cccc(c1)C(=O)O,Fc1cccc(F)c1C=O,CC(=O)CC(=O)N1CCOCC1,C[Si](C)(C)Cl
645,CC1=C(C(NC(=O)N1c2cccc(c2)C(=O)O)c3c(F)cccc3F)C(=O)N4CCOCC4,0.6,0,N,0.0,NC(=O)Nc1cccc(c1)C(=O)O,Fc1cccc(F)c1C=O,CC(=O)CC(=O)N1CCOCC1,C[Si](C)(C)Cl
646,CC1=C(C(NC(=O)N1c2cccc(c2)C(=O)O)c3ccc(C#N)cc3)C(=O)N4CCOCC4,0.6,1,N,36.67,NC(=O)Nc1cccc(c1)C(=O)O,O=Cc1ccc(C#N)cc1,CC(=O)CC(=O)N1CCOCC1,C[Si](C)(C)Cl
647,CC1=C(C(NC(=O)N1c2cccc(c2)C(=O)O)c3ccc(C#N)cc3)C(=O)Nc4ccccc4,0.6,0,N,0.0,NC(=O)Nc1cccc(c1)C(=O)O,O=Cc1ccc(C#N)cc1,CC(=O)CC(=O)Nc1ccccc1,C[Si](C)(C)Cl
648,CC1=C(C(NC(=O)N1c2cccc(c2)C(=O)O)c3ccc(C#N)cc3)C(=O)Nc4ccccc4,0.6,0,N,0.0,NC(=O)Nc1cccc(c1)C(=O)O,O=Cc1ccc(C#N)cc1,CC(=O)CC(=O)Nc1ccccc1,C[Si](C)(C)Cl
649,CC1=C(C(NC(=O)N1c2cccc(c2)C(=O)O)c3ccc(C#N)cc3)C(=O)Nc4ccccc4,0.6,0,N,0.0,NC(=O)Nc1cccc(c1)C(=O)O,O=Cc1ccc(C#N)cc1,CC(=O)CC(=O)Nc1ccccc1,C[Si](C)(C)Cl
650,CC1=C(C(NC(=O)N1c2cccc(c2)C(=O)O)c3ccc(C#N)cc3)C(=O)Nc4ccccc4,0.6,0,N,0.0,NC(=O)Nc1cccc(c1)C(=O)O,O=Cc1ccc(C#N)cc1,CC(=O)CC(=O)Nc1ccccc1,C[Si](C)(C)Cl
651,CC1=C(C(NC(=O)N1c2cccc(c2)C(=O)O)c3ccc(C#N)cc3)C(=O)Nc4ccccc4C,0.6,0,N,0.0,NC(=O)Nc1cccc(c1)C(=O)O,O=Cc1ccc(C#N)cc1,CC(=O)CC(=O)Nc1ccccc1C,C[Si](C)(C)Cl
652,CC1=C(C(NC(=O)N1c2cccc(c2)C(=O)O)c3ccc(C#N)cc3)C(=O)Nc4ccccc4C,0.6,0,N,0.0,NC(=O)Nc1cccc(c1)C(=O)O,O=Cc1ccc(C#N)cc1,CC(=O)CC(=O)Nc1ccccc1C,C[Si](C)(C)Cl
653,CC1=C(C(NC(=O)N1c2cccc(c2)C(=O)O)c3ccc(C#N)cc3)C(=O)Nc4ccccc4C,0.6,0,N,0.0,NC(=O)Nc1cccc(c1)C(=O)O,O=Cc1ccc(C#N)cc1,CC(=O)CC(=O)Nc1ccccc1C,C[Si](C)(C)Cl
654,CC1=C(C(NC(=O)N1c2cccc(c2)C(=O)O)c3ccc(F)cc3)C(=O)N4CCOCC4,0.6,0,N,0.0,NC(=O)Nc1cccc(c1)C(=O)O,Fc1ccc(C=O)cc1,CC(=O)CC(=O)N1CCOCC1,C[Si](C)(C)Cl
655,CC1=C(C(NC(=O)N1c2cccc(c2)C(=O)O)c3ccc(F)cc3)C(=O)N4CCOCC4,0.6,1,N,34.17,NC(=O)Nc1cccc(c1)C(=O)O,Fc1ccc(C=O)cc1,CC(=O)CC(=O)N1CCOCC1,C[Si](C)(C)Cl
656,CC1=C(C(NC(=O)N1c2cccc(c2)C(=O)O)c3ccc(F)cc3)C(=O)Nc4ccccc4,0.6,0,N,0.0,NC(=O)Nc1cccc(c1)C(=O)O,Fc1ccc(C=O)cc1,CC(=O)CC(=O)Nc1ccccc1,C[Si](C)(C)Cl
657,CC1=C(C(NC(=O)N1c2cccc(c2)C(=O)O)c3ccc(F)cc3)C(=O)Nc4ccccc4,0.6,0,N,0.0,NC(=O)Nc1cccc(c1)C(=O)O,Fc1ccc(C=O)cc1,CC(=O)CC(=O)Nc1ccccc1,C[Si](C)(C)Cl
658,CC1=C(C(NC(=O)N1c2cccc(c2)C(=O)O)c3ccc(F)cc3)C(=O)Nc4ccccc4,0.6,0,N,0.0,NC(=O)Nc1cccc(c1)C(=O)O,Fc1ccc(C=O)cc1,CC(=O)CC(=O)Nc1ccccc1,C[Si](C)(C)Cl
659,CC1=C(C(NC(=O)N1c2cccc(c2)C(=O)O)c3ccc(F)cc3F)C(=O)N4CCOCC4,0.6,1,N,41.67,NC(=O)Nc1cccc(c1)C(=O)O,Fc1ccc(C=O)c(F)c1,CC(=O)CC(=O)N1CCOCC1,C[Si](C)(C)Cl
660,CC1=C(C(NC(=O)N1c2cccc(c2)C(=O)O)c3ccc(OCC#N)cc3)C(=O)N4CCOCC4,0.6,0,N,0.0,NC(=O)Nc1cccc(c1)C(=O)O,O=Cc1ccc(OCC#N)cc1,CC(=O)CC(=O)N1CCOCC1,C[Si](C)(C)Cl
661,CC1=C(C(NC(=O)N1c2cccc(c2)C(=O)O)c3ccc(OCC#N)cc3)C(=O)N4CCOCC4,0.6,0,N,0.0,NC(=O)Nc1cccc(c1)C(=O)O,O=Cc1ccc(OCC#N)cc1,CC(=O)CC(=O)N1CCOCC1,C[Si](C)(C)Cl
662,CC1=C(C(NC(=O)N1c2cccc(c2)C(=O)O)c3ccc(OCC#N)cc3)C(=O)Nc4ccccc4,0.6,0,N,0.0,NC(=O)Nc1cccc(c1)C(=O)O,O=Cc1ccc(OCC#N)cc1,CC(=O)CC(=O)Nc1ccccc1,C[Si](C)(C)Cl
663,CC1=C(C(NC(=O)N1c2cccc(c2)C(=O)O)c3ccc(OCC#N)cc3)C(=O)Nc4ccccc4,0.6,0,N,0.0,NC(=O)Nc1cccc(c1)C(=O)O,O=Cc1ccc(OCC#N)cc1,CC(=O)CC(=O)Nc1ccccc1,C[Si](C)(C)Cl
664,CC1=C(C(NC(=O)N1c2cccc(c2)C(=O)O)c3ccc(OCC#N)cc3)C(=O)Nc4ccccc4C,0.6,0,N,0.0,NC(=O)Nc1cccc(c1)C(=O)O,O=Cc1ccc(OCC#N)cc1,CC(=O)CC(=O)Nc1ccccc1C,C[Si](C)(C)Cl
665,CC1=C(C(NC(=O)N1c2cccc(c2)C(=O)O)c3ccc(OCC#N)cc3)C(=O)Nc4ccccc4C,0.6,0,N,0.0,NC(=O)Nc1cccc(c1)C(=O)O,O=Cc1ccc(OCC#N)cc1,CC(=O)CC(=O)Nc1ccccc1C,C[Si](C)(C)Cl
666,CC1=C(C(NC(=O)N1c2cccc(c2)C(=O)O)c3cccc(F)c3)C(=O)N4CCOCC4,0.6,1,N,75.0,NC(=O)Nc1cccc(c1)C(=O)O,Fc1cccc(C=O)c1,CC(=O)CC(=O)N1CCOCC1,C[Si](C)(C)Cl
667,CC1=C(C(NC(=O)N1c2cccc(c2)C(=O)O)c3cccc(F)c3)C(=O)N4CCOCC4,0.6,0,N,0.0,NC(=O)Nc1cccc(c1)C(=O)O,Fc1cccc(C=O)c1,CC(=O)CC(=O)N1CCOCC1,C[Si](C)(C)Cl
668,CC1=C(C(NC(=O)N1c2cccc(c2)C(=O)O)c3cccc(F)c3)C(=O)Nc4ccccc4,0.6,0,N,0.0,NC(=O)Nc1cccc(c1)C(=O)O,Fc1cccc(C=O)c1,CC(=O)CC(=O)Nc1ccccc1,C[Si](C)(C)Cl
669,CC1=C(C(NC(=O)N1c2cccc(c2)C(=O)O)c3cccc(F)c3)C(=O)Nc4ccccc4,0.6,0,N,0.0,NC(=O)Nc1cccc(c1)C(=O)O,Fc1cccc(C=O)c1,CC(=O)CC(=O)Nc1ccccc1,C[Si](C)(C)Cl
670,CC1=C(C(NC(=O)N1c2cccc(c2)C(=O)O)c3cccc(F)c3)C(=O)Nc4ccccc4,0.6,0,N,0.0,NC(=O)Nc1cccc(c1)C(=O)O,Fc1cccc(C=O)c1,CC(=O)CC(=O)Nc1ccccc1,C[Si](C)(C)Cl
671,CC1=C(C(NC(=O)N1c2cccc(c2)C(=O)O)c3cccc(F)c3)C(=O)Nc4ccccc4,0.6,0,N,0.0,NC(=O)Nc1cccc(c1)C(=O)O,Fc1cccc(C=O)c1,CC(=O)CC(=O)Nc1ccccc1,C[Si](C)(C)Cl
672,CC1=C(C(NC(=O)N1c2cccc(c2)C(=O)O)c3cccc(F)c3)C(=O)Nc4ccccc4,0.6,0,N,0.0,NC(=O)Nc1cccc(c1)C(=O)O,Fc1cccc(C=O)c1,CC(=O)CC(=O)Nc1ccccc1,C[Si](C)(C)Cl
673,CC1=C(C(NC(=O)N1c2cccc(c2)C(=O)O)c3ccccc3F)C(=O)N4CCOCC4,0.6,1,N,10.83,NC(=O)Nc1cccc(c1)C(=O)O,Fc1ccccc1C=O,CC(=O)CC(=O)N1CCOCC1,C[Si](C)(C)Cl
674,CC1=C(C(NC(=O)N1c2cccc(c2)C(=O)O)c3ccccc3F)C(=O)N4CCOCC4,0.6,0,N,0.0,NC(=O)Nc1cccc(c1)C(=O)O,Fc1ccccc1C=O,CC(=O)CC(=O)N1CCOCC1,C[Si](C)(C)Cl
675,CC1=C(C(NC(=O)N1c2cccc(c2)C(=O)O)c3ccccc3F)C(=O)Nc4ccccc4,0.6,0,N,0.0,NC(=O)Nc1cccc(c1)C(=O)O,Fc1ccccc1C=O,CC(=O)CC(=O)Nc1ccccc1,C[Si](C)(C)Cl
676,CC1=C(C(NC(=O)N1c2cccc(c2)C(=O)O)c3ccccc3F)C(=O)Nc4ccccc4,0.6,0,N,0.0,NC(=O)Nc1cccc(c1)C(=O)O,Fc1ccccc1C=O,CC(=O)CC(=O)Nc1ccccc1,C[Si](C)(C)Cl
677,CC1=C(C(NC(=O)N1c2cccc(c2)C(=O)O)c3ccccc3F)C(=O)Nc4ccccc4,0.6,0,N,0.0,NC(=O)Nc1cccc(c1)C(=O)O,Fc1ccccc1C=O,CC(=O)CC(=O)Nc1ccccc1,C[Si](C)(C)Cl
678,CC1=C(C(NC(=O)N1c2cccc(c2)C(=O)O)c3ccccc3F)C(=O)Nc4ccccc4,0.6,0,N,0.0,NC(=O)Nc1cccc(c1)C(=O)O,Fc1ccccc1C=O,CC(=O)CC(=O)Nc1ccccc1,C[Si](C)(C)Cl
679,CC1=C(C(NC(=O)N1c2cccc(c2)C(=O)O)c3ccccc3F)C(=O)Nc4ccccc4,0.6,0,N,0.0,NC(=O)Nc1cccc(c1)C(=O)O,Fc1ccccc1C=O,CC(=O)CC(=O)Nc1ccccc1,C[Si](C)(C)Cl
680,CC1=C(C(NC(=O)N1c2ccccc2)c3cc(Br)cs3)C(=O)N4CCOCC4,0.6,1,N,46.67,NC(=O)Nc1ccccc1,Brc1csc(C=O)c1,CC(=O)CC(=O)N1CCOCC1,C[Si](C)(C)Cl
681,CC1=C(C(NC(=O)N1c2ccccc2)c3ccc(Br)s3)C(=O)N4CCOCC4,0.6,1,N,6.67,NC(=O)Nc1ccccc1,Brc1ccc(C=O)s1,CC(=O)CC(=O)N1CCOCC1,C[Si](C)(C)Cl
682,CC1=C(C(NC(=O)N1c2ccccc2)c3ccc(C#N)cc3)C(=O)N4CCOCC4,0.6,1,N,100.0,NC(=O)Nc1ccccc1,O=Cc1ccc(C#N)cc1,CC(=O)CC(=O)N1CCOCC1,C[Si](C)(C)Cl
683,CC1=C(C(NC(=O)N1c2ccccc2)c3ccc(C#N)cc3)C(=O)Nc4ccccc4,0.6,0,N,0.0,NC(=O)Nc1ccccc1,O=Cc1ccc(C#N)cc1,CC(=O)CC(=O)Nc1ccccc1,C[Si](C)(C)Cl
684,CC1=C(C(NC(=O)N1c2ccccc2)c3ccc(C#N)cc3)C(=O)Nc4ccccc4,0.6,1,N,35.0,NC(=O)Nc1ccccc1,O=Cc1ccc(C#N)cc1,CC(=O)CC(=O)Nc1ccccc1,C[Si](C)(C)Cl
685,CC1=C(C(NC(=O)N1c2ccccc2)c3ccc(C#N)cc3)C(=O)Nc4ccccc4,0.6,0,N,0.0,NC(=O)Nc1ccccc1,O=Cc1ccc(C#N)cc1,CC(=O)CC(=O)Nc1ccccc1,C[Si](C)(C)Cl
686,CC1=C(C(NC(=O)N1c2ccccc2)c3ccc(C#N)cc3)C(=O)Nc4ccccc4C,0.6,1,N,75.0,NC(=O)Nc1ccccc1,O=Cc1ccc(C#N)cc1,CC(=O)CC(=O)Nc1ccccc1C,C[Si](C)(C)Cl
687,CC1=C(C(NC(=O)N1c2ccccc2)c3ccc(C#N)cc3)C(=O)Nc4ccccc4C(F)(F)F,0.6,0,N,0.0,NC(=O)Nc1ccccc1,O=Cc1ccc(C#N)cc1,CC(=O)CC(=O)Nc1ccccc1C(F)(F)F,C[Si](C)(C)Cl
688,CC1=C(C(NC(=O)N1c2ccccc2)c3ccc(C#N)cc3)C(=O)Nc4ccccc4C(F)(F)F,0.6,1,N,30.0,NC(=O)Nc1ccccc1,O=Cc1ccc(C#N)cc1,CC(=O)CC(=O)Nc1ccccc1C(F)(F)F,C[Si](C)(C)Cl
689,CC1=C(C(NC(=O)N1c2ccccc2)c3ccc(Cl)cc3)C(=O)N4CCOCC4,0.6,1,N,46.67,NC(=O)Nc1ccccc1,Clc1ccc(C=O)cc1,CC(=O)CC(=O)N1CCOCC1,C[Si](C)(C)Cl
690,CC1=C(C(NC(=O)N1c2ccccc2)c3ccc(F)cc3)C(=O)N4CCOCC4,0.6,1,N,43.33,NC(=O)Nc1ccccc1,Fc1ccc(C=O)cc1,CC(=O)CC(=O)N1CCOCC1,C[Si](C)(C)Cl
691,CC1=C(C(NC(=O)N1c2ccccc2)c3ccc(F)cc3)C(=O)Nc4ccccc4,0.6,0,N,0.0,NC(=O)Nc1ccccc1,Fc1ccc(C=O)cc1,CC(=O)CC(=O)Nc1ccccc1,C[Si](C)(C)Cl
692,CC1=C(C(NC(=O)N1c2ccccc2)c3ccc(F)cc3)C(=O)Nc4ccccc4,0.6,1,N,27.5,NC(=O)Nc1ccccc1,Fc1ccc(C=O)cc1,CC(=O)CC(=O)Nc1ccccc1,C[Si](C)(C)Cl
693,CC1=C(C(NC(=O)N1c2ccccc2)c3ccc(F)cc3F)C(=O)N4CCOCC4,0.6,1,N,35.0,NC(=O)Nc1ccccc1,Fc1ccc(C=O)c(F)c1,CC(=O)CC(=O)N1CCOCC1,C[Si](C)(C)Cl
694,CC1=C(C(NC(=O)N1c2ccccc2)c3ccc(F)cc3F)C(=O)Nc4ccccc4C,0.6,0,N,0.0,NC(=O)Nc1ccccc1,Fc1ccc(C=O)c(F)c1,CC(=O)CC(=O)Nc1ccccc1C,C[Si](C)(C)Cl
695,CC1=C(C(NC(=O)N1c2ccccc2)c3ccc(F)cc3F)C(=O)Nc4ccccc4C,0.6,0,N,0.0,NC(=O)Nc1ccccc1,Fc1ccc(C=O)c(F)c1,CC(=O)CC(=O)Nc1ccccc1C,C[Si](C)(C)Cl
696,CC1=C(C(NC(=O)N1c2ccccc2)c3ccc(F)cc3F)C(=O)Nc4ccccc4C,0.6,0,N,0.0,NC(=O)Nc1ccccc1,Fc1ccc(C=O)c(F)c1,CC(=O)CC(=O)Nc1ccccc1C,C[Si](C)(C)Cl
697,CC1=C(C(NC(=O)N1c2ccccc2)c3ccc(OCC#N)cc3)C(=O)N4CCOCC4,0.6,0,N,0.0,NC(=O)Nc1ccccc1,O=Cc1ccc(OCC#N)cc1,CC(=O)CC(=O)N1CCOCC1,C[Si](C)(C)Cl
698,CC1=C(C(NC(=O)N1c2ccccc2)c3ccc(OCC#N)cc3)C(=O)N4CCOCC4,0.6,0,N,0.0,NC(=O)Nc1ccccc1,O=Cc1ccc(OCC#N)cc1,CC(=O)CC(=O)N1CCOCC1,C[Si](C)(C)Cl
699,CC1=C(C(NC(=O)N1c2ccccc2)c3ccc(OCC#N)cc3)C(=O)Nc4ccccc4,0.6,0,N,0.0,NC(=O)Nc1ccccc1,O=Cc1ccc(OCC#N)cc1,CC(=O)CC(=O)Nc1ccccc1,C[Si](C)(C)Cl
700,CC1=C(C(NC(=O)N1c2ccccc2)c3ccc(OCC#N)cc3)C(=O)Nc4ccccc4,0.6,0,N,0.0,NC(=O)Nc1ccccc1,O=Cc1ccc(OCC#N)cc1,CC(=O)CC(=O)Nc1ccccc1,C[Si](C)(C)Cl
701,CC1=C(C(NC(=O)N1c2ccccc2)c3cccc(F)c3)C(=O)N4CCOCC4,0.6,1,N,68.33,NC(=O)Nc1ccccc1,Fc1cccc(C=O)c1,CC(=O)CC(=O)N1CCOCC1,C[Si](C)(C)Cl
702,CC1=C(C(NC(=O)N1c2ccccc2)c3ccccc3F)C(=O)N4CCOCC4,0.6,1,N,100.0,NC(=O)Nc1ccccc1,Fc1ccccc1C=O,CC(=O)CC(=O)N1CCOCC1,C[Si](C)(C)Cl
703,CC1=C(C(NC(=O)N1c2ccccc2)c3cccs3)C(=O)Nc4cc(C)on4,0.6,0,N,0.0,NC(=O)Nc1ccccc1,O=Cc1cccs1,CC(=O)CC(=O)Nc1cc(C)on1,C[Si](C)(C)Cl
704,CC1=C(C(NC(=O)N1c2ccccc2)c3cccs3)C(=O)Nc4cc(C)on4,0.6,0,N,0.0,NC(=O)Nc1ccccc1,O=Cc1cccs1,CC(=O)CC(=O)Nc1cc(C)on1,C[Si](C)(C)Cl
705,CC1=C(C(NC(=S)N1)c2c(C)cc(C)cc2C)C(=O)N3CCOCC3,0.6,1,N,0.0,NC(=S)N,Cc1cc(C)c(C=O)c(C)c1,CC(=O)CC(=O)N1CCOCC1,
706,CC1=C(C(NC(=S)N1)c2c(C)cc(C)cc2C)C(=O)Nc3ccccc3C(F)(F)F,0.6,1,N,47.17,NC(=S)N,Cc1cc(C)c(C=O)c(C)c1,CC(=O)CC(=O)Nc1ccccc1C(F)(F)F,
707,CC1=C(C(NC(=S)N1)c2c(Cl)cccc2Cl)C(=O)Nc3ccccc3C(F)(F)F,0.6,0,N,0.0,NC(=S)N,Clc1cccc(Cl)c1C=O,CC(=O)CC(=O)Nc1ccccc1C(F)(F)F,
708,CC1=C(C(NC(=S)N1)c2c(F)cccc2Cl)C(=O)N3CCOCC3,0.6,1,N,70.17,NC(=S)N,Fc1cccc(Cl)c1C=O,CC(=O)CC(=O)N1CCOCC1,C[Si](C)(C)Cl
709,CC1=C(C(NC(=S)N1)c2c(F)cccc2Cl)C(=O)N3CCOCC3,0.6,1,N,0.0,NC(=S)N,Fc1cccc(Cl)c1C=O,CC(=O)CC(=O)N1CCOCC1,
710,CC1=C(C(NC(=S)N1)c2c(F)cccc2Cl)C(=O)Nc3cc(C)on3,0.6,1,N,58.33,NC(=S)N,Fc1cccc(Cl)c1C=O,CC(=O)CC(=O)Nc1cc(C)on1,C[Si](C)(C)Cl
711,CC1=C(C(NC(=S)N1)c2c(F)cccc2Cl)C(=O)Nc3ccc(F)cc3,0.6,1,N,49.5,NC(=S)N,Fc1cccc(Cl)c1C=O,CC(=O)CC(=O)Nc1ccc(F)cc1,
712,CC1=C(C(NC(=S)N1)c2c(F)cccc2Cl)C(=O)Nc3ccccc3Cl,0.6,1,N,43.0,NC(=S)N,Fc1cccc(Cl)c1C=O,CC(=O)CC(=O)Nc1ccccc1Cl,
713,CC1=C(C(NC(=S)N1)c2c(F)cccc2F)C(=O)Nc3ccc(Br)cc3,0.6,1,N,25.17,NC(=S)N,Fc1cccc(F)c1C=O,CC(=O)CC(=O)Nc1ccc(Br)cc1,
714,CC1=C(C(NC(=S)N1)c2c(F)cccc2F)C(=O)Nc3ccc(C)cc3,0.9,0,N,0.0,NC(=S)N,Fc1cccc(F)c1C=O,CC(=O)CC(=O)Nc1ccc(C)cc1,
715,CC1=C(C(NC(=S)N1)c2c(F)cccc2F)C(=O)Nc3ccc(F)cc3,0.6,1,N,0.0,NC(=S)N,Fc1cccc(F)c1C=O,CC(=O)CC(=O)Nc1ccc(F)cc1,
716,CC1=C(C(NC(=S)N1)c2c(F)cccc2F)C(=O)Nc3cccc(Cl)c3,0.6,1,N,59.17,NC(=S)N,Fc1cccc(F)c1C=O,CC(=O)CC(=O)Nc1cccc(Cl)c1,C[Si](C)(C)Cl
717,CC1=C(C(NC(=S)N1)c2c(F)cccc2F)C(=O)Nc3ccccc3C(F)(F)F,0.6,0,N,0.0,NC(=S)N,Fc1cccc(F)c1C=O,CC(=O)CC(=O)Nc1ccccc1C(F)(F)F,
718,CC1=C(C(NC(=S)N1)c2c(F)cccc2F)C(=O)Nc3ccccc3Cl,0.6,0,N,0.0,NC(=S)N,Fc1cccc(F)c1C=O,CC(=O)CC(=O)Nc1ccccc1Cl,
719,CC1=C(C(NC(=S)N1)c2c(F)cccc2F)C(=O)OC(C)(C)C,0.6,0,N,0.0,NC(=S)N,Fc1cccc(F)c1C=O,CC(=O)CC(=O)OC(C)(C)C,
720,CC1=C(C(NC(=S)N1)c2cc(C#N)n(C)c2C)C(=O)N3CCOCC3,0.6,0,N,0.0,NC(=S)N,Cc1c(C=O)cc(C#N)n1C,CC(=O)CC(=O)N1CCOCC1,C[Si](C)(C)Cl
721,CC1=C(C(NC(=S)N1)c2cc(C)ccc2C)C(=O)N3CCOCC3,0.6,1,N,0.0,NC(=S)N,Cc1ccc(C)c(C=O)c1,CC(=O)CC(=O)N1CCOCC1,
722,CC1=C(C(NC(=S)N1)c2cc3OCOc3cc2[N+](=O)[O-])C(=O)N4CCOCC4,0.6,1,N,0.0,NC(=S)N,[O-][N+](=O)c1cc2OCOc2cc1C=O,CC(=O)CC(=O)N1CCOCC1,
723,CC1=C(C(NC(=S)N1)c2cc3OCOc3cc2[N+](=O)[O-])C(=O)c4ccccc4,0.6,0,N,0.0,NC(=S)N,[O-][N+](=O)c1cc2OCOc2cc1C=O,CC(=O)CC(=O)c1ccccc1,
724,CC1=C(C(NC(=S)N1)c2cc3ccccc3nc2O)C(=O)Nc4ccc(Br)cc4,0.6,1,N,92.5,NC(=S)N,Oc1nc2ccccc2cc1C=O,CC(=O)CC(=O)Nc1ccc(Br)cc1,C[Si](C)(C)Cl
725,CC1=C(C(NC(=S)N1)c2ccc(Br)c(c2)[N+](=O)[O-])C(=O)Nc3ccc(C)cc3C,0.6,1,N,0.0,CC(=O)CC(=O)Nc1ccc(C)cc1C,[O-][N+](=O)c1cc(C=O)ccc1Cl,NC(=S)N,
726,CC1=C(C(NC(=S)N1)c2ccc(C#N)cc2)C(=O)Nc3ccc(Cl)cc3,0.6,1,N,17.33,NC(=S)N,O=Cc1ccc(C#N)cc1,CC(=O)CC(=O)Nc1ccc(Cl)cc1,C[Si](C)(C)Cl
727,CC1=C(C(NC(=S)N1)c2ccc(C)cc2)C(=O)N3CCOCC3,0.6,1,N,0.0,NC(=S)N,Cc1ccc(C=O)cc1,CC(=O)CC(=O)N1CCOCC1,
728,CC1=C(C(NC(=S)N1)c2ccc(C)cc2)C(=O)N3CCOCC3,0.6,1,N,81.67,NC(=S)N,Cc1ccc(C=O)cc1,CC(=O)CC(=O)N1CCOCC1,C[Si](C)(C)Cl
729,CC1=C(C(NC(=S)N1)c2ccc(C)cc2C)C(=O)c3ccccc3,0.6,1,N,37.17,NC(=S)N,Cc1ccc(C=O)c(C)c1,CC(=O)CC(=O)c1ccccc1,
730,CC1=C(C(NC(=S)N1)c2ccc(C)o2)C(=O)Nc3ccccc3C(F)(F)F,0.6,0,N,0.0,NC(=S)N,Cc1ccc(C=O)o1,CC(=O)CC(=O)Nc1ccccc1C(F)(F)F,
731,CC1=C(C(NC(=S)N1)c2ccc(C)s2)C(=O)Nc3ccc(F)c(F)c3,0.6,0,N,0.0,NC(=S)N,Cc1ccc(C=O)s1,CC(=O)CC(=O)Nc1ccc(F)c(F)c1,C[Si](C)(C)Cl
732,CC1=C(C(NC(=S)N1)c2ccc(C)s2)C(=O)Nc3ccccc3C(F)(F)F,0.6,1,N,0.0,NC(=S)N,Cc1ccc(C=O)s1,CC(=O)CC(=O)Nc1ccccc1C(F)(F)F,
733,CC1=C(C(NC(=S)N1)c2ccc(Cl)c(Cl)c2)C(=O)N3CCOCC3,0.6,1,N,0.0,NC(=S)N,Clc1ccc(C=O)cc1Cl,CC(=O)CC(=O)N1CCOCC1,
734,CC1=C(C(NC(=S)N1)c2ccc(Cl)c(Cl)c2)C(=O)OC(C)(C)C,0.9,0,N,0.0,NC(=S)N,Clc1ccc(C=O)cc1Cl,CC(=O)CC(=O)OC(C)(C)C,
735,CC1=C(C(NC(=S)N1)c2ccc(Cl)c(c2)[N+](=O)[O-])C(=O)OCc3ccccc3,0.6,1,N,90.0,NC(=S)N,[O-][N+](=O)c1cc(C=O)ccc1Cl,CC(=O)CC(=O)OCc1ccccc1,C[Si](C)(C)Cl
736,CC1=C(C(NC(=S)N1)c2ccc(Cl)c(c2)[N+](=O)[O-])C(=O)c3ccc(Cl)cc3,0.6,1,N,30.5,NC(=S)N,[O-][N+](=O)c1cc(C=O)ccc1Cl,CC(=O)CC(=O)c1ccc(Cl)cc1,
737,CC1=C(C(NC(=S)N1)c2ccc(Cl)cc2)C(=O)N3CCOCC3,0.6,1,N,85.83,NC(=S)N,Clc1ccc(C=O)cc1,CC(=O)CC(=O)N1CCOCC1,
738,CC1=C(C(NC(=S)N1)c2ccc(Cl)cc2)C(=O)Nc3ccccc3C(F)(F)F,0.6,1,N,24.33,NC(=S)N,Clc1ccc(C=O)cc1,CC(=O)CC(=O)Nc1ccccc1C(F)(F)F,
739,CC1=C(C(NC(=S)N1)c2ccc(F)cc2)C(=O)Nc3cccc(C)c3,0.6,1,N,49.17,NC(=S)N,Fc1ccc(C=O)cc1,CC(=O)CC(=O)Nc1cccc(C)c1,C[Si](C)(C)Cl
740,CC1=C(C(NC(=S)N1)c2ccc(F)cc2)C(=O)Nc3ccccc3C(F)(F)F,0.6,1,N,4.83,NC(=S)N,Fc1ccc(C=O)cc1,CC(=O)CC(=O)Nc1ccccc1C(F)(F)F,
741,CC1=C(C(NC(=S)N1)c2ccc(F)cc2F)C(=O)Nc3ccc(Cl)cc3,0.6,1,N,73.5,NC(=S)N,Fc1ccc(C=O)c(F)c1,CC(=O)CC(=O)Nc1ccc(Cl)cc1,C[Si](C)(C)Cl
742,CC1=C(C(NC(=S)N1)c2ccc(F)cc2F)C(=O)OCc3ccccc3,0.6,1,N,41.67,NC(=S)N,Fc1ccc(C=O)c(F)c1,CC(=O)CC(=O)OCc1ccccc1,C[Si](C)(C)Cl
743,CC1=C(C(NC(=S)N1)c2ccc(O)c(c2)[N+](=O)[O-])C(=O)Nc3ccccc3C,0.6,0,N,0.0,NC(=S)N,Oc1ccc(C=O)cc1[N+](=O)[O-],CC(=O)CC(=O)Nc1ccccc1C,C[Si](C)(C)Cl
744,CC1=C(C(NC(=S)N1)c2ccc(O)cc2)C(=O)N3CCOCC3,0.6,1,N,0.0,NC(=S)N,Oc1ccc(C=O)cc1,CC(=O)CC(=O)N1CCOCC1,
745,CC1=C(C(NC(=S)N1)c2ccc(O)cc2)C(=O)Nc3cccc(Cl)c3C,0.6,1,N,58.67,NC(=S)N,Oc1ccc(C=O)cc1,CC(=O)CC(=O)Nc1cccc(Cl)c1C,C[Si](C)(C)Cl
746,CC1=C(C(NC(=S)N1)c2ccc(OC(F)F)cc2)C(=O)N3CCOCC3,0.6,1,N,0.0,NC(=S)N,FC(F)Oc1ccc(C=O)cc1,CC(=O)CC(=O)N1CCOCC1,
747,CC1=C(C(NC(=S)N1)c2ccc(OC(F)F)cc2)C(=O)Nc3cc(Cl)ccc3C,0.6,1,N,0.0,NC(=S)N,FC(F)Oc1ccc(C=O)cc1,CC(=O)CC(=O)Nc1cc(Cl)ccc1C,
748,CC1=C(C(NC(=S)N1)c2ccc(OC(F)F)cc2)C(=O)Nc3ccc(Br)cc3,0.6,1,N,46.17,NC(=S)N,FC(F)Oc1ccc(C=O)cc1,CC(=O)CC(=O)Nc1ccc(Br)cc1,
749,CC1=C(C(NC(=S)N1)c2ccc(OC(F)F)cc2)C(=O)Nc3ccc(C)c(C)c3,0.6,1,N,0.0,NC(=S)N,FC(F)Oc1ccc(C=O)cc1,CC(=O)CC(=O)Nc1ccc(C)c(C)c1,
750,CC1=C(C(NC(=S)N1)c2ccc(OC(F)F)cc2)C(=O)Nc3ccc(C)c(Cl)c3,0.9,0,N,0.0,NC(=S)N,FC(F)Oc1ccc(C=O)cc1,CC(=O)CC(=O)Nc1ccc(C)c(Cl)c1,
751,CC1=C(C(NC(=S)N1)c2ccc(OC(F)F)cc2)C(=O)Nc3ccc(C)cc3,0.9,0,N,0.0,NC(=S)N,FC(F)Oc1ccc(C=O)cc1,CC(=O)CC(=O)Nc1ccc(C)cc1,
752,CC1=C(C(NC(=S)N1)c2ccc(OC(F)F)cc2)C(=O)Nc3ccc(C)cc3C,0.6,0,N,0.0,NC(=S)N,FC(F)Oc1ccc(C=O)cc1,CC(=O)CC(=O)Nc1ccc(C)cc1C,
753,CC1=C(C(NC(=S)N1)c2ccc(OC(F)F)cc2)C(=O)Nc3ccc(Cl)cc3,0.6,0,N,0.0,NC(=S)N,FC(F)Oc1ccc(C=O)cc1,CC(=O)CC(=O)Nc1ccc(Cl)cc1,
754,CC1=C(C(NC(=S)N1)c2ccc(OC(F)F)cc2)C(=O)Nc3ccc(F)cc3,0.6,1,N,0.0,NC(=S)N,FC(F)Oc1ccc(C=O)cc1,CC(=O)CC(=O)Nc1ccc(F)cc1,
755,CC1=C(C(NC(=S)N1)c2ccc(OC(F)F)cc2)C(=O)Nc3ccc(cc3)[N+](=O)[O-],0.6,1,N,10.5,NC(=S)N,FC(F)Oc1ccc(C=O)cc1,CC(=O)CC(=O)Nc1ccc(cc1)[N+](=O)[O-],
756,CC1=C(C(NC(=S)N1)c2ccc(OC(F)F)cc2)C(=O)Nc3cccc(Cl)c3,0.6,1,N,15.5,NC(=S)N,FC(F)Oc1ccc(C=O)cc1,CC(=O)CC(=O)Nc1cccc(Cl)c1,C[Si](C)(C)Cl
757,CC1=C(C(NC(=S)N1)c2ccc(OC(F)F)cc2)C(=O)Nc3cccc(Cl)c3,0.6,1,N,0.0,NC(=S)N,FC(F)Oc1ccc(C=O)cc1,CC(=O)CC(=O)Nc1cccc(Cl)c1,
758,CC1=C(C(NC(=S)N1)c2ccc(OC(F)F)cc2)C(=O)Nc3ccccc3C(F)(F)F,0.6,1,N,0.0,NC(=S)N,FC(F)Oc1ccc(C=O)cc1,CC(=O)CC(=O)Nc1ccccc1C(F)(F)F,
759,CC1=C(C(NC(=S)N1)c2ccc(OC(F)F)cc2)C(=O)Nc3ccccc3Cl,0.9,1,N,4.0,NC(=S)N,FC(F)Oc1ccc(C=O)cc1,CC(=O)CC(=O)Nc1ccccc1Cl,
760,CC1=C(C(NC(=S)N1)c2ccc(OC(F)F)cc2)C(=O)OC(C)(C)C,0.9,0,N,0.0,NC(=S)N,FC(F)Oc1ccc(C=O)cc1,CC(=O)CC(=O)OC(C)(C)C,
761,CC1=C(C(NC(=S)N1)c2ccc(OC(F)F)cc2)C(=O)c3ccccc3,0.6,1,N,0.0,NC(=S)N,FC(F)Oc1ccc(C=O)cc1,CC(=O)CC(=O)c1ccccc1,
762,CC1=C(C(NC(=S)N1)c2ccc(Oc3ccc(cc3)C(C)(C)C)c(c2)[N+](=O)[O-])C(=O)c4ccc(Cl)cc4,0.6,1,N,56.83,NC(=S)N,CC(C)(C)c1ccc(Oc2ccc(C=O)cc2[N+](=O)[O-])cc1,CC(=O)CC(=O)c1ccc(Cl)cc1,
763,CC1=C(C(NC(=S)N1)c2ccc(Oc3ccccc3)cc2)C(=O)c4ccccc4,0.6,1,N,0.0,NC(=S)N,O=Cc1ccc(Oc2ccccc2)cc1,CC(=O)CC(=O)c1ccccc1,
764,CC1=C(C(NC(=S)N1)c2ccc(cc2)C(C)(C)C)C(=O)N3CCOCC3,0.6,0,N,0.0,NC(=S)N,CC(C)(C)c1ccc(C=O)cc1,CC(=O)CC(=O)N1CCOCC1,C[Si](C)(C)Cl
765,CC1=C(C(NC(=S)N1)c2ccc(cc2)C(C)(C)C)C(=O)Nc3cc(C)on3,0.6,0,N,0.0,NC(=S)N,CC(C)(C)c1ccc(C=O)cc1,CC(=O)CC(=O)Nc1cc(C)on1,C[Si](C)(C)Cl
766,CC1=C(C(NC(=S)N1)c2ccc(cc2)C(C)(C)C)C(=O)OC(C)(C)C,0.6,1,N,0.0,NC(=S)N,CC(C)(C)c1ccc(C=O)cc1,CC(=O)CC(=O)OC(C)(C)C,
767,CC1=C(C(NC(=S)N1)c2ccc(cc2)N3CCOCC3)C(=O)Nc4ccc(cc4)[N+](=O)[O-],0.6,0,N,0.0,NC(=S)N,O=Cc1ccc(cc1)N2CCOCC2,CC(=O)CC(=O)Nc1ccc(cc1)[N+](=O)[O-],
768,CC1=C(C(NC(=S)N1)c2ccc(cc2)N3CCOCC3)C(=O)Nc4ccccc4C(F)(F)F,0.6,1,N,53.5,NC(=S)N,O=Cc1ccc(cc1)N2CCOCC2,CC(=O)CC(=O)Nc1ccccc1C(F)(F)F,
769,CC1=C(C(NC(=S)N1)c2ccc(cc2)[N+](=O)[O-])C(=O)Nc3ccc(Br)cc3,0.6,0,N,0.0,NC(=S)N,[O-][N+](=O)c1ccc(C=O)cc1,CC(=O)CC(=O)Nc1ccc(Br)cc1,C[Si](C)(C)Cl
770,CC1=C(C(NC(=S)N1)c2ccc(cc2)[N+](=O)[O-])C(=O)c3ccccc3,0.6,0,N,0.0,NC(=S)N,[O-][N+](=O)c1ccc(C=O)cc1,CC(=O)CC(=O)c1ccccc1,
771,CC1=C(C(NC(=S)N1)c2ccc(cc2)c3ccccc3)C(=O)N4CCOCC4,0.6,1,N,0.0,NC(=S)N,O=Cc1ccc(cc1)c2ccccc2,CC(=O)CC(=O)N1CCOCC1,
772,CC1=C(C(NC(=S)N1)c2ccc(cc2)n3cncn3)C(=O)Nc4ccc(Br)cc4,0.6,1,N,96.67,NC(=S)N,O=Cc1ccc(cc1)n2cncn2,CC(=O)CC(=O)Nc1ccc(Br)cc1,C[Si](C)(C)Cl
773,CC1=C(C(NC(=S)N1)c2ccc(o2)c3cc(Cl)ccc3Cl)C(=O)c4ccccc4,0.6,1,N,27.0,NC(=S)N,Clc1ccc(Cl)c(c1)c2ccc(C=O)o2,CC(=O)CC(=O)c1ccccc1,
774,CC1=C(C(NC(=S)N1)c2ccc(o2)c3ccc(cc3)[N+](=O)[O-])C(=O)Nc4ccc(C)cc4,0.6,0,N,0.0,NC(=S)N,[O-][N+](=O)c1ccc(cc1)c2ccc(C=O)o2,CC(=O)CC(=O)Nc1ccc(C)cc1,
775,CC1=C(C(NC(=S)N1)c2ccc(o2)c3cccc(Cl)c3)C(=O)c4ccccc4,0.6,0,N,0.0,NC(=S)N,Clc1cccc(c1)c2ccc(C=O)o2,CC(=O)CC(=O)c1ccccc1,
776,CC1=C(C(NC(=S)N1)c2ccc(o2)c3cccc(c3)[N+](=O)[O-])C(=O)Nc4ccccc4,0.6,0,N,0.0,NC(=S)N,[O-][N+](=O)c1cccc(c1)c2ccc(C=O)o2,CC(=O)CC(=O)Nc1ccccc1,
777,CC1=C(C(NC(=S)N1)c2ccc(s2)c3ccccc3)C(=O)Nc4ccccc4C,0.6,1,N,63.83,NC(=S)N,O=Cc1ccc(s1)c2ccccc2,CC(=O)CC(=O)Nc1ccccc1C,C[Si](C)(C)Cl
778,CC1=C(C(NC(=S)N1)c2ccc3OCCOc3c2)C(=O)N4CCOCC4,0.6,1,N,85.0,NC(=S)N,O=Cc1ccc2OCCOc2c1,CC(=O)CC(=O)N1CCOCC1,C[Si](C)(C)Cl
779,CC1=C(C(NC(=S)N1)c2ccc3OCCOc3c2)C(=O)Nc4ccc(C)cc4C,0.6,0,N,0.0,NC(=S)N,O=Cc1ccc2OCCOc2c1,CC(=O)CC(=O)Nc1ccc(C)cc1C,
780,CC1=C(C(NC(=S)N1)c2ccc3OCCOc3c2)C(=O)Nc4ccccc4F,0.6,1,N,11.0,NC(=S)N,O=Cc1ccc2OCCOc2c1,CC(=O)CC(=O)Nc1ccccc1F,
781,CC1=C(C(NC(=S)N1)c2ccc3OCCOc3c2)C(=O)OC(C)(C)C,0.6,0,N,0.0,NC(=S)N,O=Cc1ccc2OCCOc2c1,CC(=O)CC(=O)OC(C)(C)C,
782,CC1=C(C(NC(=S)N1)c2cccc(C)c2)C(=O)N3CCOCC3,0.6,1,N,49.0,NC(=S)N,Cc1cccc(C=O)c1,CC(=O)CC(=O)N1CCOCC1,
783,CC1=C(C(NC(=S)N1)c2cccc(Cl)c2Cl)C(=O)OC(C)(C)C,0.6,1,N,0.0,NC(=S)N,Clc1cccc(C=O)c1Cl,CC(=O)CC(=O)OC(C)(C)C,
784,CC1=C(C(NC(=S)N1)c2cccc(F)c2)C(=O)N3CCOCC3,0.6,1,N,0.0,NC(=S)N,Fc1cccc(C=O)c1,CC(=O)CC(=O)N1CCOCC1,
785,CC1=C(C(NC(=S)N1)c2cccc(F)c2)C(=O)Nc3ccc(C)cc3,0.6,1,N,42.83,NC(=S)N,Fc1cccc(C=O)c1,CC(=O)CC(=O)Nc1ccc(C)cc1,C[Si](C)(C)Cl
786,CC1=C(C(NC(=S)N1)c2cccc(F)c2)C(=O)Nc3cccc(C)c3C,0.6,0,N,0.0,NC(=S)N,Fc1cccc(C=O)c1,CC(=O)CC(=O)Nc1cccc(C)c1C,C[Si](C)(C)Cl
787,CC1=C(C(NC(=S)N1)c2cccc(F)c2)C(=O)Nc3ccccc3C(F)(F)F,0.6,1,N,22.5,NC(=S)N,Fc1cccc(C=O)c1,CC(=O)CC(=O)Nc1ccccc1C(F)(F)F,
788,CC1=C(C(NC(=S)N1)c2cccc(OCc3ccccc3)c2)C(=O)c4ccccc4,0.6,1,N,0.0,NC(=S)N,O=Cc1cccc(OCc2ccccc2)c1,CC(=O)CC(=O)c1ccccc1,
789,CC1=C(C(NC(=S)N1)c2cccc(Oc3ccccc3)c2)C(=O)Nc4ccc(F)c(F)c4,0.6,1,N,87.83,NC(=S)N,O=Cc1cccc(Oc2ccccc2)c1,CC(=O)CC(=O)Nc1ccc(F)c(F)c1,
790,CC1=C(C(NC(=S)N1)c2cccc(Oc3ccccc3)c2)C(=O)Nc4ccccc4C(F)(F)F,0.6,1,N,51.67,NC(=S)N,O=Cc1cccc(Oc2ccccc2)c1,CC(=O)CC(=O)Nc1ccccc1C(F)(F)F,C[Si](C)(C)Cl
791,CC1=C(C(NC(=S)N1)c2cccc(Oc3ccccc3)c2)C(=O)c4ccccc4,0.6,1,N,0.0,NC(=S)N,O=Cc1cccc(Oc2ccccc2)c1,CC(=O)CC(=O)c1ccccc1,
792,CC1=C(C(NC(=S)N1)c2cccc(c2)C(F)(F)F)C(=O)Nc3ccccc3C(F)(F)F,0.6,0,N,0.0,NC(=S)N,FC(F)(F)c1cccc(C=O)c1,CC(=O)CC(=O)Nc1ccccc1C(F)(F)F,
793,CC1=C(C(NC(=S)N1)c2cccc(c2)[N+](=O)[O-])C(=O)Nc3ccc(F)c(F)c3,0.6,1,N,24.5,NC(=S)N,[O-][N+](=O)c1cccc(C=O)c1,CC(=O)CC(=O)Nc1ccc(F)c(F)c1,C[Si](C)(C)Cl
794,CC1=C(C(NC(=S)N1)c2cccc(c2)[N+](=O)[O-])C(=O)c3ccccc3,0.6,1,N,22.5,NC(=S)N,[O-][N+](=O)c1cccc(C=O)c1,CC(=O)CC(=O)c1ccccc1,
795,CC1=C(C(NC(=S)N1)c2cccc3ccccc23)C(=O)N4CCOCC4,0.6,1,N,0.0,NC(=S)N,O=Cc1cccc2ccccc12,CC(=O)CC(=O)N1CCOCC1,
796,CC1=C(C(NC(=S)N1)c2cccc3ccccc23)C(=O)Nc4ccc(cc4)[N+](=O)[O-],0.6,1,N,37.33,NC(=S)N,O=Cc1cccc2ccccc12,CC(=O)CC(=O)Nc1ccc(cc1)[N+](=O)[O-],
797,CC1=C(C(NC(=S)N1)c2ccccc2)C(=O)N3CCOCC3,0.6,1,N,65.83,NC(=S)N,O=Cc1ccccc1,CC(=O)CC(=O)N1CCOCC1,C[Si](C)(C)Cl
798,CC1=C(C(NC(=S)N1)c2ccccc2)C(=O)Nc3ccc(C)cc3C,0.6,1,N,0.0,NC(=S)N,O=Cc1ccccc1,CC(=O)CC(=O)Nc1ccc(C)cc1C,
799,CC1=C(C(NC(=S)N1)c2ccccc2)C(=O)Nc3ccc(F)c(F)c3,0.6,1,N,0.0,NC(=S)N,O=Cc1ccccc1,CC(=O)CC(=O)Nc1ccc(F)c(F)c1,
800,CC1=C(C(NC(=S)N1)c2ccccc2)C(=O)Nc3cccc(Cl)c3,0.6,1,N,41.0,NC(=S)N,O=Cc1ccccc1,CC(=O)CC(=O)Nc1cccc(Cl)c1,C[Si](C)(C)Cl
801,CC1=C(C(NC(=S)N1)c2ccccc2)C(=O)Nc3ccccc3C(F)(F)F,0.6,1,N,23.0,NC(=S)N,O=Cc1ccccc1,CC(=O)CC(=O)Nc1ccccc1C(F)(F)F,
802,CC1=C(C(NC(=S)N1)c2ccccc2)C(=O)OCC=C,0.6,1,N,0.0,NC(=S)N,O=Cc1ccccc1,CC(=O)CC(=O)OCC=C,C[Si](C)(C)Cl
803,CC1=C(C(NC(=S)N1)c2ccccc2C(F)(F)F)C(=O)Nc3ccc(F)cc3,0.6,1,N,7.83,NC(=S)N,FC(F)(F)c1ccccc1C=O,CC(=O)CC(=O)Nc1ccc(F)cc1,
804,CC1=C(C(NC(=S)N1)c2ccccc2C(F)(F)F)C(=O)Nc3ccc(cc3)[N+](=O)[O-],0.6,1,N,66.67,NC(=S)N,FC(F)(F)c1ccccc1C=O,CC(=O)CC(=O)Nc1ccc(cc1)[N+](=O)[O-],
805,CC1=C(C(NC(=S)N1)c2ccccc2C(F)(F)F)C(=O)Nc3ccccc3C(F)(F)F,0.6,1,N,3.67,NC(=S)N,FC(F)(F)c1ccccc1C=O,CC(=O)CC(=O)Nc1ccccc1C(F)(F)F,
806,CC1=C(C(NC(=S)N1)c2ccccc2C(F)(F)F)C(=O)OC(C)(C)C,0.6,1,N,0.0,NC(=S)N,FC(F)(F)c1ccccc1C=O,CC(=O)CC(=O)OC(C)(C)C,
807,CC1=C(C(NC(=S)N1)c2ccccc2C(F)(F)F)C(=O)OCc3ccccc3,0.6,1,N,26.67,NC(=S)N,FC(F)(F)c1ccccc1C=O,CC(=O)CC(=O)OCc1ccccc1,C[Si](C)(C)Cl
808,CC1=C(C(NC(=S)N1)c2ccccc2Cl)C(=O)Nc3ccccc3C(F)(F)F,0.6,1,N,10.67,NC(=S)N,Clc1ccccc1C=O,CC(=O)CC(=O)Nc1ccccc1C(F)(F)F,
809,CC1=C(C(NC(=S)N1)c2ccccc2F)C(=O)N3CCOCC3,0.6,1,N,80.83,NC(=S)N,Fc1ccccc1C=O,CC(=O)CC(=O)N1CCOCC1,C[Si](C)(C)Cl
810,CC1=C(C(NC(=S)N1)c2ccccc2F)C(=O)Nc3ccc(C)c(C)c3,0.6,1,N,0.0,NC(=S)N,Fc1ccccc1C=O,CC(=O)CC(=O)Nc1ccc(C)c(C)c1,
811,CC1=C(C(NC(=S)N1)c2ccccc2F)C(=O)Nc3cccc(C)c3C,0.6,0,N,0.0,NC(=S)N,Fc1ccccc1C=O,CC(=O)CC(=O)Nc1cccc(C)c1C,C[Si](C)(C)Cl
812,CC1=C(C(NC(=S)N1)c2ccccc2F)C(=O)Nc3cccc(Cl)c3,0.6,1,N,33.33,NC(=S)N,Fc1ccccc1C=O,CC(=O)CC(=O)Nc1cccc(Cl)c1,C[Si](C)(C)Cl
813,CC1=C(C(NC(=S)N1)c2ccccc2F)C(=O)Nc3ccccc3C(F)(F)F,0.6,0,N,0.0,NC(=S)N,Fc1ccccc1C=O,CC(=O)CC(=O)Nc1ccccc1C(F)(F)F,
814,CC1=C(C(NC(=S)N1)c2ccccc2OC(F)F)C(=O)Nc3cc(Cl)ccc3C,0.6,1,N,45.17,NC(=S)N,FC(F)Oc1ccccc1C=O,CC(=O)CC(=O)Nc1cc(Cl)ccc1C,
815,CC1=C(C(NC(=S)N1)c2ccccc2OC(F)F)C(=O)Nc3ccc(Br)cc3,0.6,1,N,0.0,NC(=S)N,FC(F)Oc1ccccc1C=O,CC(=O)CC(=O)Nc1ccc(Br)cc1,
816,CC1=C(C(NC(=S)N1)c2ccccc2OC(F)F)C(=O)Nc3ccc(C)cc3,0.6,1,N,0.0,NC(=S)N,FC(F)Oc1ccccc1C=O,CC(=O)CC(=O)Nc1ccc(C)cc1,
817,CC1=C(C(NC(=S)N1)c2ccccc2OC(F)F)C(=O)Nc3ccc(C)cc3C,0.6,0,N,0.0,NC(=S)N,FC(F)Oc1ccccc1C=O,CC(=O)CC(=O)Nc1ccc(C)cc1C,
818,CC1=C(C(NC(=S)N1)c2ccccc2OC(F)F)C(=O)Nc3ccc(cc3)[N+](=O)[O-],0.6,1,N,0.0,NC(=S)N,FC(F)Oc1ccccc1C=O,CC(=O)CC(=O)Nc1ccc(cc1)[N+](=O)[O-],
819,CC1=C(C(NC(=S)N1)c2ccccc2OC(F)F)C(=O)Nc3cccc(c3)[N+](=O)[O-],0.6,0,N,0.0,NC(=S)N,FC(F)Oc1ccccc1C=O,CC(=O)CC(=O)Nc1cccc(c1)[N+](=O)[O-],
820,CC1=C(C(NC(=S)N1)c2ccccc2OC(F)F)C(=O)Nc3ccccc3,0.6,1,N,0.0,NC(=S)N,FC(F)Oc1ccccc1C=O,CC(=O)CC(=O)Nc1ccccc1,
821,CC1=C(C(NC(=S)N1)c2ccccc2OC(F)F)C(=O)Nc3ccccc3C(F)(F)F,0.6,1,N,0.0,NC(=S)N,FC(F)Oc1ccccc1C=O,CC(=O)CC(=O)Nc1ccccc1C(F)(F)F,
822,CC1=C(C(NC(=S)N1)c2ccccc2OC(F)F)C(=O)Nc3ccccc3Cl,0.9,0,N,0.0,NC(=S)N,FC(F)Oc1ccccc1C=O,CC(=O)CC(=O)Nc1ccccc1Cl,
823,CC1=C(C(NC(=S)N1)c2ccccc2OC(F)F)C(=O)OC(C)(C)C,0.9,0,N,0.0,NC(=S)N,FC(F)Oc1ccccc1C=O,CC(=O)CC(=O)OC(C)(C)C,
824,CC1=C(C(NC(=S)N1)c2ccccc2OC(F)F)C(=O)OC(C)(C)C,0.6,0,N,0.0,NC(=S)N,FC(F)Oc1ccccc1C=O,CC(=O)CC(=O)OC(C)(C)C,
825,CC1=C(C(NC(=S)N1)c2ccccc2OC(F)F)C(=O)OCc3ccccc3,0.6,1,N,0.0,NC(=S)N,FC(F)Oc1ccccc1C=O,CC(=O)CC(=O)OCc1ccccc1,
826,CC1=C(C(NC(=S)N1)c2ccccc2OC(F)F)C(=O)c3ccccc3,0.6,1,N,0.0,NC(=S)N,FC(F)Oc1ccccc1C=O,CC(=O)CC(=O)c1ccccc1,
827,CC1=C(C(NC(=S)N1)c2ccccc2[N+](=O)[O-])C(=O)Nc3ccccc3C(F)(F)F,0.6,1,N,0.0,NC(=S)N,[O-][N+](=O)c1ccccc1C=O,CC(=O)CC(=O)Nc1ccccc1C(F)(F)F,
828,CC1=C(C(NC(=S)N1)c2ccccc2[N+](=O)[O-])C(=O)c3ccccc3,0.6,0,N,0.0,NC(=S)N,[O-][N+](=O)c1ccccc1C=O,CC(=O)CC(=O)c1ccccc1,
829,CC1=C(C(NC(=S)N1)c2cccs2)C(=O)N3CCOCC3,0.6,1,N,53.0,NC(=S)N,O=Cc1cccs1,CC(=O)CC(=O)N1CCOCC1,C[Si](C)(C)Cl
830,CC1=C(C(NC(=S)N1)c2cccs2)C(=O)Nc3ccc(F)c(F)c3,0.6,1,N,55.17,NC(=S)N,O=Cc1cccs1,CC(=O)CC(=O)Nc1ccc(F)c(F)c1,C[Si](C)(C)Cl
831,CC1=C(C(NC(=S)N1)c2cccs2)C(=O)Nc3ccc(F)c(F)c3,0.6,1,N,0.0,NC(=S)N,O=Cc1cccs1,CC(=O)CC(=O)Nc1ccc(F)c(F)c1,
832,CC1=C(C(NC(=S)N1)c2ccsc2)C(=O)N3CCOCC3,0.6,1,N,64.17,NC(=S)N,O=Cc1ccsc1,CC(=O)CC(=O)N1CCOCC1,C[Si](C)(C)Cl
833,CC1=C(C(NC(=S)N1)c2ccsc2)C(=O)Nc3cccc(c3)C(F)(F)F,0.6,0,N,0.0,NC(=S)N,O=Cc1ccsc1,CC(=O)CC(=O)Nc1cccc(c1)C(F)(F)F,
834,CC1=C(C(NC(=S)N1)c2cn(nc2c3ccc(Cl)cc3)c4ccccc4)C(=O)N5CCOCC5,0.6,1,N,34.0,NC(=S)N,Clc1ccc(cc1)c2nn(cc2C=O)c3ccccc3,CC(=O)CC(=O)N1CCOCC1,
835,CC1=C(C(NC(=S)N1)c2cn(nc2c3ccc(Cl)cc3)c4ccccc4)C(=O)Nc5cccc(c5)C(F)(F)F,0.6,0,N,0.0,NC(=S)N,Clc1ccc(cc1)c2nn(cc2C=O)c3ccccc3,CC(=O)CC(=O)Nc1cccc(c1)C(F)(F)F,
836,CC1=C(C(NC(=S)N1)c2cn(nc2c3ccc(Cl)cc3)c4ccccc4)C(=O)Nc5cccc(c5)[N+](=O)[O-],0.6,0,N,0.0,NC(=S)N,Clc1ccc(cc1)c2nn(cc2C=O)c3ccccc3,CC(=O)CC(=O)Nc1cccc(c1)[N+](=O)[O-],
837,CC1=C(C(NC(=S)N1)c2cn(nc2c3ccc(Cl)cc3)c4ccccc4)C(=O)OC(C)(C)C,0.9,0,N,0.0,NC(=S)N,Clc1ccc(cc1)c2nn(cc2C=O)c3ccccc3,CC(=O)CC(=O)OC(C)(C)C,
838,CC1=C(C(NC(=S)N1)c2cn(nc2c3ccc(Cl)cc3)c4ccccc4)C(=O)c5ccc(Cl)cc5,0.6,0,N,0.0,NC(=S)N,Clc1ccc(cc1)c2nn(cc2C=O)c3ccccc3,CC(=O)CC(=O)c1ccc(Cl)cc1,
839,CC1=C(C(NC(=S)N1)c2cn(nc2c3ccc(Cl)cc3)c4ccccc4)C(=O)c5ccccc5,0.6,1,N,0.0,NC(=S)N,Clc1ccc(cc1)c2nn(cc2C=O)c3ccccc3,CC(=O)CC(=O)c1ccccc1,
840,CC1=C(C(NC(=S)N1)c2cnn(Cc3ccccc3)c2)C(=O)Nc4ccc(Cl)cc4,0.6,1,N,37.67,NC(=S)N,O=Cc1cnn(Cc2ccccc2)c1,CC(=O)CC(=O)Nc1ccc(Cl)cc1,C[Si](C)(C)Cl
841,CC1=C(C(NC(=S)N1)c2cnn(n2)c3ccccc3)C(=O)Nc4ccc(Cl)cc4,0.6,0,N,0.0,NC(=S)N,O=Cc1cnn(n1)c2ccccc2,CC(=O)CC(=O)Nc1ccc(Cl)cc1,C[Si](C)(C)Cl
842,CC1=C(C(NC(=S)N1)c2csc(n2)c3ccc(Cl)cc3)C(=O)Nc4ccc(C)cc4,0.6,0,N,0.0,NC(=S)N,Clc1ccc(cc1)c2nc(C=O)cs2,CC(=O)CC(=O)Nc1ccc(C)cc1,C[Si](C)(C)Cl
843,CC1=C(C(NC(=S)N1)c2sccc2C)C(=O)N3CCOCC3,0.6,1,N,0.0,NC(=S)N,Cc1ccsc1C=O,CC(=O)CC(=O)N1CCOCC1,
844,CC1=C(C(NC(=S)N1)c2sccc2C)C(=O)Nc3ccccc3C(F)(F)F,0.6,1,N,21.67,NC(=S)N,Cc1ccsc1C=O,CC(=O)CC(=O)Nc1ccccc1C(F)(F)F,
845,CC1=C(C(NC(=S)N1C2CC2)c3c(F)cccc3Cl)C(=O)Nc4cc(C)on4,0.6,0,N,0.0,NC(=S)NC1CC1,Fc1cccc(Cl)c1C=O,CC(=O)CC(=O)Nc1cc(C)on1,C[Si](C)(C)Cl
846,CC1=C(C(NC(=S)N1C2CC2)c3ccc(cc3)n4cncn4)C(=O)Nc5ccc(C)cc5,0.6,1,N,27.5,NC(=S)NC1CC1,O=Cc1ccc(cc1)n2cncn2,CC(=O)CC(=O)Nc1ccc(C)cc1,C[Si](C)(C)Cl
847,CC1=C(C(NC(=S)N1C2CC2)c3cccc(C#N)c3)C(=O)Nc4cc(C)on4,0.6,1,N,36.17,NC(=S)NC1CC1,O=Cc1cccc(C#N)c1,CC(=O)CC(=O)Nc1cc(C)on1,C[Si](C)(C)Cl
848,CC1=C(C(NC(=S)N1C2CC2)c3ccccc3F)C(=O)Nc4cc(C)on4,0.6,1,N,35.0,NC(=S)NC1CC1,Fc1ccccc1C=O,CC(=O)CC(=O)Nc1cc(C)on1,C[Si](C)(C)Cl
849,CC1=C(C(NC(=S)N1C2CC2)c3ccsc3)C(=O)Nc4ccccc4,0.6,1,N,28.33,NC(=S)NC1CC1,O=Cc1ccsc1,CC(=O)CC(=O)Nc1ccccc1,C[Si](C)(C)Cl
850,CC1=C(C(NC(=S)N1C2CC2)c3csc(n3)c4ccc(Cl)cc4)C(=O)N5CCOCC5,0.6,1,N,23.33,NC(=S)NC1CC1,Clc1ccc(cc1)c2nc(C=O)cs2,CC(=O)CC(=O)N1CCOCC1,C[Si](C)(C)Cl
851,CC1=C(C(NC(=S)N1C2CC2)c3csc(n3)c4ccc(Cl)cc4)C(=O)Nc5cc(C)on5,0.6,1,N,9.17,NC(=S)NC1CC1,Clc1ccc(cc1)c2nc(C=O)cs2,CC(=O)CC(=O)Nc1cc(C)on1,C[Si](C)(C)Cl
852,CC1=C(C(NC(=S)N1C2CCCC2)c3ccc(cc3)[N+](=O)[O-])C(=O)N4CCOCC4,0.6,0,N,0.0,NC(=S)NC1CCCC1,[O-][N+](=O)c1ccc(C=O)cc1,CC(=O)CC(=O)N1CCOCC1,
853,CC1=C(C(NC(=S)N1CC2CCCO2)c3ccc(C#N)cc3)C(=O)Nc4ccc(cc4)[N+](=O)[O-],0.6,1,N,11.67,NC(=S)NCC1CCCO1,O=Cc1ccc(C#N)cc1,CC(=O)CC(=O)Nc1ccc(cc1)[N+](=O)[O-],C[Si](C)(C)Cl
854,CC1=C(C(NC(=S)N1CC2CCCO2)c3ccc(C#N)cc3)C(=O)Nc4ccc(cc4)[N+](=O)[O-],0.6,0,N,0.0,NC(=S)NCC1CCCO1,O=Cc1ccc(C#N)cc1,CC(=O)CC(=O)Nc1ccc(cc1)[N+](=O)[O-],
855,CC1=C(C(NC(=S)N1CC2CCCO2)c3ccc(Cl)cc3)C(=O)N4CCOCC4,0.6,0,N,0.0,NC(=S)NCC1CCCO1,Clc1ccc(C=O)cc1,CC(=O)CC(=O)N1CCOCC1,C[Si](C)(C)Cl
856,CC1=C(C(NC(=S)N1CC2CCCO2)c3ccc(F)cc3)C(=O)N4CCOCC4,0.6,0,N,0.0,NC(=S)NCC1CCCO1,Fc1ccc(C=O)cc1,CC(=O)CC(=O)N1CCOCC1,C[Si](C)(C)Cl
857,CC1=C(C(NC(=S)N1CC2CCCO2)c3ccccc3Cl)C(=O)N4CCOCC4,0.6,0,N,0.0,NC(=S)NCC1CCCO1,Clc1ccccc1C=O,CC(=O)CC(=O)N1CCOCC1,C[Si](C)(C)Cl
858,CC1=C(C(NC(=S)N1CC2CCCO2)c3ccccc3F)C(=O)N4CCOCC4,0.6,0,N,0.0,NC(=S)NCC1CCCO1,Fc1ccccc1C=O,CC(=O)CC(=O)N1CCOCC1,C[Si](C)(C)Cl
859,CC1=C(C(NC(=S)N1CC=C)c2c(F)cccc2F)C(=O)Nc3cc(C)on3,0.6,1,N,18.33,NC(=S)NCC=C,Fc1cccc(F)c1C=O,CC(=O)CC(=O)Nc1cc(C)on1,C[Si](C)(C)Cl
860,CC1=C(C(NC(=S)N1CC=C)c2c(F)cccc2F)C(=O)Nc3cc(C)on3,0.6,0,N,0.0,NC(=S)NCC=C,Fc1cccc(F)c1C=O,CC(=O)CC(=O)Nc1cc(C)on1,C[Si](C)(C)Cl
861,CC1=C(C(NC(=S)N1CC=C)c2c(F)cccc2F)C(=O)Nc3cc(C)on3,0.6,0,N,0.0,NC(=S)NCC=C,Fc1cccc(F)c1C=O,CC(=O)CC(=O)Nc1cc(C)on1,C[Si](C)(C)Cl
862,CC1=C(C(NC(=S)N1CC=C)c2ccc(Br)c(c2)[N+](=O)[O-])C(=O)Nc3cc(C)on3,0.6,1,N,17.33,NC(=S)NCC=C,[O-][N+](=O)c1cc(C=O)ccc1Br,CC(=O)CC(=O)Nc1cc(C)on1,C[Si](C)(C)Cl
863,CC1=C(C(NC(=S)N1CC=C)c2ccc(Br)cc2)C(=O)Nc3cc(C)on3,0.6,1,N,41.67,NC(=S)NCC=C,Brc1ccc(C=O)cc1,CC(=O)CC(=O)Nc1cc(C)on1,C[Si](C)(C)Cl
864,CC1=C(C(NC(=S)N1CC=C)c2ccc(Cl)cc2)C(=O)Nc3cc(C)on3,0.6,1,N,12.5,NC(=S)NCC=C,Clc1ccc(C=O)cc1,CC(=O)CC(=O)Nc1cc(C)on1,C[Si](C)(C)Cl
865,CC1=C(C(NC(=S)N1CC=C)c2ccc(F)cc2)C(=O)Nc3cc(C)on3,0.6,1,N,32.5,NC(=S)NCC=C,Fc1ccc(C=O)cc1,CC(=O)CC(=O)Nc1cc(C)on1,C[Si](C)(C)Cl
866,CC1=C(C(NC(=S)N1CC=C)c2ccc(F)cc2F)C(=O)Nc3cc(C)on3,0.6,1,N,29.17,NC(=S)NCC=C,Fc1ccc(C=O)c(F)c1,CC(=O)CC(=O)Nc1cc(C)on1,C[Si](C)(C)Cl
867,CC1=C(C(NC(=S)N1CC=C)c2ccc(cc2)[N+](=O)[O-])C(=O)Nc3cc(C)on3,0.6,1,N,20.83,NC(=S)NCC=C,[O-][N+](=O)c1ccc(C=O)cc1,CC(=O)CC(=O)Nc1cc(C)on1,C[Si](C)(C)Cl
868,CC1=C(C(NC(=S)N1CC=C)c2cccc(Br)c2)C(=O)Nc3cc(C)on3,0.6,1,N,28.33,NC(=S)NCC=C,Brc1cccc(C=O)c1,CC(=O)CC(=O)Nc1cc(C)on1,C[Si](C)(C)Cl
869,CC1=C(C(NC(=S)N1CC=C)c2cccc(C#N)c2)C(=O)Nc3cc(C)on3,0.6,1,N,26.67,NC(=S)NCC=C,O=Cc1cccc(C#N)c1,CC(=O)CC(=O)Nc1cc(C)on1,C[Si](C)(C)Cl
870,CC1=C(C(NC(=S)N1CC=C)c2cccc(F)c2)C(=O)Nc3cc(C)on3,0.6,1,N,25.0,NC(=S)NCC=C,Fc1cccc(C=O)c1,CC(=O)CC(=O)Nc1cc(C)on1,C[Si](C)(C)Cl
871,CC1=C(C(NC(=S)N1CC=C)c2ccccc2)C(=O)Nc3cc(C)on3,0.6,1,N,16.67,NC(=S)NCC=C,O=Cc1ccccc1,CC(=O)CC(=O)Nc1cc(C)on1,C[Si](C)(C)Cl
872,CC1=C(C(NC(=S)N1CC=C)c2ccccc2C(F)(F)F)C(=O)Nc3cc(C)on3,0.6,1,N,40.0,NC(=S)NCC=C,FC(F)(F)c1ccccc1C=O,CC(=O)CC(=O)Nc1cc(C)on1,C[Si](C)(C)Cl
873,CC1=C(C(NC(=S)N1CC=C)c2ccccc2Cl)C(=O)Nc3cc(C)on3,0.6,0,N,0.0,NC(=S)NCC=C,Clc1ccccc1C=O,CC(=O)CC(=O)Nc1cc(C)on1,C[Si](C)(C)Cl
874,CC1=C(C(NC(=S)N1CC=C)c2ccccc2Cl)C(=O)Nc3cc(C)on3,0.6,1,N,38.33,NC(=S)NCC=C,Clc1ccccc1C=O,CC(=O)CC(=O)Nc1cc(C)on1,C[Si](C)(C)Cl
875,CC1=C(C(NC(=S)N1CC=C)c2ccccc2F)C(=O)Nc3cc(C)on3,0.6,1,N,53.33,NC(=S)NCC=C,Fc1ccccc1C=O,CC(=O)CC(=O)Nc1cc(C)on1,C[Si](C)(C)Cl
876,CC1=C(C(NC(=S)N1Cc2ccc(C)cc2)c3ccc(C#N)cc3)C(=O)c4ccc(Cl)cc4,0.6,1,N,97.0,Cc1ccc(CNC(=S)N)cc1,O=Cc1ccc(C#N)cc1,CC(=O)CC(=O)c1ccc(Cl)cc1,
877,CC1=C(C(NC(=S)N1Cc2ccc(C)cc2)c3ccc(C)s3)C(=O)N4CCOCC4,0.6,0,N,0.0,Cc1ccc(CNC(=S)N)cc1,Cc1ccc(C=O)s1,CC(=O)CC(=O)N1CCOCC1,C[Si](C)(C)Cl
878,CC1=C(C(NC(=S)N1Cc2ccc(C)cc2)c3ccc(C)s3)C(=O)N4CCOCC4,0.6,0,N,0.0,Cc1ccc(CNC(=S)N)cc1,Cc1ccc(C=O)s1,CC(=O)CC(=O)N1CCOCC1,
879,CC1=C(C(NC(=S)N1Cc2ccc(C)cc2)c3ccc(F)cc3)C(=O)Nc4cccc(Cl)c4,0.6,0,N,0.0,Cc1ccc(CNC(=S)N)cc1,Fc1ccc(C=O)cc1,CC(=O)CC(=O)Nc1cccc(Cl)c1,
880,CC1=C(C(NC(=S)N1Cc2ccc(C)cc2)c3ccc(O)cc3)C(=O)N4CCOCC4,0.6,0,N,0.0,Cc1ccc(CNC(=S)N)cc1,Oc1ccc(C=O)cc1,CC(=O)CC(=O)N1CCOCC1,C[Si](C)(C)Cl
881,CC1=C(C(NC(=S)N1Cc2ccccc2)c3c(F)cccc3F)C(=O)N4CCOCC4,0.6,0,N,0.0,NC(=S)NCc1ccccc1,Fc1cccc(F)c1C=O,CC(=O)CC(=O)N1CCOCC1,C[Si](C)(C)Cl
882,CC1=C(C(NC(=S)N1Cc2ccccc2)c3c(F)cccc3F)C(=O)N4CCOCC4,0.6,0,N,0.0,NC(=S)NCc1ccccc1,Fc1cccc(F)c1C=O,CC(=O)CC(=O)N1CCOCC1,C[Si](C)(C)Cl
883,CC1=C(C(NC(=S)N1Cc2ccccc2)c3ccc(C#N)cc3)C(=O)Nc4ccc(cc4)[N+](=O)[O-],0.6,0,N,0.0,NC(=S)NCc1ccccc1,O=Cc1ccc(C#N)cc1,CC(=O)CC(=O)Nc1ccc(cc1)[N+](=O)[O-],C[Si](C)(C)Cl
884,CC1=C(C(NC(=S)N1Cc2ccco2)c3ccc(Cl)c(c3)[N+](=O)[O-])C(=O)Nc4ccccc4F,0.6,0,N,0.0,NC(=S)NCc1ccco1,[O-][N+](=O)c1cc(C=O)ccc1Cl,CC(=O)CC(=O)Nc1ccccc1F,C[Si](C)(C)Cl
885,CC1=C(C(NC(=S)N1Cc2ccco2)c3cccc(C#N)c3)C(=O)Nc4ccccc4,0.6,0,N,0.0,NC(=S)NCc1ccco1,O=Cc1cccc(C#N)c1,CC(=O)CC(=O)Nc1ccccc1,C[Si](C)(C)Cl
886,CC1=C(C(NC(=S)N1Cc2ccco2)c3cccc(F)c3)C(=O)Nc4cc(C)on4,0.6,0,N,0.0,NC(=S)NCc1ccco1,Fc1cccc(C=O)c1,CC(=O)CC(=O)Nc1cc(C)on1,C[Si](C)(C)Cl
887,CC1=C(C(NC(=S)N1c2cc(C)cc(C)c2)c3ccc(C)o3)C(=O)Nc4cc(C)on4,0.6,0,N,0.0,Cc1cc(C)cc(NC(=S)N)c1,Cc1ccc(C=O)o1,CC(=O)CC(=O)Nc1cc(C)on1,C[Si](C)(C)Cl
888,CC1=C(C(NC(=S)N1c2cc(C)cc(C)c2)c3ccc(cc3)C(=O)O)C(=O)Nc4cc(C)on4,0.6,0,N,0.0,Cc1cc(C)cc(NC(=S)N)c1,OC(=O)c1ccc(C=O)cc1,CC(=O)CC(=O)Nc1cc(C)on1,C[Si](C)(C)Cl
889,CC1=C(C(NC(=S)N1c2cc(C)ccc2C)c3cc(C#N)n(C)c3C)C(=O)Nc4cc(C)on4,0.6,1,N,35.83,Cc1ccc(C)c(NC(=S)N)c1,Cc1c(C=O)cc(C#N)n1C,CC(=O)CC(=O)Nc1cc(C)on1,C[Si](C)(C)Cl
890,CC1=C(C(NC(=S)N1c2cc(C)ccc2C)c3ccc(O)cc3)C(=O)Nc4cc(C)on4,0.6,1,N,48.0,Cc1ccc(C)c(NC(=S)N)c1,Oc1ccc(C=O)cc1,CC(=O)CC(=O)Nc1cc(C)on1,C[Si](C)(C)Cl
891,CC1=C(C(NC(=S)N1c2cc(C)ccc2C)c3cnn(C)c3)C(=O)Nc4ccccc4,0.6,0,N,0.0,Cc1ccc(C)c(NC(=S)N)c1,Cn1cc(C=O)cn1,CC(=O)CC(=O)Nc1ccccc1,C[Si](C)(C)Cl
892,CC1=C(C(NC(=S)N1c2ccc(C)c(C)c2)c3ccc(cc3)C(=O)O)C(=O)Nc4cc(C)on4,0.6,0,N,0.0,Cc1ccc(NC(=S)N)cc1C,OC(=O)c1ccc(C=O)cc1,CC(=O)CC(=O)Nc1cc(C)on1,C[Si](C)(C)Cl
893,CC1=C(C(NC(=S)N1c2ccc(C)c(C)c2)c3cccc(C#N)c3)C(=O)N4CCOCC4,0.6,1,N,39.83,Cc1ccc(NC(=S)N)cc1C,O=Cc1cccc(C#N)c1,CC(=O)CC(=O)N1CCOCC1,C[Si](C)(C)Cl
894,CC1=C(C(NC(=S)N1c2ccc(C)c(C)c2)c3cnn(C)c3)C(=O)Nc4cc(C)on4,0.6,0,N,0.0,Cc1ccc(NC(=S)N)cc1C,Cn1cc(C=O)cn1,CC(=O)CC(=O)Nc1cc(C)on1,C[Si](C)(C)Cl
895,CC1=C(C(NC(=S)N1c2ccc(C)c(F)c2)c3ccc(C)o3)C(=O)Nc4cc(C)on4,0.6,0,N,0.0,Cc1ccc(NC(=S)N)cc1F,Cc1ccc(C=O)o1,CC(=O)CC(=O)Nc1cc(C)on1,C[Si](C)(C)Cl
896,CC1=C(C(NC(=S)N1c2ccc(C)c(F)c2)c3ccccc3)C(=O)N4CCOCC4,0.6,0,N,0.0,Cc1ccc(NC(=S)N)cc1F,O=Cc1ccccc1,CC(=O)CC(=O)N1CCOCC1,C[Si](C)(C)Cl
897,CC1=C(C(NC(=S)N1c2ccc(C)c(F)c2)c3ccccc3OC(F)F)C(=O)N4CCOCC4,0.6,1,N,81.67,Cc1ccc(NC(=S)N)cc1F,FC(F)Oc1ccccc1C=O,CC(=O)CC(=O)N1CCOCC1,C[Si](C)(C)Cl
898,CC1=C(C(NC(=S)N1c2ccc(C)c(F)c2)c3cccs3)C(=O)Nc4cc(C)on4,0.6,1,N,81.67,Cc1ccc(NC(=S)N)cc1F,O=Cc1cccs1,CC(=O)CC(=O)Nc1cc(C)on1,C[Si](C)(C)Cl
899,CC1=C(C(NC(=S)N1c2ccc(C)cc2)c3ccc(C)o3)C(=O)Nc4cc(C)on4,0.6,0,N,0.0,Cc1ccc(NC(=S)N)cc1,Cc1ccc(C=O)o1,CC(=O)CC(=O)Nc1cc(C)on1,C[Si](C)(C)Cl
900,CC1=C(C(NC(=S)N1c2ccc(C)cc2)c3ccc(F)c(F)c3)C(=O)Nc4cc(C)on4,0.6,1,N,78.83,Cc1ccc(NC(=S)N)cc1,Fc1ccc(C=O)cc1F,CC(=O)CC(=O)Nc1cc(C)on1,C[Si](C)(C)Cl
901,CC1=C(C(NC(=S)N1c2ccc(C)cc2)c3ccc(cc3)[N+](=O)[O-])C(=O)Nc4cc(C)on4,0.6,1,N,35.83,Cc1ccc(NC(=S)N)cc1,[O-][N+](=O)c1ccc(C=O)cc1,CC(=O)CC(=O)Nc1cc(C)on1,C[Si](C)(C)Cl
902,CC1=C(C(NC(=S)N1c2ccc(C)cc2)c3cccs3)C(=O)Nc4cc(C)on4,0.6,1,N,25.17,Cc1ccc(NC(=S)N)cc1,O=Cc1cccs1,CC(=O)CC(=O)Nc1cc(C)on1,C[Si](C)(C)Cl
903,CC1=C(C(NC(=S)N1c2ccc(C)cc2)c3cnn(C)c3)C(=O)Nc4cc(C)on4,0.6,0,N,0.0,Cc1ccc(NC(=S)N)cc1,Cn1cc(C=O)cn1,CC(=O)CC(=O)Nc1cc(C)on1,C[Si](C)(C)Cl
904,CC1=C(C(NC(=S)N1c2ccc(Cl)cc2)c3ccc(C#N)cc3)C(=O)Nc4cc(C)on4,0.6,1,N,45.17,NC(=S)Nc1ccc(Cl)cc1,O=Cc1ccc(C#N)cc1,CC(=O)CC(=O)Nc1cc(C)on1,C[Si](C)(C)Cl
905,CC1=C(C(NC(=S)N1c2ccc(Cl)cc2)c3ccc(F)cc3)C(=O)N4CCOCC4,0.6,1,N,83.17,NC(=S)Nc1ccc(Cl)cc1,Fc1ccc(C=O)cc1,CC(=O)CC(=O)N1CCOCC1,C[Si](C)(C)Cl
906,CC1=C(C(NC(=S)N1c2ccc(Cl)cc2)c3ccc(o3)[N+](=O)[O-])C(=O)Nc4cc(C)on4,0.6,0,N,0.0,NC(=S)Nc1ccc(Cl)cc1,[O-][N+](=O)c1ccc(C=O)o1,CC(=O)CC(=O)Nc1cc(C)on1,C[Si](C)(C)Cl
907,CC1=C(C(NC(=S)N1c2ccc(Cl)cc2)c3cnn(C)c3)C(=O)Nc4cc(C)on4,0.6,0,N,0.0,NC(=S)Nc1ccc(Cl)cc1,Cn1cc(C=O)cn1,CC(=O)CC(=O)Nc1cc(C)on1,C[Si](C)(C)Cl
908,CC1=C(C(NC(=S)N1c2ccc(Cl)cc2)c3cnn(C)c3)C(=O)Nc4ccc(Cl)cc4,0.6,0,N,0.0,NC(=S)Nc1ccc(Cl)cc1,Cn1cc(C=O)cn1,CC(=O)CC(=O)Nc1ccc(Cl)cc1,C[Si](C)(C)Cl
909,CC1=C(C(NC(=S)N1c2ccc(F)c(Cl)c2)c3ccc(O)cc3)C(=O)Nc4cc(C)on4,0.6,0,N,0.0,NC(=S)Nc1ccc(F)c(Cl)c1,Oc1ccc(C=O)cc1,CC(=O)CC(=O)Nc1cc(C)on1,C[Si](C)(C)Cl
910,CC1=C(C(NC(=S)N1c2ccc(F)c(Cl)c2)c3cccc(F)c3)C(=O)c4ccccc4,0.6,1,N,72.67,NC(=S)Nc1ccc(F)c(Cl)c1,Fc1cccc(C=O)c1,CC(=O)CC(=O)c1ccccc1,
911,CC1=C(C(NC(=S)N1c2ccc(F)c(Cl)c2)c3cnn(C)c3)C(=O)Nc4ccccc4,0.6,1,N,2.83,NC(=S)Nc1ccc(F)c(Cl)c1,Cn1cc(C=O)cn1,CC(=O)CC(=O)Nc1ccccc1,C[Si](C)(C)Cl
912,CC1=C(C(NC(=S)N1c2ccc(F)cc2)c3c(F)cccc3F)C(=O)N4CCOCC4,0.6,1,N,90.83,NC(=S)Nc1ccc(F)cc1,Fc1cccc(F)c1C=O,CC(=O)CC(=O)N1CCOCC1,C[Si](C)(C)Cl
913,CC1=C(C(NC(=S)N1c2ccc(F)cc2)c3ccc(C)o3)C(=O)Nc4ccccc4,0.6,0,N,0.0,NC(=S)Nc1ccc(F)cc1,Cc1ccc(C=O)o1,CC(=O)CC(=O)Nc1ccccc1,C[Si](C)(C)Cl
914,CC1=C(C(NC(=S)N1c2ccc(F)cc2)c3ccc(C)s3)C(=O)Nc4cc(C)on4,0.6,1,N,18.0,NC(=S)Nc1ccc(F)cc1,Cc1ccc(C=O)s1,CC(=O)CC(=O)Nc1cc(C)on1,C[Si](C)(C)Cl
915,CC1=C(C(NC(=S)N1c2ccc(F)cc2)c3ccc(C)s3)C(=O)Nc4cc(C)on4,0.6,0,N,0.0,NC(=S)Nc1ccc(F)cc1,Cc1ccc(C=O)s1,CC(=O)CC(=O)Nc1cc(C)on1,C[Si](C)(C)Cl
916,CC1=C(C(NC(=S)N1c2ccc(F)cc2)c3ccc(O)cc3)C(=O)Nc4cc(C)on4,0.6,1,N,3.5,NC(=S)Nc1ccc(F)cc1,Oc1ccc(C=O)cc1,CC(=O)CC(=O)Nc1cc(C)on1,C[Si](C)(C)Cl
917,CC1=C(C(NC(=S)N1c2ccc(F)cc2)c3ccc(O)cc3)C(=O)Nc4ccccc4,0.6,1,N,33.67,NC(=S)Nc1ccc(F)cc1,Oc1ccc(C=O)cc1,CC(=O)CC(=O)Nc1ccccc1,C[Si](C)(C)Cl
918,CC1=C(C(NC(=S)N1c2ccc(F)cc2)c3ccccc3C)C(=O)Nc4cc(C)on4,0.6,1,N,76.5,NC(=S)Nc1ccc(F)cc1,Cc1ccccc1C=O,CC(=O)CC(=O)Nc1cc(C)on1,C[Si](C)(C)Cl
919,CC1=C(C(NC(=S)N1c2ccc(F)cc2)c3cnn(C)c3)C(=O)Nc4cc(C)on4,0.6,0,N,0.0,NC(=S)Nc1ccc(F)cc1,Cn1cc(C=O)cn1,CC(=O)CC(=O)Nc1cc(C)on1,C[Si](C)(C)Cl
920,CC1=C(C(NC(=S)N1c2ccc3OCCOc3c2)c4c(F)cccc4F)C(=O)N5CCOCC5,0.6,1,N,75.17,NC(=S)Nc1ccc2OCCOc2c1,Fc1cccc(F)c1C=O,CC(=O)CC(=O)N1CCOCC1,C[Si](C)(C)Cl
921,CC1=C(C(NC(=S)N1c2ccc3OCCOc3c2)c4c(F)cccc4F)C(=O)OCC=C,0.6,0,N,0.0,NC(=S)Nc1ccc2OCCOc2c1,Fc1cccc(F)c1C=O,CC(=O)CC(=O)OCC=C,C[Si](C)(C)Cl
922,CC1=C(C(NC(=S)N1c2ccc3OCCOc3c2)c4c(F)cccc4F)C(=O)OCC=C,0.6,1,N,80.0,NC(=S)Nc1ccc2OCCOc2c1,Fc1cccc(F)c1C=O,CC(=O)CC(=O)OCC=C,C[Si](C)(C)Cl
923,CC1=C(C(NC(=S)N1c2ccc3OCCOc3c2)c4ccc(F)cc4F)C(=O)OCC=C,0.6,1,N,86.67,NC(=S)Nc1ccc2OCCOc2c1,Fc1ccc(C=O)c(F)c1,CC(=O)CC(=O)OCC=C,C[Si](C)(C)Cl
924,CC1=C(C(NC(=S)N1c2ccc3OCCOc3c2)c4cccc(F)c4)C(=O)N5CCOCC5,0.6,1,N,88.83,NC(=S)Nc1ccc2OCCOc2c1,Fc1cccc(C=O)c1,CC(=O)CC(=O)N1CCOCC1,C[Si](C)(C)Cl
925,CC1=C(C(NC(=S)N1c2ccc3OCCOc3c2)c4ccccc4)C(=O)Nc5ccccc5C,0.6,0,N,0.0,NC(=S)Nc1ccc2OCCOc2c1,O=Cc1ccccc1,CC(=O)CC(=O)Nc1ccccc1C,C[Si](C)(C)Cl
926,CC1=C(C(NC(=S)N1c2ccc3OCCOc3c2)c4ccccc4)C(=O)OCC=C,0.6,1,N,83.33,NC(=S)Nc1ccc2OCCOc2c1,O=Cc1ccccc1,CC(=O)CC(=O)OCC=C,C[Si](C)(C)Cl
927,CC1=C(C(NC(=S)N1c2ccc3OCCOc3c2)c4ccccc4F)C(=O)OCC=C,0.6,1,N,78.33,NC(=S)Nc1ccc2OCCOc2c1,Fc1ccccc1C=O,CC(=O)CC(=O)OCC=C,C[Si](C)(C)Cl
928,CC1=C(C(NC(=S)N1c2cccc(C)c2)c3ccc(O)cc3)C(=O)Nc4cc(C)on4,0.6,0,N,0.0,Cc1cccc(NC(=S)N)c1,Oc1ccc(C=O)cc1,CC(=O)CC(=O)Nc1cc(C)on1,C[Si](C)(C)Cl
929,CC1=C(C(NC(=S)N1c2cccc(C)c2)c3cccc(C#N)c3)C(=O)Nc4cc(C)on4,0.6,1,N,77.83,Cc1cccc(NC(=S)N)c1,O=Cc1cccc(C#N)c1,CC(=O)CC(=O)Nc1cc(C)on1,C[Si](C)(C)Cl
930,CC1=C(C(NC(=S)N1c2cccc(C)c2)c3ccccc3OCC#C)C(=O)Nc4cc(C)on4,0.6,1,N,28.33,Cc1cccc(NC(=S)N)c1,O=Cc1ccccc1OCC#C,CC(=O)CC(=O)Nc1cc(C)on1,C[Si](C)(C)Cl
931,CC1=C(C(NC(=S)N1c2cccc(C)c2)c3ccccc3OCC=C)C(=O)Nc4cc(C)on4,0.6,1,N,22.5,Cc1cccc(NC(=S)N)c1,C=CCOc1ccccc1C=O,CC(=O)CC(=O)Nc1cc(C)on1,C[Si](C)(C)Cl
932,CC1=C(C(NC(=S)N1c2ccccc2)c3c(F)cccc3F)C(=O)N4CCOCC4,0.6,1,N,77.33,NC(=S)Nc1ccccc1,Fc1cccc(F)c1C=O,CC(=O)CC(=O)N1CCOCC1,C[Si](C)(C)Cl
933,CC1=C(C(NC(=S)N1c2ccccc2)c3ccc(Br)cc3)C(=O)N4CCOCC4,0.6,1,N,74.83,NC(=S)Nc1ccccc1,Brc1ccc(C=O)cc1,CC(=O)CC(=O)N1CCOCC1,
934,CC1=C(C(NC(=S)N1c2ccccc2)c3ccc(Cl)cc3)C(=O)c4ccccc4,0.6,1,N,0.0,NC(=S)Nc1ccccc1,Clc1ccc(C=O)cc1,CC(=O)CC(=O)c1ccccc1,
935,CC1=C(C(NC(=S)N1c2ccccc2)c3ccc(F)cc3)C(=O)N4CCOCC4,0.6,1,N,78.17,NC(=S)Nc1ccccc1,Fc1ccc(C=O)cc1,CC(=O)CC(=O)N1CCOCC1,C[Si](C)(C)Cl
936,CC1=C(C(NC(=S)N1c2ccccc2)c3ccc(O)cc3)C(=O)Nc4cc(C)on4,0.6,0,N,0.0,NC(=S)Nc1ccccc1,Oc1ccc(C=O)cc1,CC(=O)CC(=O)Nc1cc(C)on1,C[Si](C)(C)Cl
937,CC1=C(C(NC(=S)N1c2ccccc2)c3ccc(O)cc3)C(=O)Nc4cc(C)on4,0.6,1,N,53.33,NC(=S)Nc1ccccc1,Oc1ccc(C=O)cc1,CC(=O)CC(=O)Nc1cc(C)on1,C[Si](C)(C)Cl
938,CC1=C(C(NC(=S)N1c2ccccc2)c3ccc(OC(F)F)cc3)C(=O)N4CCOCC4,0.6,0,N,0.0,NC(=S)Nc1ccccc1,FC(F)Oc1ccc(C=O)cc1,CC(=O)CC(=O)N1CCOCC1,
939,CC1=C(C(NC(=S)N1c2ccccc2)c3ccc(cc3)C(=O)O)C(=O)Nc4cc(C)on4,0.6,1,N,46.67,NC(=S)Nc1ccccc1,OC(=O)c1ccc(C=O)cc1,CC(=O)CC(=O)Nc1cc(C)on1,C[Si](C)(C)Cl
940,CC1=C(C(NC(=S)N1c2ccccc2)c3ccc(cc3)[N+](=O)[O-])C(=O)Nc4cc(C)on4,0.6,1,N,35.0,NC(=S)Nc1ccccc1,[O-][N+](=O)c1ccc(C=O)cc1,CC(=O)CC(=O)Nc1cc(C)on1,C[Si](C)(C)Cl
941,CC1=C(C(NC(=S)N1c2ccccc2)c3ccc(cc3)[N+](=O)[O-])C(=O)Nc4cc(C)on4,0.6,0,N,0.0,NC(=S)Nc1ccccc1,[O-][N+](=O)c1ccc(C=O)cc1,CC(=O)CC(=O)Nc1cc(C)on1,C[Si](C)(C)Cl
942,CC1=C(C(NC(=S)N1c2ccccc2)c3cccc(c3)C(F)(F)F)C(=O)Nc4ccc(cc4)[N+](=O)[O-],0.6,1,N,76.5,NC(=S)Nc1ccccc1,FC(F)(F)c1cccc(C=O)c1,CC(=O)CC(=O)Nc1ccc(cc1)[N+](=O)[O-],
943,CC1=C(C(NC(=S)N1c2ccccc2)c3cccc(c3)C(F)(F)F)C(=O)Nc4ccccc4C,0.6,0,N,0.0,NC(=S)Nc1ccccc1,FC(F)(F)c1cccc(C=O)c1,CC(=O)CC(=O)Nc1ccccc1C,
944,CC1=C(C(NC(=S)N1c2ccccc2)c3cccc(c3)[N+](=O)[O-])C(=O)Nc4cc(C)on4,0.6,1,N,33.33,NC(=S)Nc1ccccc1,[O-][N+](=O)c1cccc(C=O)c1,CC(=O)CC(=O)Nc1cc(C)on1,C[Si](C)(C)Cl
945,CC1=C(C(NC(=S)N1c2ccccc2)c3cccc(c3)[N+](=O)[O-])C(=O)Nc4ccc(F)cc4,0.6,1,N,0.0,NC(=S)Nc1ccccc1,[O-][N+](=O)c1cccc(C=O)c1,CC(=O)CC(=O)Nc1ccc(F)cc1,
946,CC1=C(C(NC(=S)N1c2ccccc2)c3cccc(c3)[N+](=O)[O-])C(=O)c4ccccc4,0.6,1,N,0.0,NC(=S)Nc1ccccc1,[O-][N+](=O)c1cccc(C=O)c1,CC(=O)CC(=O)c1ccccc1,
947,CC1=C(C(NC(=S)N1c2ccccc2)c3ccccc3)C(=O)Nc4cc(C)on4,0.6,1,N,38.67,NC(=S)Nc1ccccc1,O=Cc1ccccc1,CC(=O)CC(=O)Nc1cc(C)on1,C[Si](C)(C)Cl
948,CC1=C(C(NC(=S)N1c2ccccc2)c3ccccc3C)C(=O)Nc4cc(C)on4,0.6,1,N,65.0,NC(=S)Nc1ccccc1,Cc1ccccc1C=O,CC(=O)CC(=O)Nc1cc(C)on1,C[Si](C)(C)Cl
949,CC1=C(C(NC(=S)N1c2ccccc2)c3ccccc3Cl)C(=O)Nc4cc(C)on4,0.6,1,N,41.17,NC(=S)Nc1ccccc1,Clc1ccccc1C=O,CC(=O)CC(=O)Nc1cc(C)on1,C[Si](C)(C)Cl
950,CC1=C(C(NC(=S)N1c2ccccc2)c3ccccc3OCC#C)C(=O)Nc4cc(C)on4,0.6,1,N,45.0,NC(=S)Nc1ccccc1,O=Cc1ccccc1OCC#C,CC(=O)CC(=O)Nc1cc(C)on1,C[Si](C)(C)Cl
951,CC1=C(C(NC(=S)N1c2ccccc2)c3ccccc3OCC=C)C(=O)Nc4cc(C)on4,0.6,1,N,34.17,NC(=S)Nc1ccccc1,C=CCOc1ccccc1C=O,CC(=O)CC(=O)Nc1cc(C)on1,C[Si](C)(C)Cl
952,CC1=C(C(NC(=S)N1c2ccccc2)c3ccccc3[N+](=O)[O-])C(=O)Nc4cc(C)on4,0.6,1,N,58.33,NC(=S)Nc1ccccc1,[O-][N+](=O)c1ccccc1C=O,CC(=O)CC(=O)Nc1cc(C)on1,C[Si](C)(C)Cl
953,CC1=C(C(NC(=S)N1c2ccccc2)c3cccs3)C(=O)N4CCOCC4,0.6,1,N,33.17,NC(=S)Nc1ccccc1,O=Cc1cccs1,CC(=O)CC(=O)N1CCOCC1,C[Si](C)(C)Cl
954,CC1=C(C(NC(=S)N1c2ccccc2C(F)(F)F)c3sccc3C)C(=O)Nc4ccc(F)cc4,0.6,0,N,0.0,NC(=S)Nc1ccccc1C(F)(F)F,Cc1ccsc1C=O,CC(=O)CC(=O)Nc1ccc(F)cc1,
955,CC1=C(C(NC(=S)N1c2ccccn2)c3ccc(C)cc3)C(=O)Nc4cccc(c4)[N+](=O)[O-],0.6,0,N,0.0,NC(=S)Nc1ccccn1,Cc1ccc(C=O)cc1,CC(=O)CC(=O)Nc1cccc(c1)[N+](=O)[O-],C[Si](C)(C)Cl
956,CC1=C(C(NC(=S)N1c2ccccn2)c3ccc(cc3)[N+](=O)[O-])C(=O)Nc4ccc(C)cc4Cl,0.6,0,N,0.0,NC(=S)Nc1ccccn1,[O-][N+](=O)c1ccc(C=O)cc1,CC(=O)CC(=O)Nc1ccc(C)cc1Cl,C[Si](C)(C)Cl
957,CC1CCCCC1N2C(=C(C(NC2=O)c3ccc(Cl)c(c3)[N+](=O)[O-])C(=O)N4CCOCC4)C,0.6,0,N,0.0,CC1CCCCC1NC(=O)N,[O-][N+](=O)c1cc(C=O)ccc1Cl,CC(=O)CC(=O)N1CCOCC1,C[Si](C)(C)Cl
958,CCC(C)N1C(=C(C(NC1=S)c2ccc(F)cc2)C(=O)N3CCOCC3)C,0.6,0,N,0.0,CCC(C)NC(=S)N,Fc1ccc(C=O)cc1,CC(=O)CC(=O)N1CCOCC1,C[Si](C)(C)Cl
959,CCC(C)N1C(=C(C(NC1=S)c2ccc(F)cc2)C(=O)OCCOC)C,0.6,0,N,0.0,CCC(C)NC(=S)N,Fc1ccc(C=O)cc1,COCCOC(=O)CC(=O)C,C[Si](C)(C)Cl
960,CCC(C)c1ccc(cc1)N2C(=C(C(NC2=S)c3ccc(OC)c(O)c3)C(=O)N4CCOCC4)C,0.6,1,N,28.33,CCC(C)c1ccc(NC(=S)N)cc1,COc1ccc(C=O)cc1O,CC(=O)CC(=O)N1CCOCC1,C[Si](C)(C)Cl
961,CCC(C)c1ccc(cc1)N2C(=C(C(NC2=S)c3ccc(OC)cc3)C(=O)N(CC)CC)C,0.6,0,N,0.0,CCC(C)c1ccc(NC(=S)N)cc1,COc1ccc(C=O)cc1,CCN(CC)C(=O)CC(=O)C,C[Si](C)(C)Cl
962,CCC(C)c1ccc(cc1)N2C(=C(C(NC2=S)c3ccc4OCCOc4c3)C(=O)Nc5ccccc5OC)C,0.6,0,N,0.0,CCC(C)c1ccc(NC(=S)N)cc1,O=Cc1ccc2OCCOc2c1,COc1ccccc1NC(=O)CC(=O)C,
963,CCC(C)c1ccc(cc1)N2C(=C(C(NC2=S)c3cccc(OC)c3)C(=O)N4CCOCC4)C,0.6,0,N,0.0,CCC(C)c1ccc(NC(=S)N)cc1,COc1cccc(C=O)c1,CC(=O)CC(=O)N1CCOCC1,C[Si](C)(C)Cl
964,CCC(C)c1ccc(cc1)N2C(=C(C(NC2=S)c3cccc(OC)c3OC)C(=O)N(CC)CC)C,0.6,1,N,85.17,CCC(C)c1ccc(NC(=S)N)cc1,COc1cccc(C=O)c1OC,CCN(CC)C(=O)CC(=O)C,C[Si](C)(C)Cl
965,CCC1=C(C(NC(=S)N1)c2c(F)cccc2F)C(=O)OC,0.6,0,N,0.0,NC(=S)N,Fc1cccc(F)c1C=O,CCC(=O)CC(=O)OC,C[Si](C)(C)Cl
966,CCC1=C(C(NC(=S)N1)c2ccc(Br)cc2)C(=O)OC,0.6,0,N,0.0,NC(=S)N,Brc1ccc(C=O)cc1,CCC(=O)CC(=O)OC,C[Si](C)(C)Cl
967,CCC1=C(C(NC(=S)N1)c2ccc(Br)s2)C(=O)OC,0.6,0,N,0.0,NC(=S)N,Brc1ccc(C=O)s1,CCC(=O)CC(=O)OC,C[Si](C)(C)Cl
968,CCC1=C(C(NC(=S)N1)c2ccc(F)c(F)c2)C(=O)OC,0.6,0,N,0.0,NC(=S)N,Fc1ccc(C=O)cc1F,CCC(=O)CC(=O)OC,C[Si](C)(C)Cl
969,CCC1=C(C(NC(=S)N1)c2ccc(F)cc2)C(=O)OC,0.6,1,N,44.5,NC(=S)N,Fc1ccc(C=O)cc1,CCC(=O)CC(=O)OC,C[Si](C)(C)Cl
970,CCC1=C(C(NC(=S)N1)c2ccc(OC)c(OC(F)F)c2)C(=O)OC,0.6,0,N,0.0,NC(=S)N,COc1ccc(C=O)cc1OC(F)F,CCC(=O)CC(=O)OC,C[Si](C)(C)Cl
971,CCC1=C(C(NC(=S)N1)c2ccc(SC)cc2)C(=O)OC,0.6,1,N,20.0,NC(=S)N,CSc1ccc(C=O)cc1,CCC(=O)CC(=O)OC,C[Si](C)(C)Cl
972,CCC1=C(C(NC(=S)N1)c2ccc(cc2)C(=O)OC)C(=O)OC,0.6,1,N,31.83,NC(=S)N,COC(=O)c1ccc(C=O)cc1,CCC(=O)CC(=O)OC,C[Si](C)(C)Cl
973,CCC1=C(C(NC(=S)N1)c2ccc(cc2)[N+](=O)[O-])C(=O)OC,0.6,1,N,22.83,NC(=S)N,[O-][N+](=O)c1ccc(C=O)cc1,CCC(=O)CC(=O)OC,C[Si](C)(C)Cl
974,CCC1=C(C(NC(=S)N1)c2cccc(F)c2)C(=O)OC,0.6,1,N,31.67,NC(=S)N,Fc1cccc(C=O)c1,CCC(=O)CC(=O)OC,C[Si](C)(C)Cl
975,CCC1=C(C(NC(=S)N1)c2cccc(OC)c2OC)C(=O)OC,0.6,1,N,36.17,NC(=S)N,COc1cccc(C=O)c1OC,CCC(=O)CC(=O)OC,C[Si](C)(C)Cl
976,CCC1=C(C(NC(=S)N1)c2cccc(OCc3ccccc3)c2)C(=O)OC,0.6,1,N,41.67,NC(=S)N,O=Cc1cccc(OCc2ccccc2)c1,CCC(=O)CC(=O)OC,C[Si](C)(C)Cl
977,CCC1=C(C(NC(=S)N1)c2cccc(c2)C(F)(F)F)C(=O)OC,0.6,1,N,22.5,NC(=S)N,FC(F)(F)c1cccc(C=O)c1,CCC(=O)CC(=O)OC,C[Si](C)(C)Cl
978,CCC1=C(C(NC(=S)N1)c2ccccc2)C(=O)OC,0.6,1,N,36.83,NC(=S)N,O=Cc1ccccc1,CCC(=O)CC(=O)OC,C[Si](C)(C)Cl
979,CCC1=C(C(NC(=S)N1)c2ccccc2C(F)(F)F)C(=O)OC,0.6,1,N,73.0,NC(=S)N,FC(F)(F)c1ccccc1C=O,CCC(=O)CC(=O)OC,C[Si](C)(C)Cl
980,CCC1=C(C(NC(=S)N1)c2ccccc2F)C(=O)OC,0.6,0,N,0.0,NC(=S)N,Fc1ccccc1C=O,CCC(=O)CC(=O)OC,C[Si](C)(C)Cl
981,CCC1=C(C(NC(=S)N1c2ccc(OC)c(OC)c2)c3ccc(C)s3)C(=O)OC,0.6,0,N,0.0,COc1ccc(NC(=S)N)cc1OC,Cc1ccc(C=O)s1,CCC(=O)CC(=O)OC,C[Si](C)(C)Cl
982,CCC1=C(C(NC(=S)N1c2ccc(OC)c(OC)c2)c3ccc(F)c(F)c3)C(=O)OC,0.6,0,N,0.0,COc1ccc(NC(=S)N)cc1OC,Fc1ccc(C=O)cc1F,CCC(=O)CC(=O)OC,C[Si](C)(C)Cl
983,CCC1=C(C(NC(=S)N1c2ccc(OC)c(OC)c2)c3ccc(F)cc3)C(=O)OC,0.6,0,N,0.0,COc1ccc(NC(=S)N)cc1OC,Fc1ccc(C=O)cc1,CCC(=O)CC(=O)OC,C[Si](C)(C)Cl
984,CCC1=C(C(NC(=S)N1c2ccc(OC)c(OC)c2)c3ccc(F)cc3F)C(=O)OC,0.6,0,N,0.0,COc1ccc(NC(=S)N)cc1OC,Fc1ccc(C=O)c(F)c1,CCC(=O)CC(=O)OC,C[Si](C)(C)Cl
985,CCC1=C(C(NC(=S)N1c2ccc(OC)c(OC)c2)c3ccc(OC)cc3)C(=O)OC,0.6,0,N,0.0,COc1ccc(NC(=S)N)cc1OC,COc1ccc(C=O)cc1,CCC(=O)CC(=O)OC,C[Si](C)(C)Cl
986,CCC1=C(C(NC(=S)N1c2ccc(OC)c(OC)c2)c3cccc(C#N)c3)C(=O)OC,0.6,0,N,0.0,COc1ccc(NC(=S)N)cc1OC,O=Cc1cccc(C#N)c1,CCC(=O)CC(=O)OC,C[Si](C)(C)Cl
987,CCC1=C(C(NC(=S)N1c2ccc(OC)c(OC)c2)c3cccc(C)c3)C(=O)OC,0.6,1,N,6.83,COc1ccc(NC(=S)N)cc1OC,Cc1cccc(C=O)c1,CCC(=O)CC(=O)OC,C[Si](C)(C)Cl
988,CCC1=C(C(NC(=S)N1c2ccc(OC)c(OC)c2)c3cccc(F)c3)C(=O)OC,0.6,0,N,0.0,COc1ccc(NC(=S)N)cc1OC,Fc1cccc(C=O)c1,CCC(=O)CC(=O)OC,C[Si](C)(C)Cl
989,CCC1=C(C(NC(=S)N1c2ccc(OC)c(OC)c2)c3ccccc3F)C(=O)OC,0.6,0,N,0.0,COc1ccc(NC(=S)N)cc1OC,Fc1ccccc1C=O,CCC(=O)CC(=O)OC,C[Si](C)(C)Cl
990,CCC1=C(C(NC(=S)N1c2ccc(OC)c(OC)c2)c3cccs3)C(=O)OC,0.6,0,N,0.0,COc1ccc(NC(=S)N)cc1OC,O=Cc1cccs1,CCC(=O)CC(=O)OC,C[Si](C)(C)Cl
991,CCC1=C(C(NC(=S)N1c2ccc(OC)c(OC)c2)c3ccsc3)C(=O)OC,0.6,0,N,0.0,COc1ccc(NC(=S)N)cc1OC,O=Cc1ccsc1,CCC(=O)CC(=O)OC,C[Si](C)(C)Cl
992,CCC1=C(C(NC(=S)N1c2ccc3OCCOc3c2)c4c(F)cccc4F)C(=O)OC,0.6,1,N,55.0,NC(=S)Nc1ccc2OCCOc2c1,Fc1cccc(F)c1C=O,CCC(=O)CC(=O)OC,C[Si](C)(C)Cl
993,CCC1=C(C(NC(=S)N1c2ccc3OCCOc3c2)c4ccc(Cl)c(c4)[N+](=O)[O-])C(=O)OC,0.6,0,N,0.0,NC(=S)Nc1ccc2OCCOc2c1,[O-][N+](=O)c1cc(C=O)ccc1Cl,CCC(=O)CC(=O)OC,C[Si](C)(C)Cl
994,CCC1=C(C(NC(=S)N1c2ccc3OCCOc3c2)c4ccc(F)cc4)C(=O)OC,0.6,0,N,0.0,NC(=S)Nc1ccc2OCCOc2c1,Fc1ccc(C=O)cc1,CCC(=O)CC(=O)OC,C[Si](C)(C)Cl
995,CCC1=C(C(NC(=S)N1c2ccc3OCCOc3c2)c4ccc(F)cc4)C(=O)OC,0.6,1,N,2.33,NC(=S)Nc1ccc2OCCOc2c1,Fc1ccc(C=O)cc1,CCC(=O)CC(=O)OC,C[Si](C)(C)Cl
996,CCC1=C(C(NC(=S)N1c2ccc3OCCOc3c2)c4ccc(F)cc4F)C(=O)OC,0.6,0,N,0.0,NC(=S)Nc1ccc2OCCOc2c1,Fc1ccc(C=O)c(F)c1,CCC(=O)CC(=O)OC,C[Si](C)(C)Cl
997,CCC1=C(C(NC(=S)N1c2ccc3OCCOc3c2)c4cccc(F)c4)C(=O)OC,0.6,1,N,54.17,NC(=S)Nc1ccc2OCCOc2c1,Fc1cccc(C=O)c1,CCC(=O)CC(=O)OC,C[Si](C)(C)Cl
998,CCC1=C(C(NC(=S)N1c2ccc3OCCOc3c2)c4cccc(F)c4)C(=O)OC,0.6,0,N,0.0,NC(=S)Nc1ccc2OCCOc2c1,Fc1cccc(C=O)c1,CCC(=O)CC(=O)OC,C[Si](C)(C)Cl
999,CCC1=C(C(NC(=S)N1c2ccc3OCCOc3c2)c4ccccc4)C(=O)OC,0.6,1,N,32.0,NC(=S)Nc1ccc2OCCOc2c1,O=Cc1ccccc1,CCC(=O)CC(=O)OC,C[Si](C)(C)Cl
1000,CCC1=C(C(NC(=S)N1c2ccc3OCCOc3c2)c4ccccc4F)C(=O)OC,0.6,1,N,29.33,NC(=S)Nc1ccc2OCCOc2c1,Fc1ccccc1C=O,CCC(=O)CC(=O)OC,C[Si](C)(C)Cl
1001,CCC1=C(C(NC(=S)N1c2ccccc2)c3cccs3)C(=O)OC,0.6,0,N,0.0,NC(=S)Nc1ccccc1,O=Cc1cccs1,CCC(=O)CC(=O)OC,C[Si](C)(C)Cl
1002,CCCC1=C(C(NC(=S)N1)c2c(F)cccc2F)C(=O)OC,0.6,0,N,0.0,NC(=S)N,Fc1cccc(F)c1C=O,CCCC(=O)CC(=O)OC,C[Si](C)(C)Cl
1003,CCCC1=C(C(NC(=S)N1)c2c(F)cccc2F)C(=O)OC,0.6,0,N,0.0,NC(=S)N,Fc1cccc(F)c1C=O,CCCC(=O)CC(=O)OC,C[Si](C)(C)Cl
1004,CCCC1=C(C(NC(=S)N1)c2ccc(F)cc2)C(=O)OCC,0.6,1,N,21.83,NC(=S)N,Fc1ccc(C=O)cc1,CCCC(=O)CC(=O)OCC,
1005,CCCC1=C(C(NC(=S)N1)c2ccc(cc2)C(=O)OC)C(=O)OC,0.6,0,N,0.0,NC(=S)N,COC(=O)c1ccc(C=O)cc1,CCCC(=O)CC(=O)OC,C[Si](C)(C)Cl
1006,CCCC1=C(C(NC(=S)N1)c2cccc(Br)c2)C(=O)OCC,0.6,1,N,36.5,NC(=S)N,Brc1cccc(C=O)c1,CCCC(=O)CC(=O)OCC,C[Si](C)(C)Cl
1007,CCCC1=C(C(NC(=S)N1)c2cccc(OC)c2OC)C(=O)OCC,0.6,1,N,93.33,NC(=S)N,COc1cccc(C=O)c1OC,CCCC(=O)CC(=O)OCC,C[Si](C)(C)Cl
1008,CCCC1=C(C(NC(=S)N1)c2ccccc2)C(=O)OC,0.6,1,N,48.5,NC(=S)N,O=Cc1ccccc1,CCCC(=O)CC(=O)OC,C[Si](C)(C)Cl
1009,CCCC1=C(C(NC(=S)N1c2ccc(OCc3ccccc3)cc2)c4csnn4)C(=O)OC,0.6,1,N,85.33,NC(=S)Nc1ccc(OCc2ccccc2)cc1,O=Cc1csnn1,CCCC(=O)CC(=O)OC,C[Si](C)(C)Cl
1010,CCCC1=C(C(NC(=S)N1c2ccc3OCCOc3c2)c4cccc(F)c4)C(=O)OC,0.6,1,N,4.67,NC(=S)Nc1ccc2OCCOc2c1,Fc1cccc(C=O)c1,CCCC(=O)CC(=O)OC,C[Si](C)(C)Cl
1011,CCCC1=C(C(NC(=S)N1c2ccc3OCCOc3c2)c4ccccc4)C(=O)OC,0.6,1,N,3.67,NC(=S)Nc1ccc2OCCOc2c1,O=Cc1ccccc1,CCCC(=O)CC(=O)OC,C[Si](C)(C)Cl
1012,CCCC1=C(C(NC(=S)N1c2ccc3OCCOc3c2)c4ccccc4)C(=O)OC,0.6,1,N,60.83,NC(=S)Nc1ccc2OCCOc2c1,O=Cc1ccccc1,CCCC(=O)CC(=O)OC,C[Si](C)(C)Cl
1013,CCCC1=C(C(NC(=S)N1c2ccc3OCCOc3c2)c4ccccc4F)C(=O)OC,0.6,1,N,46.33,NC(=S)Nc1ccc2OCCOc2c1,Fc1ccccc1C=O,CCCC(=O)CC(=O)OC,C[Si](C)(C)Cl
1014,CCCC1=C(C(NC(=S)N1c2ccccc2)c3c(F)cccc3Cl)C(=O)OC,0.6,1,N,80.83,NC(=S)Nc1ccccc1,Fc1cccc(Cl)c1C=O,CCCC(=O)CC(=O)OC,C[Si](C)(C)Cl
1015,CCCC1=C(C(NC(=S)N1c2ccccc2)c3ccc(Br)cc3)C(=O)OC,0.6,1,N,63.0,NC(=S)Nc1ccccc1,Brc1ccc(C=O)cc1,CCCC(=O)CC(=O)OC,
1016,CCCC1=C(C(NC(=S)N1c2ccccc2)c3ccc(F)cc3)C(=O)OC,0.6,0,N,0.0,NC(=S)Nc1ccccc1,Fc1ccc(C=O)cc1,CCCC(=O)CC(=O)OC,C[Si](C)(C)Cl
1017,CCCC1=C(C(NC(=S)N1c2ccccc2)c3cccc(C#N)c3)C(=O)OC,0.6,1,N,57.17,NC(=S)Nc1ccccc1,O=Cc1cccc(C#N)c1,CCCC(=O)CC(=O)OC,C[Si](C)(C)Cl
1018,CCCC1=C(C(NC(=S)N1c2ccccc2)c3cccc(c3)C(F)(F)F)C(=O)OC,0.6,0,N,0.0,NC(=S)Nc1ccccc1,FC(F)(F)c1cccc(C=O)c1,CCCC(=O)CC(=O)OC,C[Si](C)(C)Cl
1019,CCCC1=C(C(NC(=S)N1c2ccccc2)c3ccccc3C(F)(F)F)C(=O)OC,0.6,1,N,34.5,NC(=S)Nc1ccccc1,FC(F)(F)c1ccccc1C=O,CCCC(=O)CC(=O)OC,C[Si](C)(C)Cl
1020,CCCC1=C(C(NC(=S)N1c2ccccn2)c3ccc(OC)cc3)C(=O)OC,0.6,0,N,0.0,NC(=S)Nc1ccccn1,COc1ccc(C=O)cc1,CCCC(=O)CC(=O)OC,C[Si](C)(C)Cl
1021,CCCCCCCCOc1ccc(cc1)C2NC(=S)NC(=C2C(=O)OCC)C,0.9,1,N,15.44,NC(=S)N,CCCCCCCCOc1ccc(C=O)cc1,CCOC(=O)CC(=O)C,
1022,CCCCCCOc1ccc(cc1)C2NC(=S)NC(=C2C(=O)OC(C)(C)C)C,0.6,1,N,74.33,NC(=S)N,CCCCCCOc1ccc(C=O)cc1,CC(=O)CC(=O)OC(C)(C)C,
1023,CCCCCCOc1ccc(cc1)C2NC(=S)NC(=C2C(=O)OCCOC)C,0.6,1,N,0.0,NC(=S)N,CCCCCCOc1ccc(C=O)cc1,COCCOC(=O)CC(=O)C,
1024,CCCCCCOc1ccc(cc1OC)C2NC(=S)NC(=C2C(=O)Nc3ccccc3OC)C,0.6,1,N,30.0,NC(=S)N,CCCCCCOc1ccc(C=O)cc1OC,COc1ccccc1NC(=O)CC(=O)C,C[Si](C)(C)Cl
1025,CCCCCCOc1ccc(cc1OC)C2NC(=S)NC(=C2C(=O)OC(C)(C)C)C,0.6,0,N,0.0,NC(=S)N,CCCCCCOc1ccc(C=O)cc1OC,CC(=O)CC(=O)OC(C)(C)C,
1026,CCCCCCOc1ccc(cc1OC)C2NC(=S)NC(=C2C(=O)OCCOC)C,0.6,1,N,0.0,NC(=S)N,CCCCCCOc1ccc(C=O)cc1OC,COCCOC(=O)CC(=O)C,
1027,CCCCCCOc1ccc(cc1OC)C2NC(=S)NC(=C2C(=O)c3ccccc3)C,0.6,1,N,40.83,NC(=S)N,CCCCCCOc1ccc(C=O)cc1OC,CC(=O)CC(=O)c1ccccc1,
1028,CCCCN1C(=C(C(NC1=O)c2ccc(C#N)cc2)C(=O)N3CCOCC3)C,0.6,0,N,0.0,CCCCNC(=O)N,O=Cc1ccc(C#N)cc1,CC(=O)CC(=O)N1CCOCC1,C[Si](C)(C)Cl
1029,CCCCN1C(=C(C(NC1=O)c2ccc(C#N)cc2)C(=O)N3CCOCC3)C,0.6,0,N,0.0,CCCCNC(=O)N,O=Cc1ccc(C#N)cc1,CC(=O)CC(=O)N1CCOCC1,C[Si](C)(C)Cl
1030,CCCCN1C(=C(C(NC1=O)c2ccc(C#N)cc2)C(=O)N3CCOCC3)C,0.6,0,N,0.0,CCCCNC(=O)N,O=Cc1ccc(C#N)cc1,CC(=O)CC(=O)N1CCOCC1,C[Si](C)(C)Cl
1031,CCCCN1C(=C(C(NC1=O)c2ccc(C#N)cc2)C(=O)OCCOC)C,0.6,1,N,14.17,CCCCNC(=O)N,O=Cc1ccc(C#N)cc1,COCCOC(=O)CC(=O)C,C[Si](C)(C)Cl
1032,CCCCN1C(=C(C(NC1=O)c2ccc(C#N)cc2)C(=O)OCCOC)C,0.6,1,N,8.83,CCCCNC(=O)N,O=Cc1ccc(C#N)cc1,COCCOC(=O)CC(=O)C,C[Si](C)(C)Cl
1033,CCCCN1C(=C(C(NC1=O)c2ccc(C#N)cc2)C(=O)OCCOC)C,0.6,1,N,14.17,CCCCNC(=O)N,O=Cc1ccc(C#N)cc1,COCCOC(=O)CC(=O)C,C[Si](C)(C)Cl
1034,CCCCN1C(=C(C(NC1=O)c2ccc(C)s2)C(=O)OC)C,0.6,0,N,0.0,CCCCNC(=O)N,Cc1ccc(C=O)s1,COC(=O)CC(=O)C,C[Si](C)(C)Cl
1035,CCCCN1C(=C(C(NC1=O)c2ccc(Cl)cc2)C(=O)N3CCOCC3)C,0.6,0,N,0.0,CCCCNC(=O)N,Clc1ccc(C=O)cc1,CC(=O)CC(=O)N1CCOCC1,C[Si](C)(C)Cl
1036,CCCCN1C(=C(C(NC1=O)c2ccc(Cl)cc2)C(=O)N3CCOCC3)C,0.6,0,N,0.0,CCCCNC(=O)N,Clc1ccc(C=O)cc1,CC(=O)CC(=O)N1CCOCC1,C[Si](C)(C)Cl
1037,CCCCN1C(=C(C(NC1=O)c2ccc(Cl)cc2)C(=O)N3CCOCC3)C,0.6,1,N,29.17,CCCCNC(=O)N,Clc1ccc(C=O)cc1,CC(=O)CC(=O)N1CCOCC1,C[Si](C)(C)Cl
1038,CCCCN1C(=C(C(NC1=O)c2ccc(F)c(F)c2)C(=O)OC)C,0.6,1,N,15.67,CCCCNC(=O)N,Fc1ccc(C=O)cc1F,COC(=O)CC(=O)C,C[Si](C)(C)Cl
1039,CCCCN1C(=C(C(NC1=O)c2ccc(F)cc2)C(=O)OC)C,0.6,0,N,0.0,CCCCNC(=O)N,Fc1ccc(C=O)cc1,COC(=O)CC(=O)C,C[Si](C)(C)Cl
1040,CCCCN1C(=C(C(NC1=O)c2ccc(F)cc2)C(=O)OCCOC)C,0.6,0,N,0.0,CCCCNC(=O)N,Fc1ccc(C=O)cc1,COCCOC(=O)CC(=O)C,C[Si](C)(C)Cl
1041,CCCCN1C(=C(C(NC1=O)c2ccc(F)cc2F)C(=O)Nc3cc(C)on3)C,0.6,1,N,7.67,CCCCNC(=O)N,Fc1ccc(C=O)c(F)c1,CC(=O)CC(=O)Nc1cc(C)on1,C[Si](C)(C)Cl
1042,CCCCN1C(=C(C(NC1=O)c2ccc(F)cc2F)C(=O)OC)C,0.6,1,N,7.33,CCCCNC(=O)N,Fc1ccc(C=O)c(F)c1,COC(=O)CC(=O)C,C[Si](C)(C)Cl
1043,CCCCN1C(=C(C(NC1=O)c2ccc(OC(F)F)c(OC)c2)C(=O)OC)C,0.6,1,N,16.67,CCCCNC(=O)N,COc1cc(C=O)ccc1OC(F)F,COC(=O)CC(=O)C,C[Si](C)(C)Cl
1044,CCCCN1C(=C(C(NC1=O)c2ccc(c(F)c2)n3cncn3)C(=O)OC)C,0.6,1,N,16.67,CCCCNC(=O)N,Fc1cc(C=O)ccc1n2cncn2,COC(=O)CC(=O)C,C[Si](C)(C)Cl
1045,CCCCN1C(=C(C(NC1=O)c2ccc(c(F)c2)n3cncn3)C(=O)OC)C,0.6,0,N,0.0,CCCCNC(=O)N,Fc1cc(C=O)ccc1n2cncn2,COC(=O)CC(=O)C,C[Si](C)(C)Cl
1046,CCCCN1C(=C(C(NC1=O)c2ccc(cc2)C(=O)OC)C(=O)N3CCOCC3)C,0.6,1,N,28.33,CCCCNC(=O)N,COC(=O)c1ccc(C=O)cc1,CC(=O)CC(=O)N1CCOCC1,C[Si](C)(C)Cl
1047,CCCCN1C(=C(C(NC1=O)c2ccc(cc2)C(=O)OC)C(=O)Nc3cc(C)on3)C,0.6,0,N,0.0,CCCCNC(=O)N,COC(=O)c1ccc(C=O)cc1,CC(=O)CC(=O)Nc1cc(C)on1,C[Si](C)(C)Cl
1048,CCCCN1C(=C(C(NC1=O)c2ccc(cc2)C(=O)OC)C(=O)Nc3ccccc3OC)C,0.6,0,N,0.0,CCCCNC(=O)N,COC(=O)c1ccc(C=O)cc1,COc1ccccc1NC(=O)CC(=O)C,C[Si](C)(C)Cl
1049,CCCCN1C(=C(C(NC1=O)c2ccc(cc2)C(=O)OC)C(=O)Nc3ccccc3OC)C,0.6,1,N,14.17,CCCCNC(=O)N,COC(=O)c1ccc(C=O)cc1,COc1ccccc1NC(=O)CC(=O)C,C[Si](C)(C)Cl
1050,CCCCN1C(=C(C(NC1=O)c2cccc(C#N)c2)C(=O)Nc3cc(C)on3)C,0.6,0,N,0.0,CCCCNC(=O)N,O=Cc1cccc(C#N)c1,CC(=O)CC(=O)Nc1cc(C)on1,C[Si](C)(C)Cl
1051,CCCCN1C(=C(C(NC1=O)c2cccc(F)c2)C(=O)OC)C,0.6,1,N,18.67,CCCCNC(=O)N,Fc1cccc(C=O)c1,COC(=O)CC(=O)C,C[Si](C)(C)Cl
1052,CCCCN1C(=C(C(NC1=O)c2cccc(F)c2)C(=O)OCCOC)C,0.6,0,N,0.0,CCCCNC(=O)N,Fc1cccc(C=O)c1,COCCOC(=O)CC(=O)C,C[Si](C)(C)Cl
1053,CCCCN1C(=C(C(NC1=O)c2ccccc2)C(=O)Nc3cc(C)on3)C,0.6,0,N,0.0,CCCCNC(=O)N,O=Cc1ccccc1,CC(=O)CC(=O)Nc1cc(C)on1,C[Si](C)(C)Cl
1054,CCCCN1C(=C(C(NC1=O)c2ccccc2)C(=O)Nc3cc(C)on3)C,0.6,0,N,0.0,CCCCNC(=O)N,O=Cc1ccccc1,CC(=O)CC(=O)Nc1cc(C)on1,C[Si](C)(C)Cl
1055,CCCCN1C(=C(C(NC1=O)c2ccccc2)C(=O)OC)C,0.6,1,N,8.5,CCCCNC(=O)N,O=Cc1ccccc1,COC(=O)CC(=O)C,C[Si](C)(C)Cl
1056,CCCCN1C(=C(C(NC1=O)c2ccccc2C(F)(F)F)C(=O)N3CCOCC3)C,0.6,0,N,0.0,CCCCNC(=O)N,FC(F)(F)c1ccccc1C=O,CC(=O)CC(=O)N1CCOCC1,C[Si](C)(C)Cl
1057,CCCCN1C(=C(C(NC1=O)c2ccccc2F)C(=O)N3CCOCC3)C,0.6,0,N,0.0,CCCCNC(=O)N,Fc1ccccc1C=O,CC(=O)CC(=O)N1CCOCC1,C[Si](C)(C)Cl
1058,CCCCN1C(=C(C(NC1=O)c2ccccc2F)C(=O)OC)C,0.6,0,N,0.0,CCCCNC(=O)N,Fc1ccccc1C=O,COC(=O)CC(=O)C,C[Si](C)(C)Cl
1059,CCCCN1C(=C(C(NC1=O)c2ccccc2F)C(=O)OCCOC)C,0.6,0,N,0.0,CCCCNC(=O)N,Fc1ccccc1C=O,COCCOC(=O)CC(=O)C,C[Si](C)(C)Cl
1060,CCCCN1C(=C(C(NC1=O)c2ccccc2OC(F)F)C(=O)N3CCOCC3)C,0.6,0,N,0.0,CCCCNC(=O)N,FC(F)Oc1ccccc1C=O,CC(=O)CC(=O)N1CCOCC1,C[Si](C)(C)Cl
1061,CCCCN1C(=C(C(NC1=O)c2ccccc2OC(F)F)C(=O)OCC)C,0.6,1,N,12.0,CCCCNC(=O)N,FC(F)Oc1ccccc1C=O,CCOC(=O)CC(=O)C,C[Si](C)(C)Cl
1062,CCCCN1C(=C(C(NC1=O)c2ccccc2OC(F)F)C(=O)OCCOC)C,0.6,1,N,6.33,CCCCNC(=O)N,FC(F)Oc1ccccc1C=O,COCCOC(=O)CC(=O)C,C[Si](C)(C)Cl
1063,CCCCN1C(=C(C(NC1=O)c2cccs2)C(=O)OC)C,0.6,1,N,18.0,CCCCNC(=O)N,O=Cc1cccs1,COC(=O)CC(=O)C,C[Si](C)(C)Cl
1064,CCCCN1C(=C(C(NC1=O)c2ccsc2)C(=O)OC)C,0.6,0,N,0.0,CCCCNC(=O)N,O=Cc1ccsc1,COC(=O)CC(=O)C,C[Si](C)(C)Cl
1065,CCCCN1C(=C(C(NC1=S)c2ccc(F)cc2)C(=O)N3CCOCC3)C,0.6,1,N,65.33,CCCCNC(=S)N,Fc1ccc(C=O)cc1,CC(=O)CC(=O)N1CCOCC1,C[Si](C)(C)Cl
1066,CCCCN1C(=C(C(NC1=S)c2ccc(F)cc2)C(=O)OCCOC)C,0.6,1,N,100.0,CCCCNC(=S)N,Fc1ccc(C=O)cc1,COCCOC(=O)CC(=O)C,C[Si](C)(C)Cl
1067,CCCCN1C(=C(C(NC1=S)c2ccc(cc2)[N+](=O)[O-])C(=O)Nc3cc(C)on3)C,0.6,1,N,56.67,CCCCNC(=S)N,[O-][N+](=O)c1ccc(C=O)cc1,CC(=O)CC(=O)Nc1cc(C)on1,C[Si](C)(C)Cl
1068,CCCCN1C(=C(C(NC1=S)c2ccccc2)C(=O)Nc3cc(C)on3)C,0.6,1,N,15.0,CCCCNC(=S)N,O=Cc1ccccc1,CC(=O)CC(=O)Nc1cc(C)on1,C[Si](C)(C)Cl
1069,CCCCOc1ccc(cc1)C2NC(=O)NC(=C2C(=O)Nc3ccccc3)C,0.6,0,N,0.0,NC(=O)N,CCCCOc1ccc(C=O)cc1,CC(=O)CC(=O)Nc1ccccc1,
1070,CCCCOc1ccc(cc1)C2NC(=O)NC(=C2C(=O)c3ccccc3)C,0.6,0,N,0.0,NC(=O)N,CCCCOc1ccc(C=O)cc1,CC(=O)CC(=O)c1ccccc1,
1071,CCCCOc1ccc(cc1)C2NC(=S)NC(=C2C(=O)Nc3sc(C)c(C)c3C(=O)OCC)C,0.6,1,N,29.67,NC(=S)N,CCCCOc1ccc(C=O)cc1,CCOC(=O)c1c(C)c(C)sc1NC(=O)CC(=O)C,
1072,CCCCOc1ccc(cc1OC)C2NC(=S)NC(=C2C(=O)OCC)C,0.6,1,N,35.5,NC(=S)N,CCCCOc1ccc(C=O)cc1OC,CCOC(=O)CC(=O)C,C[Si](C)(C)Cl
1073,CCCN1C(=C(C(NC1=O)c2c(Cl)cccc2Cl)C(=O)Nc3cc(C)on3)C,0.6,1,N,83.33,CCCNC(=O)N,Clc1cccc(Cl)c1C=O,CC(=O)CC(=O)Nc1cc(C)on1,C[Si](C)(C)Cl
1074,CCCN1C(=C(C(NC1=O)c2c(F)cccc2Cl)C(=O)OC)C,0.6,1,N,44.0,CCCNC(=O)N,Fc1cccc(Cl)c1C=O,COC(=O)CC(=O)C,C[Si](C)(C)Cl
1075,CCCN1C(=C(C(NC1=O)c2c(F)cccc2F)C(=O)N3CCOCC3)C,0.6,0,N,0.0,CCCNC(=O)N,Fc1cccc(F)c1C=O,CC(=O)CC(=O)N1CCOCC1,C[Si](C)(C)Cl
1076,CCCN1C(=C(C(NC1=O)c2c(F)cccc2F)C(=O)Nc3cc(C)on3)C,0.6,0,N,0.0,CCCNC(=O)N,Fc1cccc(F)c1C=O,CC(=O)CC(=O)Nc1cc(C)on1,C[Si](C)(C)Cl
1077,CCCN1C(=C(C(NC1=O)c2cc(Br)ccc2OC)C(=O)Nc3cc(C)on3)C,0.6,0,N,0.0,CCCNC(=O)N,COc1ccc(Br)cc1C=O,CC(=O)CC(=O)Nc1cc(C)on1,C[Si](C)(C)Cl
1078,CCCN1C(=C(C(NC1=O)c2cc(Br)ccc2OC)C(=O)Nc3cc(C)on3)C,0.6,0,N,0.0,CCCNC(=O)N,COc1ccc(Br)cc1C=O,CC(=O)CC(=O)Nc1cc(C)on1,C[Si](C)(C)Cl
1079,CCCN1C(=C(C(NC1=O)c2cc(Br)ccc2OC)C(=O)Nc3cc(C)on3)C,0.6,0,N,0.0,CCCNC(=O)N,COc1ccc(Br)cc1C=O,CC(=O)CC(=O)Nc1cc(C)on1,C[Si](C)(C)Cl
1080,CCCN1C(=C(C(NC1=O)c2cc(Br)ccc2OC)C(=O)OC)C,0.6,1,N,29.83,CCCNC(=O)N,COc1ccc(Br)cc1C=O,COC(=O)CC(=O)C,C[Si](C)(C)Cl
1081,CCCN1C(=C(C(NC1=O)c2ccc(Br)cc2)C(=O)Nc3cc(C)on3)C,0.6,0,N,0.0,CCCNC(=O)N,Brc1ccc(C=O)cc1,CC(=O)CC(=O)Nc1cc(C)on1,C[Si](C)(C)Cl
1082,CCCN1C(=C(C(NC1=O)c2ccc(Br)cc2)C(=O)OC)C,0.6,1,N,55.0,CCCNC(=O)N,Brc1ccc(C=O)cc1,COC(=O)CC(=O)C,C[Si](C)(C)Cl
1083,CCCN1C(=C(C(NC1=O)c2ccc(Br)s2)C(=O)OC)C,0.6,1,N,37.5,CCCNC(=O)N,Brc1ccc(C=O)s1,COC(=O)CC(=O)C,C[Si](C)(C)Cl
1084,CCCN1C(=C(C(NC1=O)c2ccc(Cl)cc2)C(=O)OC)C,0.6,1,N,60.67,CCCNC(=O)N,Clc1ccc(C=O)cc1,COC(=O)CC(=O)C,C[Si](C)(C)Cl
1085,CCCN1C(=C(C(NC1=O)c2ccc(Cl)cc2Cl)C(=O)Nc3cc(C)on3)C,0.6,1,N,32.5,CCCNC(=O)N,Clc1ccc(C=O)c(Cl)c1,CC(=O)CC(=O)Nc1cc(C)on1,C[Si](C)(C)Cl
1086,CCCN1C(=C(C(NC1=O)c2ccc(F)c(Br)c2)C(=O)Nc3cc(C)on3)C,0.6,0,N,0.0,CCCNC(=O)N,Fc1ccc(C=O)cc1Br,CC(=O)CC(=O)Nc1cc(C)on1,C[Si](C)(C)Cl
1087,CCCN1C(=C(C(NC1=O)c2ccc(F)c(Br)c2)C(=O)Nc3cc(C)on3)C,0.6,0,N,0.0,CCCNC(=O)N,Fc1ccc(C=O)cc1Br,CC(=O)CC(=O)Nc1cc(C)on1,C[Si](C)(C)Cl
1088,CCCN1C(=C(C(NC1=O)c2ccc(F)c(F)c2)C(=O)OC)C,0.6,1,N,12.83,CCCNC(=O)N,Fc1ccc(C=O)cc1F,COC(=O)CC(=O)C,C[Si](C)(C)Cl
1089,CCCN1C(=C(C(NC1=O)c2ccc(F)cc2F)C(=O)N3CCOCC3)C,0.6,0,N,0.0,CCCNC(=O)N,Fc1ccc(C=O)c(F)c1,CC(=O)CC(=O)N1CCOCC1,C[Si](C)(C)Cl
1090,CCCN1C(=C(C(NC1=O)c2ccc(F)cc2F)C(=O)Nc3cc(C)on3)C,0.6,0,N,0.0,CCCNC(=O)N,Fc1ccc(C=O)c(F)c1,CC(=O)CC(=O)Nc1cc(C)on1,C[Si](C)(C)Cl
1091,CCCN1C(=C(C(NC1=O)c2ccc(F)cc2F)C(=O)OC)C,0.6,0,N,0.0,CCCNC(=O)N,Fc1ccc(C=O)c(F)c1,COC(=O)CC(=O)C,C[Si](C)(C)Cl
1092,CCCN1C(=C(C(NC1=O)c2ccc(F)cc2F)C(=O)OC)C,0.6,1,N,9.17,CCCNC(=O)N,Fc1ccc(C=O)c(F)c1,COC(=O)CC(=O)C,C[Si](C)(C)Cl
1093,CCCN1C(=C(C(NC1=O)c2ccc(OC(F)F)cc2)C(=O)OC)C,0.6,0,N,0.0,CCCNC(=O)N,FC(F)Oc1ccc(C=O)cc1,COC(=O)CC(=O)C,C[Si](C)(C)Cl
1094,CCCN1C(=C(C(NC1=O)c2ccc(c(F)c2)n3cncn3)C(=O)OC)C,0.6,0,N,0.0,CCCNC(=O)N,Fc1cc(C=O)ccc1n2cncn2,COC(=O)CC(=O)C,C[Si](C)(C)Cl
1095,CCCN1C(=C(C(NC1=O)c2ccc(c(F)c2)n3cncn3)C(=O)OC)C,0.6,1,N,8.17,CCCNC(=O)N,Fc1cc(C=O)ccc1n2cncn2,COC(=O)CC(=O)C,C[Si](C)(C)Cl
1096,CCCN1C(=C(C(NC1=O)c2cccc(Br)c2)C(=O)Nc3cc(C)on3)C,0.6,0,N,0.0,CCCNC(=O)N,Brc1cccc(C=O)c1,CC(=O)CC(=O)Nc1cc(C)on1,C[Si](C)(C)Cl
1097,CCCN1C(=C(C(NC1=O)c2cccc(Br)c2)C(=O)OC)C,0.6,1,N,25.83,CCCNC(=O)N,Brc1cccc(C=O)c1,COC(=O)CC(=O)C,C[Si](C)(C)Cl
1098,CCCN1C(=C(C(NC1=O)c2cccc(C#N)c2)C(=O)OC)C,0.6,1,N,11.0,CCCNC(=O)N,O=Cc1cccc(C#N)c1,COC(=O)CC(=O)C,C[Si](C)(C)Cl
1099,CCCN1C(=C(C(NC1=O)c2cccc(Cl)c2)C(=O)OC)C,0.6,1,N,19.5,CCCNC(=O)N,Clc1cccc(C=O)c1,COC(=O)CC(=O)C,C[Si](C)(C)Cl
1100,CCCN1C(=C(C(NC1=O)c2cccc(Cl)c2)C(=O)OCC)C,0.6,1,N,69.5,CCCNC(=O)N,Clc1cccc(C=O)c1,CCOC(=O)CC(=O)C,C[Si](C)(C)Cl
1101,CCCN1C(=C(C(NC1=O)c2cccc(Cl)c2Cl)C(=O)Nc3cc(C)on3)C,0.6,1,N,58.33,CCCNC(=O)N,Clc1cccc(C=O)c1Cl,CC(=O)CC(=O)Nc1cc(C)on1,C[Si](C)(C)Cl
1102,CCCN1C(=C(C(NC1=O)c2cccc(Cl)c2Cl)C(=O)OC)C,0.6,1,N,59.67,CCCNC(=O)N,Clc1cccc(C=O)c1Cl,COC(=O)CC(=O)C,C[Si](C)(C)Cl
1103,CCCN1C(=C(C(NC1=O)c2cccc(F)c2)C(=O)Nc3cc(C)on3)C,0.6,0,N,0.0,CCCNC(=O)N,Fc1cccc(C=O)c1,CC(=O)CC(=O)Nc1cc(C)on1,C[Si](C)(C)Cl
1104,CCCN1C(=C(C(NC1=O)c2cccc(F)c2)C(=O)Nc3cc(C)on3)C,0.6,0,N,0.0,CCCNC(=O)N,Fc1cccc(C=O)c1,CC(=O)CC(=O)Nc1cc(C)on1,C[Si](C)(C)Cl
1105,CCCN1C(=C(C(NC1=O)c2cccc(F)c2)C(=O)OCCOC)C,0.6,0,N,0.0,CCCNC(=O)N,Fc1cccc(C=O)c1,COCCOC(=O)CC(=O)C,C[Si](C)(C)Cl
1106,CCCN1C(=C(C(NC1=O)c2ccccc2)C(=O)Nc3cc(C)on3)C,0.6,0,N,0.0,CCCNC(=O)N,O=Cc1ccccc1,CC(=O)CC(=O)Nc1cc(C)on1,C[Si](C)(C)Cl
1107,CCCN1C(=C(C(NC1=O)c2ccccc2)C(=O)Nc3cc(C)on3)C,0.6,0,N,0.0,CCCNC(=O)N,O=Cc1ccccc1,CC(=O)CC(=O)Nc1cc(C)on1,C[Si](C)(C)Cl
1108,CCCN1C(=C(C(NC1=O)c2ccccc2Br)C(=O)Nc3cc(C)on3)C,0.6,1,N,48.33,CCCNC(=O)N,Brc1ccccc1C=O,CC(=O)CC(=O)Nc1cc(C)on1,C[Si](C)(C)Cl
1109,CCCN1C(=C(C(NC1=O)c2ccccc2Br)C(=O)Nc3cc(C)on3)C,0.6,1,N,8.33,CCCNC(=O)N,Brc1ccccc1C=O,CC(=O)CC(=O)Nc1cc(C)on1,C[Si](C)(C)Cl
1110,CCCN1C(=C(C(NC1=O)c2ccccc2C(F)(F)F)C(=O)N3CCOCC3)C,0.6,0,N,0.0,CCCNC(=O)N,FC(F)(F)c1ccccc1C=O,CC(=O)CC(=O)N1CCOCC1,C[Si](C)(C)Cl
1111,CCCN1C(=C(C(NC1=O)c2ccccc2C(F)(F)F)C(=O)Nc3cc(C)on3)C,0.6,0,N,0.0,CCCNC(=O)N,FC(F)(F)c1ccccc1C=O,CC(=O)CC(=O)Nc1cc(C)on1,C[Si](C)(C)Cl
1112,CCCN1C(=C(C(NC1=O)c2ccccc2C(F)(F)F)C(=O)OC)C,0.6,1,N,49.17,CCCNC(=O)N,FC(F)(F)c1ccccc1C=O,COC(=O)CC(=O)C,C[Si](C)(C)Cl
1113,CCCN1C(=C(C(NC1=O)c2ccccc2Cl)C(=O)N3CCOCC3)C,0.6,0,N,0.0,CCCNC(=O)N,Clc1ccccc1C=O,CC(=O)CC(=O)N1CCOCC1,C[Si](C)(C)Cl
1114,CCCN1C(=C(C(NC1=O)c2ccccc2Cl)C(=O)Nc3cc(C)on3)C,0.6,1,N,21.17,CCCNC(=O)N,Clc1ccccc1C=O,CC(=O)CC(=O)Nc1cc(C)on1,C[Si](C)(C)Cl
1115,CCCN1C(=C(C(NC1=O)c2ccccc2Cl)C(=O)OC)C,0.6,1,N,74.33,CCCNC(=O)N,Clc1ccccc1C=O,COC(=O)CC(=O)C,C[Si](C)(C)Cl
1116,CCCN1C(=C(C(NC1=O)c2ccccc2F)C(=O)N3CCOCC3)C,0.6,0,N,0.0,CCCNC(=O)N,Fc1ccccc1C=O,CC(=O)CC(=O)N1CCOCC1,C[Si](C)(C)Cl
1117,CCCN1C(=C(C(NC1=O)c2ccccc2OC(F)F)C(=O)N3CCOCC3)C,0.6,0,N,0.0,CCCNC(=O)N,FC(F)Oc1ccccc1C=O,CC(=O)CC(=O)N1CCOCC1,C[Si](C)(C)Cl
1118,CCCN1C(=C(C(NC1=O)c2ccccc2OC(F)F)C(=O)N3CCOCC3)C,0.6,0,N,0.0,CCCNC(=O)N,FC(F)Oc1ccccc1C=O,CC(=O)CC(=O)N1CCOCC1,C[Si](C)(C)Cl
1119,CCCN1C(=C(C(NC1=O)c2ccccc2OC(F)F)C(=O)N3CCOCC3)C,0.6,0,N,0.0,CCCNC(=O)N,FC(F)Oc1ccccc1C=O,CC(=O)CC(=O)N1CCOCC1,C[Si](C)(C)Cl
1120,CCCN1C(=C(C(NC1=O)c2ccccc2OC(F)F)C(=O)N3CCOCC3)C,0.6,0,N,0.0,CCCNC(=O)N,FC(F)Oc1ccccc1C=O,CC(=O)CC(=O)N1CCOCC1,C[Si](C)(C)Cl
1121,CCCN1C(=C(C(NC1=O)c2ccccc2OC(F)F)C(=O)N3CCOCC3)C,0.6,0,N,0.0,CCCNC(=O)N,FC(F)Oc1ccccc1C=O,CC(=O)CC(=O)N1CCOCC1,C[Si](C)(C)Cl
1122,CCCN1C(=C(C(NC1=O)c2ccccc2OC(F)F)C(=O)N3CCOCC3)C,0.6,1,N,15.33,CCCNC(=O)N,FC(F)Oc1ccccc1C=O,CC(=O)CC(=O)N1CCOCC1,C[Si](C)(C)Cl
1123,CCCN1C(=C(C(NC1=O)c2ccccc2OC(F)F)C(=O)OC)C,0.6,1,N,16.5,CCCNC(=O)N,FC(F)Oc1ccccc1C=O,COC(=O)CC(=O)C,C[Si](C)(C)Cl
1124,CCCN1C(=C(C(NC1=O)c2ccccc2OC(F)F)C(=O)OCCOC)C,0.6,1,N,1.5,CCCNC(=O)N,FC(F)Oc1ccccc1C=O,COCCOC(=O)CC(=O)C,C[Si](C)(C)Cl
1125,CCCN1C(=C(C(NC1=S)c2c(F)cccc2F)C(=O)Nc3cc(C)on3)C,0.6,1,N,56.67,CCCNC(=S)N,Fc1cccc(F)c1C=O,CC(=O)CC(=O)Nc1cc(C)on1,C[Si](C)(C)Cl
1126,CCCN1C(=C(C(NC1=S)c2c(F)cccc2F)C(=O)OCC)C,0.6,1,N,63.5,CCCNC(=S)N,Fc1cccc(F)c1C=O,CCOC(=O)CC(=O)C,C[Si](C)(C)Cl
1127,CCCN1C(=C(C(NC1=S)c2cc(C)c(O)c(C)c2)C(=O)OC)C,0.6,1,N,41.67,CCCNC(=S)N,Cc1cc(C=O)cc(C)c1O,COC(=O)CC(=O)C,C[Si](C)(C)Cl
1128,CCCN1C(=C(C(NC1=S)c2cc(OC)c(OC)cc2OC)C(=O)OCC)C,0.6,0,N,0.0,CCCNC(=S)N,COc1cc(OC)c(C=O)cc1OC,CCOC(=O)CC(=O)C,C[Si](C)(C)Cl
1129,CCCN1C(=C(C(NC1=S)c2cc3OCOc3c(OC)c2)C(=O)Nc4cc(C)on4)C,0.6,0,N,0.0,CCCNC(=S)N,COc1cc(C=O)cc2OCOc21,CC(=O)CC(=O)Nc1cc(C)on1,C[Si](C)(C)Cl
1130,CCCN1C(=C(C(NC1=S)c2cc3OCOc3c(OC)c2)C(=O)Nc4cc(OC)ccc4OC)C,0.6,0,N,0.0,CCCNC(=S)N,COc1cc(C=O)cc2OCOc21,COc1ccc(OC)c(NC(=O)CC(=O)C)c1,C[Si](C)(C)Cl
1131,CCCN1C(=C(C(NC1=S)c2cc3OCOc3c(OC)c2)C(=O)OCC)C,0.6,1,N,25.0,CCCNC(=S)N,COc1cc(C=O)cc2OCOc21,CCOC(=O)CC(=O)C,C[Si](C)(C)Cl
1132,CCCN1C(=C(C(NC1=S)c2ccc(Br)c(c2)[N+](=O)[O-])C(=O)Nc3cc(C)on3)C,0.6,1,N,60.0,CCCNC(=S)N,[O-][N+](=O)c1cc(C=O)ccc1Br,CC(=O)CC(=O)Nc1cc(C)on1,C[Si](C)(C)Cl
1133,CCCN1C(=C(C(NC1=S)c2ccc(Cl)c(c2)[N+](=O)[O-])C(=O)Nc3cc(C)on3)C,0.6,1,N,58.33,CCCNC(=S)N,[O-][N+](=O)c1cc(C=O)ccc1Cl,CC(=O)CC(=O)Nc1cc(C)on1,C[Si](C)(C)Cl
1134,CCCN1C(=C(C(NC1=S)c2ccc(F)cc2)C(=O)N3CCOCC3)C,0.6,1,N,58.17,CCCNC(=S)N,Fc1ccc(C=O)cc1,CC(=O)CC(=O)N1CCOCC1,C[Si](C)(C)Cl
1135,CCCN1C(=C(C(NC1=S)c2ccc(F)cc2)C(=O)Nc3cc(C)on3)C,0.6,1,N,28.33,CCCNC(=S)N,Fc1ccc(C=O)cc1,CC(=O)CC(=O)Nc1cc(C)on1,C[Si](C)(C)Cl
1136,CCCN1C(=C(C(NC1=S)c2ccc(F)cc2F)C(=O)Nc3cc(C)on3)C,0.6,1,N,56.67,CCCNC(=S)N,Fc1ccc(C=O)c(F)c1,CC(=O)CC(=O)Nc1cc(C)on1,C[Si](C)(C)Cl
1137,CCCN1C(=C(C(NC1=S)c2ccc(O)c(OCC)c2)C(=O)Nc3ccccc3OC)C,0.6,0,N,0.0,CCCNC(=S)N,CCOc1cc(C=O)ccc1O,COc1ccccc1NC(=O)CC(=O)C,C[Si](C)(C)Cl
1138,CCCN1C(=C(C(NC1=S)c2ccc(O)c(OCC)c2)C(=O)Nc3ccccc3OC)C,0.6,0,N,0.0,CCCNC(=S)N,CCOc1cc(C=O)ccc1O,COc1ccccc1NC(=O)CC(=O)C,C[Si](C)(C)Cl
1139,CCCN1C(=C(C(NC1=S)c2ccc(O)c(OCC)c2)C(=O)Nc3ccccc3OC)C,0.6,0,N,0.0,CCCNC(=S)N,CCOc1cc(C=O)ccc1O,COc1ccccc1NC(=O)CC(=O)C,C[Si](C)(C)Cl
1140,CCCN1C(=C(C(NC1=S)c2ccc(O)c(c2)[N+](=O)[O-])C(=O)OCC)C,0.6,1,N,54.67,CCCNC(=S)N,Oc1ccc(C=O)cc1[N+](=O)[O-],CCOC(=O)CC(=O)C,C[Si](C)(C)Cl
1141,CCCN1C(=C(C(NC1=S)c2ccc(O)cc2)C(=O)OC)C,0.6,1,N,15.83,CCCNC(=S)N,Oc1ccc(C=O)cc1,COC(=O)CC(=O)C,C[Si](C)(C)Cl
1142,CCCN1C(=C(C(NC1=S)c2ccc(OC)cc2)C(=O)Nc3cc(OC)ccc3OC)C,0.6,0,N,0.0,CCCNC(=S)N,COc1ccc(C=O)cc1,COc1ccc(OC)c(NC(=O)CC(=O)C)c1,C[Si](C)(C)Cl
1143,CCCN1C(=C(C(NC1=S)c2ccc(OCC)cc2)C(=O)OCCOC)C,0.6,0,N,0.0,CCCNC(=S)N,CCOc1ccc(C=O)cc1,COCCOC(=O)CC(=O)C,C[Si](C)(C)Cl
1144,CCCN1C(=C(C(NC1=S)c2ccc(OCc3ccncc3)cc2)C(=O)OC)C,0.6,0,N,0.0,CCCNC(=S)N,O=Cc1ccc(OCc2ccncc2)cc1,COC(=O)CC(=O)C,C[Si](C)(C)Cl
1145,CCCN1C(=C(C(NC1=S)c2ccc(c(F)c2)n3cncn3)C(=O)OC)C,0.6,0,N,0.0,CCCNC(=S)N,Fc1cc(C=O)ccc1n2cncn2,COC(=O)CC(=O)C,C[Si](C)(C)Cl
1146,CCCN1C(=C(C(NC1=S)c2ccc(cc2)C(=O)OC)C(=O)Nc3cc(C)on3)C,0.6,1,N,40.0,CCCNC(=S)N,COC(=O)c1ccc(C=O)cc1,CC(=O)CC(=O)Nc1cc(C)on1,C[Si](C)(C)Cl
1147,CCCN1C(=C(C(NC1=S)c2ccc(cc2)[N+](=O)[O-])C(=O)Nc3cc(C)on3)C,0.6,1,N,66.67,CCCNC(=S)N,[O-][N+](=O)c1ccc(C=O)cc1,CC(=O)CC(=O)Nc1cc(C)on1,C[Si](C)(C)Cl
1148,CCCN1C(=C(C(NC1=S)c2ccc(cc2)n3ccnc3)C(=O)OC)C,0.6,0,N,0.0,CCCNC(=S)N,O=Cc1ccc(cc1)n2ccnc2,COC(=O)CC(=O)C,C[Si](C)(C)Cl
1149,CCCN1C(=C(C(NC1=S)c2ccc(cc2)n3ccnc3)C(=O)OC)C,0.6,1,N,17.33,CCCNC(=S)N,O=Cc1ccc(cc1)n2ccnc2,COC(=O)CC(=O)C,C[Si](C)(C)Cl
1150,CCCN1C(=C(C(NC1=S)c2ccc3OCCOc3c2)C(=O)OCC)C,0.6,1,N,31.67,CCCNC(=S)N,O=Cc1ccc2OCCOc2c1,CCOC(=O)CC(=O)C,C[Si](C)(C)Cl
1151,CCCN1C(=C(C(NC1=S)c2cccc(C#N)c2)C(=O)Nc3cc(C)on3)C,0.6,1,N,44.83,CCCNC(=S)N,O=Cc1cccc(C#N)c1,CC(=O)CC(=O)Nc1cc(C)on1,C[Si](C)(C)Cl
1152,CCCN1C(=C(C(NC1=S)c2cccc(F)c2)C(=O)Nc3cc(C)on3)C,0.6,1,N,59.17,CCCNC(=S)N,Fc1cccc(C=O)c1,CC(=O)CC(=O)Nc1cc(C)on1,C[Si](C)(C)Cl
1153,CCCN1C(=C(C(NC1=S)c2cccc(c2)[N+](=O)[O-])C(=O)N3CCOCC3)C,0.6,0,N,0.0,CCCNC(=S)N,[O-][N+](=O)c1cccc(C=O)c1,CC(=O)CC(=O)N1CCOCC1,
1154,CCCN1C(=C(C(NC1=S)c2cccc(c2)[N+](=O)[O-])C(=O)OCCOC)C,0.6,1,N,43.5,CCCNC(=S)N,[O-][N+](=O)c1cccc(C=O)c1,COCCOC(=O)CC(=O)C,C[Si](C)(C)Cl
1155,CCCN1C(=C(C(NC1=S)c2ccccc2)C(=O)N(C)C)C,0.6,1,N,14.17,CCCNC(=S)N,O=Cc1ccccc1,CN(C)C(=O)CC(=O)C,C[Si](C)(C)Cl
1156,CCCN1C(=C(C(NC1=S)c2ccccc2)C(=O)Nc3cc(C)on3)C,0.6,1,N,45.0,CCCNC(=S)N,O=Cc1ccccc1,CC(=O)CC(=O)Nc1cc(C)on1,C[Si](C)(C)Cl
1157,CCCN1C(=C(C(NC1=S)c2ccccc2)C(=O)Nc3ccccc3OC)C,0.6,0,N,0.0,CCCNC(=S)N,O=Cc1ccccc1,COc1ccccc1NC(=O)CC(=O)C,C[Si](C)(C)Cl
1158,CCCN1C(=C(C(NC1=S)c2ccccc2F)C(=O)Nc3cc(C)on3)C,0.6,1,N,56.67,CCCNC(=S)N,Fc1ccccc1C=O,CC(=O)CC(=O)Nc1cc(C)on1,C[Si](C)(C)Cl
1159,CCCN1C(=C(C(NC1=S)c2cnn(C)c2)C(=O)OCC)C,0.6,0,N,0.0,CCCNC(=S)N,Cn1cc(C=O)cn1,CCOC(=O)CC(=O)C,C[Si](C)(C)Cl
1160,CCCN1C(=C(C(NC1=S)c2cnn(C)c2)C(=O)OCC)C,0.6,1,N,5.0,CCCNC(=S)N,Cn1cc(C=O)cn1,CCOC(=O)CC(=O)C,C[Si](C)(C)Cl
1161,CCCOc1c(Br)cc(cc1OCC)C2NC(=S)NC(=C2C(=O)OC)C,0.6,1,N,77.33,NC(=S)N,CCCOc1c(Br)cc(C=O)cc1OCC,COC(=O)CC(=O)C,C[Si](C)(C)Cl
1162,CCCOc1cc(ccc1OC)C2NC(=S)N(C(=C2C(=O)OC)C)c3ccc(OC)cc3,0.6,1,N,34.83,COc1ccc(NC(=S)N)cc1,CCCOc1cc(C=O)ccc1OC,COC(=O)CC(=O)C,C[Si](C)(C)Cl
1163,CCCOc1ccc(cc1OC)C2NC(=S)N(C(=C2C(=O)OC)C)c3ccc(OC)cc3,0.6,1,N,15.0,COc1ccc(NC(=S)N)cc1,CCCOc1ccc(C=O)cc1OC,COC(=O)CC(=O)C,C[Si](C)(C)Cl
1164,CCCOc1ccc(cc1OC)C2NC(=S)N(C(=C2C(=O)OC)C)c3ccccc3OC,0.6,1,N,71.67,COc1ccccc1NC(=S)N,CCCOc1ccc(C=O)cc1OC,COC(=O)CC(=O)C,C[Si](C)(C)Cl
1165,CCCOc1ccc(cc1OC)C2NC(=S)NC(=C2C(=O)OCC)C,0.6,0,N,0.0,NC(=S)N,CCCOc1ccc(C=O)cc1OC,CCOC(=O)CC(=O)C,C[Si](C)(C)Cl
1166,CCN(CC)C(=O)C1=C(C)N(C(=O)NC1c2ccc(F)c(Br)c2)c3ccc(C)cc3,0.6,1,N,64.67,Cc1ccc(NC(=O)N)cc1,Fc1ccc(C=O)cc1Br,CCN(CC)C(=O)CC(=O)C,C[Si](C)(C)Cl
1167,CCN(CC)C(=O)C1=C(C)N(C(=O)NC1c2ccc(F)cc2)c3ccc(C)cc3,0.6,0,N,0.0,Cc1ccc(NC(=O)N)cc1,Fc1ccc(C=O)cc1,CCN(CC)C(=O)CC(=O)C,C[Si](C)(C)Cl
1168,CCN(CC)C(=O)C1=C(C)N(C(=O)NC1c2ccc(F)cc2)c3ccc(Cl)cc3,0.6,1,N,48.83,NC(=O)Nc1ccc(Cl)cc1,Fc1ccc(C=O)cc1,CCN(CC)C(=O)CC(=O)C,C[Si](C)(C)Cl
1169,CCN(CC)C(=O)C1=C(C)N(C(=O)NC1c2ccc(F)cc2)c3ccccc3,0.6,0,N,0.0,NC(=O)Nc1ccccc1,Fc1ccc(C=O)cc1,CCN(CC)C(=O)CC(=O)C,C[Si](C)(C)Cl
1170,CCN(CC)C(=O)C1=C(C)N(C(=O)NC1c2cccc(Br)c2)c3ccc(C)cc3,0.6,0,N,0.0,Cc1ccc(NC(=O)N)cc1,Brc1cccc(C=O)c1,CCN(CC)C(=O)CC(=O)C,C[Si](C)(C)Cl
1171,CCN(CC)C(=O)C1=C(C)N(C(=O)NC1c2cccc(Br)c2)c3ccccc3,0.6,0,N,0.0,NC(=O)Nc1ccccc1,Brc1cccc(C=O)c1,CCN(CC)C(=O)CC(=O)C,C[Si](C)(C)Cl
1172,CCN(CC)C(=O)C1=C(C)N(C(=O)NC1c2ccccc2F)c3ccccc3,0.6,0,N,0.0,NC(=O)Nc1ccccc1,Fc1ccccc1C=O,CCN(CC)C(=O)CC(=O)C,C[Si](C)(C)Cl
1173,CCN(CC)C(=O)C1=C(C)N(C(=S)NC1c2ccc(OC(F)F)c(OC)c2)c3ccccc3,0.6,1,N,91.67,NC(=S)Nc1ccccc1,COc1cc(C=O)ccc1OC(F)F,CCN(CC)C(=O)CC(=O)C,C[Si](C)(C)Cl
1174,CCN(CC)C(=O)C1=C(C)N(C(=S)NC1c2ccc(OC)c(O)c2)c3ccccc3,0.6,0,N,0.0,NC(=S)Nc1ccccc1,COc1ccc(C=O)cc1O,CCN(CC)C(=O)CC(=O)C,C[Si](C)(C)Cl
1175,CCN(CC)C(=O)C1=C(C)N(C(=S)NC1c2ccc(OC)c(O)c2)c3ccccc3OC,0.6,1,N,46.83,COc1ccccc1NC(=S)N,COc1ccc(C=O)cc1O,CCN(CC)C(=O)CC(=O)C,C[Si](C)(C)Cl
1176,CCN(CC)C(=O)C1=C(C)N(C(=S)NC1c2ccc(o2)c3cccc(Cl)c3)c4ccc(C)c(C)c4,0.6,0,N,0.0,Cc1ccc(NC(=S)N)cc1C,Clc1cccc(c1)c2ccc(C=O)o2,CCN(CC)C(=O)CC(=O)C,
1177,CCN(CC)C(=O)C1=C(C)N(C(=S)NC1c2cccc(OC)c2)c3ccccc3,0.6,1,N,42.5,NC(=S)Nc1ccccc1,COc1cccc(C=O)c1,CCN(CC)C(=O)CC(=O)C,C[Si](C)(C)Cl
1178,CCN(CC)C(=O)C1=C(C)N(C(=S)NC1c2cccc(OC)c2OC)c3cccc(C)c3,0.6,1,N,84.0,Cc1cccc(NC(=S)N)c1,COc1cccc(C=O)c1OC,CCN(CC)C(=O)CC(=O)C,C[Si](C)(C)Cl
1179,CCN(CC)C(=O)C1=C(C)N(C(=S)NC1c2cccc(OC)c2OC)c3ccccc3,0.6,1,N,82.17,NC(=S)Nc1ccccc1,COc1cccc(C=O)c1OC,CCN(CC)C(=O)CC(=O)C,C[Si](C)(C)Cl
1180,CCN(CC)C(=O)C1=C(C)N(C(=S)NC1c2ccccc2)c3ccc4OCCOc4c3,0.6,0,N,0.0,NC(=S)Nc1ccc2OCCOc2c1,O=Cc1ccccc1,CCN(CC)C(=O)CC(=O)C,C[Si](C)(C)Cl
1181,CCN(CC)C(=O)C1=C(C)N(C(=S)NC1c2cccs2)c3cccc(OC)c3,0.6,0,N,0.0,COc1cccc(NC(=S)N)c1,O=Cc1cccs1,CCN(CC)C(=O)CC(=O)C,C[Si](C)(C)Cl
1182,CCN(CC)C(=O)C1=C(C)N(C(=S)NC1c2cccs2)c3ccccc3OC,0.6,1,N,9.0,COc1ccccc1NC(=S)N,O=Cc1cccs1,CCN(CC)C(=O)CC(=O)C,C[Si](C)(C)Cl
1183,CCN(CC)C(=O)C1=C(C)N(C(=S)NC1c2csnn2)c3ccc(OCc4ccccc4)cc3,0.6,1,N,84.67,NC(=S)Nc1ccc(OCc2ccccc2)cc1,O=Cc1csnn1,CCN(CC)C(=O)CC(=O)C,C[Si](C)(C)Cl
1184,CCN(CC)C(=O)C1=C(C)N(C)C(=S)NC1c2ccccc2F,0.6,1,N,29.5,CNC(=S)N,Fc1ccccc1C=O,CCN(CC)C(=O)CC(=O)C,C[Si](C)(C)Cl
1185,CCN(CC)C(=O)C1=C(C)N(CCc2ccc(OC)c(OC)c2)C(=S)NC1c3csc(C)n3,0.6,0,N,0.0,COc1ccc(CCNC(=S)N)cc1OC,Cc1nc(C=O)cs1,CCN(CC)C(=O)CC(=O)C,C[Si](C)(C)Cl
1186,CCN(CC)C(=O)C1=C(C)N(Cc2ccc(C)cc2)C(=S)NC1c3ccc(OC)c(O)c3,0.6,0,N,0.0,Cc1ccc(CNC(=S)N)cc1,COc1ccc(C=O)cc1O,CCN(CC)C(=O)CC(=O)C,C[Si](C)(C)Cl
1187,CCN(CC)C(=O)C1=C(C)N(Cc2ccc(C)cc2)C(=S)NC1c3cccc(OC)c3,0.6,0,N,0.0,Cc1ccc(CNC(=S)N)cc1,COc1cccc(C=O)c1,CCN(CC)C(=O)CC(=O)C,C[Si](C)(C)Cl
1188,CCN(CC)C(=O)C1=C(C)N(Cc2ccccc2)C(=O)NC1c3ccc(Cl)cc3,0.6,0,N,0.0,NC(=O)NCc1ccccc1,Clc1ccc(C=O)cc1,CCN(CC)C(=O)CC(=O)C,C[Si](C)(C)Cl
1189,CCN(CC)C(=O)C1=C(C)N(Cc2ccccc2)C(=O)NC1c3ccc(F)cc3,0.6,0,N,0.0,NC(=O)NCc1ccccc1,Fc1ccc(C=O)cc1,CCN(CC)C(=O)CC(=O)C,C[Si](C)(C)Cl
1190,CCN(CC)C(=O)C1=C(C)N(Cc2ccccc2)C(=O)NC1c3ccc(F)cc3F,0.6,1,N,20.0,NC(=O)NCc1ccccc1,Fc1ccc(C=O)c(F)c1,CCN(CC)C(=O)CC(=O)C,C[Si](C)(C)Cl
1191,CCN(CC)C(=O)C1=C(C)N(Cc2ccccc2)C(=O)NC1c3ccccc3F,0.6,0,N,0.0,NC(=O)NCc1ccccc1,Fc1ccccc1C=O,CCN(CC)C(=O)CC(=O)C,C[Si](C)(C)Cl
1192,CCN(CC)C(=O)C1=C(C)N(Cc2ccccc2)C(=S)NC1c3ccc(OC)c(O)c3,0.6,0,N,0.0,NC(=S)NCc1ccccc1,COc1ccc(C=O)cc1O,CCN(CC)C(=O)CC(=O)C,C[Si](C)(C)Cl
1193,CCN(CC)C(=O)C1=C(C)N(Cc2ccccc2)C(=S)NC1c3cccc(OC)c3,0.6,0,N,0.0,NC(=S)NCc1ccccc1,COc1cccc(C=O)c1,CCN(CC)C(=O)CC(=O)C,C[Si](C)(C)Cl
1194,CCN(CC)C(=O)C1=C(C)NC(=O)NC1c2ccc(cc2)C(=O)OC,0.6,0,N,0.0,NC(=O)N,COC(=O)c1ccc(C=O)cc1,CCN(CC)C(=O)CC(=O)C,C[Si](C)(C)Cl
1195,CCN(CC)C(=O)C1=C(C)NC(=O)NC1c2ccc(cc2)C(=O)OC,0.6,1,N,0.0,NC(=O)N,COC(=O)c1ccc(C=O)cc1,CCN(CC)C(=O)CC(=O)C,C[Si](C)(C)Cl
1196,CCN(CC)C(=O)C1=C(C)NC(=O)NC1c2ccc(cc2)[N+](=O)[O-],0.6,0,N,0.0,NC(=O)N,[O-][N+](=O)c1ccc(C=O)cc1,CCN(CC)C(=O)CC(=O)C,C[Si](C)(C)Cl
1197,CCN(CC)C(=O)C1=C(C)NC(=O)NC1c2cccc(c2)[N+](=O)[O-],0.6,1,N,0.0,NC(=O)N,[O-][N+](=O)c1cccc(C=O)c1,CCN(CC)C(=O)CC(=O)C,
1198,CCN(CC)C(=O)C1=C(C)NC(=O)NC1c2ccccc2OC(F)F,0.6,0,N,0.0,NC(=O)N,FC(F)Oc1ccccc1C=O,CCN(CC)C(=O)CC(=O)C,C[Si](C)(C)Cl
1199,CCN(CC)C(=O)C1=C(C)NC(=S)NC1c2c(F)cccc2Cl,0.6,1,N,76.83,NC(=S)N,Fc1cccc(Cl)c1C=O,CCN(CC)C(=O)CC(=O)C,C[Si](C)(C)Cl
1200,CCN(CC)C(=O)C1=C(C)NC(=S)NC1c2cc(Br)c(O)c(OC)c2,0.6,0,N,0.0,NC(=S)N,COc1cc(C=O)cc(Br)c1O,CCN(CC)C(=O)CC(=O)C,C[Si](C)(C)Cl
1201,CCN(CC)C(=O)C1=C(C)NC(=S)NC1c2cc(Cl)c(O)c(OC)c2,0.6,1,N,11.67,NC(=S)N,COc1cc(C=O)cc(Cl)c1O,CCN(CC)C(=O)CC(=O)C,C[Si](C)(C)Cl
1202,CCN(CC)C(=O)C1=C(C)NC(=S)NC1c2cc(Cl)c(O)c(OC)c2,0.6,0,N,0.0,NC(=S)N,COc1cc(C=O)cc(Cl)c1O,CCN(CC)C(=O)CC(=O)C,C[Si](C)(C)Cl
1203,CCN(CC)C(=O)C1=C(C)NC(=S)NC1c2cc(OC)c(OC)cc2OC,0.6,0,N,0.0,NC(=S)N,COc1cc(OC)c(C=O)cc1OC,CCN(CC)C(=O)CC(=O)C,
1204,CCN(CC)C(=O)C1=C(C)NC(=S)NC1c2ccc(OC)c(O)c2,0.6,0,N,0.0,NC(=S)N,COc1ccc(C=O)cc1O,CCN(CC)C(=O)CC(=O)C,C[Si](C)(C)Cl
1205,CCN(CC)C(=O)C1=C(C)NC(=S)NC1c2ccc(OC)c(OC)c2,0.6,0,N,0.0,NC(=S)N,COc1ccc(C=O)cc1OC,CCN(CC)C(=O)CC(=O)C,C[Si](C)(C)Cl
1206,CCN(CC)C(=O)C1=C(C)NC(=S)NC1c2ccc(OCC(=O)Nc3cccc(c3)C(F)(F)F)c(OC)c2,0.6,0,N,0.0,NC(=S)N,COc1cc(C=O)ccc1OCC(=O)Nc2cccc(c2)C(F)(F)F,CCN(CC)C(=O)CC(=O)C,
1207,CCN(CC)C(=O)C1=C(C)NC(=S)NC1c2ccc(OCC(=O)Nc3ccccc3C(F)(F)F)c(OC)c2,0.6,0,N,0.0,NC(=S)N,COc1cc(C=O)ccc1OCC(=O)Nc2ccccc2C(F)(F)F,CCN(CC)C(=O)CC(=O)C,
1208,CCN(CC)C(=O)C1=C(C)NC(=S)NC1c2ccc(cc2)C(=O)OC,0.6,1,N,74.83,NC(=S)N,COC(=O)c1ccc(C=O)cc1,CCN(CC)C(=O)CC(=O)C,C[Si](C)(C)Cl
1209,CCN(CC)C(=O)C1=C(C)NC(=S)NC1c2ccc(o2)c3cccc(Cl)c3,0.6,0,N,0.0,NC(=S)N,Clc1cccc(c1)c2ccc(C=O)o2,CCN(CC)C(=O)CC(=O)C,
1210,CCN(CC)C(=O)C1=C(C)NC(=S)NC1c2cccc(Br)c2,0.6,1,N,87.33,NC(=S)N,Brc1cccc(C=O)c1,CCN(CC)C(=O)CC(=O)C,
1211,CCN(CC)C(=O)C1=C(C)NC(=S)NC1c2cccc(OC)c2,0.6,1,N,63.33,NC(=S)N,COc1cccc(C=O)c1,CCN(CC)C(=O)CC(=O)C,C[Si](C)(C)Cl
1212,CCN(CC)C(=O)C1=C(C)NC(=S)NC1c2cccc(OC)c2OC,0.6,1,N,44.33,NC(=S)N,COc1cccc(C=O)c1OC,CCN(CC)C(=O)CC(=O)C,C[Si](C)(C)Cl
1213,CCN(CC)C(=O)C1=C(C)NC(=S)NC1c2ccccc2,0.6,1,N,32.67,NC(=S)N,O=Cc1ccccc1,CCN(CC)C(=O)CC(=O)C,C[Si](C)(C)Cl
1214,CCN(CC)C(=O)C1=C(C)NC(=S)NC1c2ccccc2C,0.6,1,N,96.5,NC(=S)N,Cc1ccccc1C=O,CCN(CC)C(=O)CC(=O)C,C[Si](C)(C)Cl
1215,CCN(CC)C(=O)C1=C(C)NC(=S)NC1c2ccccc2C(=O)OC,0.6,1,N,46.67,NC(=S)N,COC(=O)c1ccccc1C=O,CCN(CC)C(=O)CC(=O)C,C[Si](C)(C)Cl
1216,CCN(CC)C(=O)C1=C(C)NC(=S)NC1c2ccccc2F,0.6,1,N,45.33,NC(=S)N,Fc1ccccc1C=O,CCN(CC)C(=O)CC(=O)C,
1217,CCN(CC)C(=O)C1=C(C)NC(=S)NC1c2ccccc2I,0.6,1,N,0.0,NC(=S)N,Ic1ccccc1C=O,CCN(CC)C(=O)CC(=O)C,
1218,CCN(CC)C(=O)C1=C(C)NC(=S)NC1c2ccccc2OC(C)C,0.6,1,N,0.0,NC(=S)N,CC(C)Oc1ccccc1C=O,CCN(CC)C(=O)CC(=O)C,
1219,CCN(CC)C(=O)C1=C(C)NC(=S)NC1c2ccccc2OC(F)F,0.6,1,N,0.0,NC(=S)N,FC(F)Oc1ccccc1C=O,CCN(CC)C(=O)CC(=O)C,
1220,CCN(CC)C(=O)C1=C(C)NC(=S)NC1c2ccsc2,0.6,1,N,0.0,NC(=S)N,O=Cc1ccsc1,CCN(CC)C(=O)CC(=O)C,
1221,CCN(CC)CCN1C(=C(C(NC1=S)c2ccc(c(F)c2)n3cncn3)C(=O)OC)C,0.6,0,N,0.0,CCN(CC)CCNC(=S)N,Fc1cc(C=O)ccc1n2cncn2,COC(=O)CC(=O)C,C[Si](C)(C)Cl
1222,CCN(CC)CCN1C(=C(C(NC1=S)c2cccs2)C(=O)OC)C,0.6,0,N,0.0,CCN(CC)CCNC(=S)N,O=Cc1cccs1,COC(=O)CC(=O)C,C[Si](C)(C)Cl
1223,CCN(CC)c1ccc(cc1)C2N(C)C(=O)N(C)C(=C2C(=O)Nc3cc(C)on3)C,0.6,0,N,0.0,CNC(=O)NC,CCN(CC)c1ccc(C=O)cc1,CC(=O)CC(=O)Nc1cc(C)on1,C[Si](C)(C)Cl
1224,CCN(CC)c1ccc(cc1)C2N(C)C(=S)N(C)C(=C2C(=O)Nc3ccccc3C(F)(F)F)C,0.6,1,N,16.17,CNC(=S)NC,CCN(CC)c1ccc(C=O)cc1,CC(=O)CC(=O)Nc1ccccc1C(F)(F)F,
1225,CCN(CC)c1ccc(cc1)C2NC(=O)N(C)C(=C2C(=O)OC)C,0.6,1,N,5.17,CNC(=O)N,CCN(CC)c1ccc(C=O)cc1,COC(=O)CC(=O)C,C[Si](C)(C)Cl
1226,CCN(CC)c1ccc(cc1)C2NC(=O)N(C3CCS(=O)(=O)C3)C(=C2C(=O)OC)C,0.6,0,N,0.0,NC(=O)NC1CCS(=O)(=O)C1,CCN(CC)c1ccc(C=O)cc1,COC(=O)CC(=O)C,C[Si](C)(C)Cl
1227,CCN(CC)c1ccc(cc1)C2NC(=O)N(C3CCS(=O)(=O)C3)C(=C2C(=O)OC)C,0.6,1,N,8.33,NC(=O)NC1CCS(=O)(=O)C1,CCN(CC)c1ccc(C=O)cc1,COC(=O)CC(=O)C,C[Si](C)(C)Cl
1228,CCN(CC)c1ccc(cc1)C2NC(=O)N(CC)C(=C2C(=O)OC)C,0.6,0,N,0.0,CCNC(=O)N,CCN(CC)c1ccc(C=O)cc1,COC(=O)CC(=O)C,C[Si](C)(C)Cl
1229,CCN(CC)c1ccc(cc1)C2NC(=O)NC(=C2C(=O)OC)C,0.6,0,N,0.0,NC(=O)N,CCN(CC)c1ccc(C=O)cc1,COC(=O)CC(=O)C,C[Si](C)(C)Cl
1230,CCN(CC)c1ccc(cc1)C2NC(=S)N(C(=C2C(=O)Nc3ccc(Cl)cc3)C)c4ccc(F)c(Cl)c4,0.6,1,N,26.17,NC(=S)Nc1ccc(F)c(Cl)c1,CCN(CC)c1ccc(C=O)cc1,CC(=O)CC(=O)Nc1ccc(Cl)cc1,
1231,CCN(CC)c1ccc(cc1)C2NC(=S)N(CCOC)C(=C2C(=O)OC)C,0.6,0,N,0.0,COCCNC(=S)N,CCN(CC)c1ccc(C=O)cc1,COC(=O)CC(=O)C,C[Si](C)(C)Cl
1232,CCN1C(=C(C(NC1=O)c2c(Cl)cccc2Cl)C(=O)Nc3cc(C)on3)C,0.6,1,N,46.67,CCNC(=O)N,Clc1cccc(Cl)c1C=O,CC(=O)CC(=O)Nc1cc(C)on1,C[Si](C)(C)Cl
1233,CCN1C(=C(C(NC1=O)c2c(Cl)cccc2Cl)C(=O)OC)C,0.6,1,N,68.17,CCNC(=O)N,Clc1cccc(Cl)c1C=O,COC(=O)CC(=O)C,C[Si](C)(C)Cl
1234,CCN1C(=C(C(NC1=O)c2c(F)cccc2Cl)C(=O)N3CCOCC3)C,0.6,1,N,45.33,CCNC(=O)N,Fc1cccc(Cl)c1C=O,CC(=O)CC(=O)N1CCOCC1,C[Si](C)(C)Cl
1235,CCN1C(=C(C(NC1=O)c2c(F)cccc2Cl)C(=O)Nc3cc(C)on3)C,0.6,1,N,71.17,CCNC(=O)N,Fc1cccc(Cl)c1C=O,CC(=O)CC(=O)Nc1cc(C)on1,C[Si](C)(C)Cl
1236,CCN1C(=C(C(NC1=O)c2c(F)cccc2Cl)C(=O)OC)C,0.6,1,N,73.17,CCNC(=O)N,Fc1cccc(Cl)c1C=O,COC(=O)CC(=O)C,C[Si](C)(C)Cl
1237,CCN1C(=C(C(NC1=O)c2c(F)cccc2Cl)C(=O)OCCOC)C,0.6,1,N,48.5,CCNC(=O)N,Fc1cccc(Cl)c1C=O,COCCOC(=O)CC(=O)C,C[Si](C)(C)Cl
1238,CCN1C(=C(C(NC1=O)c2c(F)cccc2F)C(=O)OC)C,0.6,1,N,53.0,CCNC(=O)N,Fc1cccc(F)c1C=O,COC(=O)CC(=O)C,C[Si](C)(C)Cl
1239,CCN1C(=C(C(NC1=O)c2cc(Br)ccc2F)C(=O)OC)C,0.6,1,N,4.17,CCNC(=O)N,Fc1ccc(Br)cc1C=O,COC(=O)CC(=O)C,C[Si](C)(C)Cl
1240,CCN1C(=C(C(NC1=O)c2cc(Br)ccc2OC)C(=O)Nc3cc(C)on3)C,0.6,1,N,12.67,CCNC(=O)N,COc1ccc(Br)cc1C=O,CC(=O)CC(=O)Nc1cc(C)on1,C[Si](C)(C)Cl
1241,CCN1C(=C(C(NC1=O)c2cc(Br)ccc2OC)C(=O)Nc3cc(C)on3)C,0.6,0,N,0.0,CCNC(=O)N,COc1ccc(Br)cc1C=O,CC(=O)CC(=O)Nc1cc(C)on1,C[Si](C)(C)Cl
1242,CCN1C(=C(C(NC1=O)c2cc(Br)ccc2OC)C(=O)OC)C,0.6,1,N,72.67,CCNC(=O)N,COc1ccc(Br)cc1C=O,COC(=O)CC(=O)C,C[Si](C)(C)Cl
1243,CCN1C(=C(C(NC1=O)c2cc(Br)ccc2OC)C(=O)OC)C,0.6,0,N,0.0,CCNC(=O)N,COc1ccc(Br)cc1C=O,COC(=O)CC(=O)C,C[Si](C)(C)Cl
1244,CCN1C(=C(C(NC1=O)c2cc(Br)cs2)C(=O)OC)C,0.6,1,N,34.17,CCNC(=O)N,Brc1csc(C=O)c1,COC(=O)CC(=O)C,C[Si](C)(C)Cl
1245,CCN1C(=C(C(NC1=O)c2ccc(Br)cc2)C(=O)OC)C,0.6,1,N,13.0,CCNC(=O)N,Brc1ccc(C=O)cc1,COC(=O)CC(=O)C,C[Si](C)(C)Cl
1246,CCN1C(=C(C(NC1=O)c2ccc(Br)cc2F)C(=O)OC)C,0.6,1,N,36.67,CCNC(=O)N,Fc1cc(Br)ccc1C=O,COC(=O)CC(=O)C,C[Si](C)(C)Cl
1247,CCN1C(=C(C(NC1=O)c2ccc(Br)s2)C(=O)OC)C,0.6,1,N,3.17,CCNC(=O)N,Brc1ccc(C=O)s1,COC(=O)CC(=O)C,C[Si](C)(C)Cl
1248,CCN1C(=C(C(NC1=O)c2ccc(Br)s2)C(=O)OC)C,0.6,1,N,35.67,CCNC(=O)N,Brc1ccc(C=O)s1,COC(=O)CC(=O)C,C[Si](C)(C)Cl
1249,CCN1C(=C(C(NC1=O)c2ccc(C)cc2)C(=O)OC)C,0.6,1,N,10.5,CCNC(=O)N,Cc1ccc(C=O)cc1,COC(=O)CC(=O)C,C[Si](C)(C)Cl
1250,CCN1C(=C(C(NC1=O)c2ccc(C)s2)C(=O)OC)C,0.6,0,N,0.0,CCNC(=O)N,Cc1ccc(C=O)s1,COC(=O)CC(=O)C,C[Si](C)(C)Cl
1251,CCN1C(=C(C(NC1=O)c2ccc(CC)cc2)C(=O)OC)C,0.6,1,N,20.33,CCNC(=O)N,CCc1ccc(C=O)cc1,COC(=O)CC(=O)C,C[Si](C)(C)Cl
1252,CCN1C(=C(C(NC1=O)c2ccc(Cl)c(Cl)c2)C(=O)Nc3cc(C)on3)C,0.6,0,N,0.0,CCNC(=O)N,Clc1ccc(C=O)cc1Cl,CC(=O)CC(=O)Nc1cc(C)on1,C[Si](C)(C)Cl
1253,CCN1C(=C(C(NC1=O)c2ccc(Cl)c(Cl)c2)C(=O)Nc3cc(C)on3)C,0.6,0,N,0.0,CCNC(=O)N,Clc1ccc(C=O)cc1Cl,CC(=O)CC(=O)Nc1cc(C)on1,C[Si](C)(C)Cl
1254,CCN1C(=C(C(NC1=O)c2ccc(Cl)c(Cl)c2)C(=O)OC)C,0.6,1,N,21.17,CCNC(=O)N,Clc1ccc(C=O)cc1Cl,COC(=O)CC(=O)C,C[Si](C)(C)Cl
1255,CCN1C(=C(C(NC1=O)c2ccc(Cl)cc2)C(=O)Nc3cc(C)on3)C,0.6,1,N,1.33,CCNC(=O)N,Clc1ccc(C=O)cc1,CC(=O)CC(=O)Nc1cc(C)on1,C[Si](C)(C)Cl
1256,CCN1C(=C(C(NC1=O)c2ccc(Cl)cc2)C(=O)Nc3cc(C)on3)C,0.6,1,N,12.67,CCNC(=O)N,Clc1ccc(C=O)cc1,CC(=O)CC(=O)Nc1cc(C)on1,C[Si](C)(C)Cl
1257,CCN1C(=C(C(NC1=O)c2ccc(Cl)cc2)C(=O)Nc3cc(C)on3)C,0.6,1,N,16.67,CCNC(=O)N,Clc1ccc(C=O)cc1,CC(=O)CC(=O)Nc1cc(C)on1,C[Si](C)(C)Cl
1258,CCN1C(=C(C(NC1=O)c2ccc(Cl)cc2)C(=O)OC)C,0.6,1,N,74.83,CCNC(=O)N,Clc1ccc(C=O)cc1,COC(=O)CC(=O)C,C[Si](C)(C)Cl
1259,CCN1C(=C(C(NC1=O)c2ccc(Cl)cc2Cl)C(=O)Nc3cc(C)on3)C,0.6,0,N,0.0,CCNC(=O)N,Clc1ccc(C=O)c(Cl)c1,CC(=O)CC(=O)Nc1cc(C)on1,C[Si](C)(C)Cl
1260,CCN1C(=C(C(NC1=O)c2ccc(Cl)cc2Cl)C(=O)OC)C,0.6,1,N,36.17,CCNC(=O)N,Clc1ccc(C=O)c(Cl)c1,COC(=O)CC(=O)C,C[Si](C)(C)Cl
1261,CCN1C(=C(C(NC1=O)c2ccc(F)c(Br)c2)C(=O)N3CCOCC3)C,0.6,0,N,0.0,CCNC(=O)N,Fc1ccc(C=O)cc1Br,CC(=O)CC(=O)N1CCOCC1,C[Si](C)(C)Cl
1262,CCN1C(=C(C(NC1=O)c2ccc(F)c(Br)c2)C(=O)Nc3cc(C)on3)C,0.6,0,N,0.0,CCNC(=O)N,Fc1ccc(C=O)cc1Br,CC(=O)CC(=O)Nc1cc(C)on1,C[Si](C)(C)Cl
1263,CCN1C(=C(C(NC1=O)c2ccc(F)c(Br)c2)C(=O)Nc3cc(C)on3)C,0.6,1,N,8.33,CCNC(=O)N,Fc1ccc(C=O)cc1Br,CC(=O)CC(=O)Nc1cc(C)on1,C[Si](C)(C)Cl
1264,CCN1C(=C(C(NC1=O)c2ccc(F)c(Br)c2)C(=O)OC)C,0.6,1,N,90.33,CCNC(=O)N,Fc1ccc(C=O)cc1Br,COC(=O)CC(=O)C,C[Si](C)(C)Cl
1265,CCN1C(=C(C(NC1=O)c2ccc(F)c(F)c2)C(=O)OC)C,0.6,1,N,61.17,CCNC(=O)N,Fc1ccc(C=O)cc1F,COC(=O)CC(=O)C,C[Si](C)(C)Cl
1266,CCN1C(=C(C(NC1=O)c2ccc(F)cc2)C(=O)Nc3cc(C)on3)C,0.6,1,N,34.5,CCNC(=O)N,Fc1ccc(C=O)cc1,CC(=O)CC(=O)Nc1cc(C)on1,C[Si](C)(C)Cl
1267,CCN1C(=C(C(NC1=O)c2ccc(F)cc2)C(=O)OC)C,0.6,1,N,68.83,CCNC(=O)N,Fc1ccc(C=O)cc1,COC(=O)CC(=O)C,C[Si](C)(C)Cl
1268,CCN1C(=C(C(NC1=O)c2ccc(F)cc2F)C(=O)Nc3cc(C)on3)C,0.6,0,N,0.0,CCNC(=O)N,Fc1ccc(C=O)c(F)c1,CC(=O)CC(=O)Nc1cc(C)on1,C[Si](C)(C)Cl
1269,CCN1C(=C(C(NC1=O)c2ccc(F)cc2F)C(=O)Nc3cc(C)on3)C,0.6,1,N,30.83,CCNC(=O)N,Fc1ccc(C=O)c(F)c1,CC(=O)CC(=O)Nc1cc(C)on1,C[Si](C)(C)Cl
1270,CCN1C(=C(C(NC1=O)c2ccc(F)cc2F)C(=O)OC)C,0.6,1,N,66.33,CCNC(=O)N,Fc1ccc(C=O)c(F)c1,COC(=O)CC(=O)C,C[Si](C)(C)Cl
1271,CCN1C(=C(C(NC1=O)c2ccc(OC(F)F)c(OC)c2)C(=O)Nc3cc(C)on3)C,0.6,0,N,0.0,CCNC(=O)N,COc1cc(C=O)ccc1OC(F)F,CC(=O)CC(=O)Nc1cc(C)on1,C[Si](C)(C)Cl
1272,CCN1C(=C(C(NC1=O)c2ccc(OC(F)F)c(OC)c2)C(=O)OC)C,0.6,1,N,30.0,CCNC(=O)N,COc1cc(C=O)ccc1OC(F)F,COC(=O)CC(=O)C,C[Si](C)(C)Cl
1273,CCN1C(=C(C(NC1=O)c2ccc(OC(F)F)cc2)C(=O)OC)C,0.6,1,N,79.5,CCNC(=O)N,FC(F)Oc1ccc(C=O)cc1,COC(=O)CC(=O)C,C[Si](C)(C)Cl
1274,CCN1C(=C(C(NC1=O)c2ccc(cc2)C(=O)OC)C(=O)N3CCOCC3)C,0.6,0,N,0.0,CCNC(=O)N,COC(=O)c1ccc(C=O)cc1,CC(=O)CC(=O)N1CCOCC1,C[Si](C)(C)Cl
1275,CCN1C(=C(C(NC1=O)c2ccc(cc2)C(=O)OC)C(=O)N3CCOCC3)C,0.6,0,N,0.0,CCNC(=O)N,COC(=O)c1ccc(C=O)cc1,CC(=O)CC(=O)N1CCOCC1,C[Si](C)(C)Cl
1276,CCN1C(=C(C(NC1=O)c2ccc(cc2)C(=O)OC)C(=O)N3CCOCC3)C,0.6,0,N,0.0,CCNC(=O)N,COC(=O)c1ccc(C=O)cc1,CC(=O)CC(=O)N1CCOCC1,C[Si](C)(C)Cl
1277,CCN1C(=C(C(NC1=O)c2ccc(cc2)C(=O)OC)C(=O)OC)C,0.6,1,N,45.17,CCNC(=O)N,COC(=O)c1ccc(C=O)cc1,COC(=O)CC(=O)C,C[Si](C)(C)Cl
1278,CCN1C(=C(C(NC1=O)c2ccc(cc2)C(C)(C)C)C(=O)OC)C,0.6,1,N,70.0,CCNC(=O)N,CC(C)(C)c1ccc(C=O)cc1,COC(=O)CC(=O)C,C[Si](C)(C)Cl
1279,CCN1C(=C(C(NC1=O)c2ccc(cc2)C(C)C)C(=O)OC)C,0.6,1,N,21.67,CCNC(=O)N,CC(C)c1ccc(C=O)cc1,COC(=O)CC(=O)C,C[Si](C)(C)Cl
1280,CCN1C(=C(C(NC1=O)c2ccc(cc2)[N+](=O)[O-])C(=O)N3CCOCC3)C,0.6,0,N,0.0,CCNC(=O)N,[O-][N+](=O)c1ccc(C=O)cc1,CC(=O)CC(=O)N1CCOCC1,C[Si](C)(C)Cl
1281,CCN1C(=C(C(NC1=O)c2cccc(Br)c2)C(=O)Nc3cc(C)on3)C,0.6,0,N,0.0,CCNC(=O)N,Brc1cccc(C=O)c1,CC(=O)CC(=O)Nc1cc(C)on1,C[Si](C)(C)Cl
1282,CCN1C(=C(C(NC1=O)c2cccc(Br)c2)C(=O)Nc3cc(C)on3)C,0.6,0,N,0.0,CCNC(=O)N,Brc1cccc(C=O)c1,CC(=O)CC(=O)Nc1cc(C)on1,C[Si](C)(C)Cl
1283,CCN1C(=C(C(NC1=O)c2cccc(Br)c2)C(=O)Nc3cc(C)on3)C,0.6,0,N,0.0,CCNC(=O)N,Brc1cccc(C=O)c1,CC(=O)CC(=O)Nc1cc(C)on1,C[Si](C)(C)Cl
1284,CCN1C(=C(C(NC1=O)c2cccc(Br)c2)C(=O)OC)C,0.6,1,N,57.33,CCNC(=O)N,Brc1cccc(C=O)c1,COC(=O)CC(=O)C,C[Si](C)(C)Cl
1285,CCN1C(=C(C(NC1=O)c2cccc(C#N)c2)C(=O)OC)C,0.6,1,N,64.67,CCNC(=O)N,O=Cc1cccc(C#N)c1,COC(=O)CC(=O)C,C[Si](C)(C)Cl
1286,CCN1C(=C(C(NC1=O)c2cccc(C)c2)C(=O)OC)C,0.6,1,N,21.0,CCNC(=O)N,Cc1cccc(C=O)c1,COC(=O)CC(=O)C,C[Si](C)(C)Cl
1287,CCN1C(=C(C(NC1=O)c2cccc(Cl)c2)C(=O)OC)C,0.6,1,N,29.67,CCNC(=O)N,Clc1cccc(C=O)c1,COC(=O)CC(=O)C,C[Si](C)(C)Cl
1288,CCN1C(=C(C(NC1=O)c2cccc(Cl)c2Cl)C(=O)Nc3cc(C)on3)C,0.6,1,N,50.83,CCNC(=O)N,Clc1cccc(C=O)c1Cl,CC(=O)CC(=O)Nc1cc(C)on1,C[Si](C)(C)Cl
1289,CCN1C(=C(C(NC1=O)c2cccc(Cl)c2Cl)C(=O)Nc3cc(C)on3)C,0.6,0,N,0.0,CCNC(=O)N,Clc1cccc(C=O)c1Cl,CC(=O)CC(=O)Nc1cc(C)on1,C[Si](C)(C)Cl
1290,CCN1C(=C(C(NC1=O)c2cccc(Cl)c2Cl)C(=O)OC)C,0.6,1,N,73.67,CCNC(=O)N,Clc1cccc(C=O)c1Cl,COC(=O)CC(=O)C,C[Si](C)(C)Cl
1291,CCN1C(=C(C(NC1=O)c2cccc(F)c2)C(=O)N3CCOCC3)C,0.6,0,N,0.0,CCNC(=O)N,Fc1cccc(C=O)c1,CC(=O)CC(=O)N1CCOCC1,C[Si](C)(C)Cl
1292,CCN1C(=C(C(NC1=O)c2cccc(F)c2)C(=O)Nc3cc(C)on3)C,0.6,1,N,0.67,CCNC(=O)N,Fc1cccc(C=O)c1,CC(=O)CC(=O)Nc1cc(C)on1,C[Si](C)(C)Cl
1293,CCN1C(=C(C(NC1=O)c2cccc(F)c2)C(=O)Nc3cc(C)on3)C,0.6,0,N,0.0,CCNC(=O)N,Fc1cccc(C=O)c1,CC(=O)CC(=O)Nc1cc(C)on1,C[Si](C)(C)Cl
1294,CCN1C(=C(C(NC1=O)c2cccc(F)c2)C(=O)OC)C,0.6,0,N,0.0,CCNC(=O)N,Fc1cccc(C=O)c1,COC(=O)CC(=O)C,C[Si](C)(C)Cl
1295,CCN1C(=C(C(NC1=O)c2cccc(F)c2)C(=O)OC)C,0.6,1,N,26.67,CCNC(=O)N,Fc1cccc(C=O)c1,COC(=O)CC(=O)C,C[Si](C)(C)Cl
1296,CCN1C(=C(C(NC1=O)c2cccc(c2)C(F)(F)F)C(=O)N3CCOCC3)C,0.6,0,N,0.0,CCNC(=O)N,FC(F)(F)c1cccc(C=O)c1,CC(=O)CC(=O)N1CCOCC1,C[Si](C)(C)Cl
1297,CCN1C(=C(C(NC1=O)c2cccc(c2)C(F)(F)F)C(=O)N3CCOCC3)C,0.6,0,N,0.0,CCNC(=O)N,FC(F)(F)c1cccc(C=O)c1,CC(=O)CC(=O)N1CCOCC1,C[Si](C)(C)Cl
1298,CCN1C(=C(C(NC1=O)c2cccc(c2)C(F)(F)F)C(=O)N3CCOCC3)C,0.6,0,N,0.0,CCNC(=O)N,FC(F)(F)c1cccc(C=O)c1,CC(=O)CC(=O)N1CCOCC1,C[Si](C)(C)Cl
1299,CCN1C(=C(C(NC1=O)c2cccc(c2)C(F)(F)F)C(=O)N3CCOCC3)C,0.6,0,N,0.0,CCNC(=O)N,FC(F)(F)c1cccc(C=O)c1,CC(=O)CC(=O)N1CCOCC1,C[Si](C)(C)Cl
1300,CCN1C(=C(C(NC1=O)c2cccc(c2)C(F)(F)F)C(=O)N3CCOCC3)C,0.6,0,N,0.0,CCNC(=O)N,FC(F)(F)c1cccc(C=O)c1,CC(=O)CC(=O)N1CCOCC1,C[Si](C)(C)Cl
1301,CCN1C(=C(C(NC1=O)c2cccc(c2)C(F)(F)F)C(=O)N3CCOCC3)C,0.6,0,N,0.0,CCNC(=O)N,FC(F)(F)c1cccc(C=O)c1,CC(=O)CC(=O)N1CCOCC1,C[Si](C)(C)Cl
1302,CCN1C(=C(C(NC1=O)c2cccc(c2)C(F)(F)F)C(=O)N3CCOCC3)C,0.6,0,N,0.0,CCNC(=O)N,FC(F)(F)c1cccc(C=O)c1,CC(=O)CC(=O)N1CCOCC1,C[Si](C)(C)Cl
1303,CCN1C(=C(C(NC1=O)c2cccc(c2)C(F)(F)F)C(=O)N3CCOCC3)C,0.6,1,N,40.17,CCNC(=O)N,FC(F)(F)c1cccc(C=O)c1,CC(=O)CC(=O)N1CCOCC1,C[Si](C)(C)Cl
1304,CCN1C(=C(C(NC1=O)c2cccc(c2)C(F)(F)F)C(=O)OC)C,0.6,0,N,0.0,CCNC(=O)N,FC(F)(F)c1cccc(C=O)c1,COC(=O)CC(=O)C,C[Si](C)(C)Cl
1305,CCN1C(=C(C(NC1=O)c2cccc(c2)[N+](=O)[O-])C(=O)OC)C,0.6,1,N,74.83,CCNC(=O)N,[O-][N+](=O)c1cccc(C=O)c1,COC(=O)CC(=O)C,C[Si](C)(C)Cl
1306,CCN1C(=C(C(NC1=O)c2ccccc2)C(=O)Nc3cc(C)on3)C,0.6,0,N,0.0,CCNC(=O)N,O=Cc1ccccc1,CC(=O)CC(=O)Nc1cc(C)on1,C[Si](C)(C)Cl
1307,CCN1C(=C(C(NC1=O)c2ccccc2)C(=O)Nc3cc(C)on3)C,0.6,0,N,0.0,CCNC(=O)N,O=Cc1ccccc1,CC(=O)CC(=O)Nc1cc(C)on1,C[Si](C)(C)Cl
1308,CCN1C(=C(C(NC1=O)c2ccccc2)C(=O)Nc3cc(C)on3)C,0.6,0,N,0.0,CCNC(=O)N,O=Cc1ccccc1,CC(=O)CC(=O)Nc1cc(C)on1,C[Si](C)(C)Cl
1309,CCN1C(=C(C(NC1=O)c2ccccc2)C(=O)OC)C,0.6,0,N,0.0,CCNC(=O)N,O=Cc1ccccc1,COC(=O)CC(=O)C,C[Si](C)(C)Cl
1310,CCN1C(=C(C(NC1=O)c2ccccc2)C(=O)OC)C,0.6,1,N,38.33,CCNC(=O)N,O=Cc1ccccc1,COC(=O)CC(=O)C,C[Si](C)(C)Cl
1311,CCN1C(=C(C(NC1=O)c2ccccc2C(F)(F)F)C(=O)N3CCOCC3)C,0.6,1,N,38.33,CCNC(=O)N,FC(F)(F)c1ccccc1C=O,CC(=O)CC(=O)N1CCOCC1,C[Si](C)(C)Cl
1312,CCN1C(=C(C(NC1=O)c2ccccc2C(F)(F)F)C(=O)Nc3cc(C)on3)C,0.6,1,N,69.17,CCNC(=O)N,FC(F)(F)c1ccccc1C=O,CC(=O)CC(=O)Nc1cc(C)on1,C[Si](C)(C)Cl
1313,CCN1C(=C(C(NC1=O)c2ccccc2C(F)(F)F)C(=O)OC)C,0.6,1,N,10.83,CCNC(=O)N,FC(F)(F)c1ccccc1C=O,COC(=O)CC(=O)C,C[Si](C)(C)Cl
1314,CCN1C(=C(C(NC1=O)c2ccccc2Cl)C(=O)Nc3cc(C)on3)C,0.6,1,N,64.33,CCNC(=O)N,Clc1ccccc1C=O,CC(=O)CC(=O)Nc1cc(C)on1,C[Si](C)(C)Cl
1315,CCN1C(=C(C(NC1=O)c2ccccc2Cl)C(=O)OC)C,0.6,1,N,25.17,CCNC(=O)N,Clc1ccccc1C=O,COC(=O)CC(=O)C,C[Si](C)(C)Cl
1316,CCN1C(=C(C(NC1=O)c2ccccc2F)C(=O)Nc3cc(C)on3)C,0.6,1,N,76.67,CCNC(=O)N,Fc1ccccc1C=O,CC(=O)CC(=O)Nc1cc(C)on1,C[Si](C)(C)Cl
1317,CCN1C(=C(C(NC1=O)c2ccccc2F)C(=O)OC)C,0.6,1,N,94.0,CCNC(=O)N,Fc1ccccc1C=O,COC(=O)CC(=O)C,C[Si](C)(C)Cl
1318,CCN1C(=C(C(NC1=O)c2ccccc2OC(F)F)C(=O)N3CCOCC3)C,0.6,0,N,0.0,CCNC(=O)N,FC(F)Oc1ccccc1C=O,CC(=O)CC(=O)N1CCOCC1,C[Si](C)(C)Cl
1319,CCN1C(=C(C(NC1=O)c2ccccc2OC(F)F)C(=O)OC)C,0.6,1,N,70.67,CCNC(=O)N,FC(F)Oc1ccccc1C=O,COC(=O)CC(=O)C,C[Si](C)(C)Cl
1320,CCN1C(=C(C(NC1=O)c2cccs2)C(=O)Nc3cc(C)on3)C,0.6,0,N,0.0,CCNC(=O)N,O=Cc1cccs1,CC(=O)CC(=O)Nc1cc(C)on1,C[Si](C)(C)Cl
1321,CCN1C(=C(C(NC1=S)c2c(F)cccc2Cl)C(=O)Nc3ccc(C)cc3C)C,0.6,1,N,0.0,CCNC(=S)N,Fc1cccc(Cl)c1C=O,CC(=O)CC(=O)Nc1ccc(C)cc1C,
1322,CCN1C(=C(C(NC1=S)c2c(F)cccc2F)C(=O)c3ccccc3)C,0.6,1,N,0.0,CCNC(=S)N,Fc1cccc(F)c1C=O,CC(=O)CC(=O)c1ccccc1,
1323,CCN1C(=C(C(NC1=S)c2ccc(Br)cc2)C(=O)OCCOC)C,0.6,1,N,0.0,CCNC(=S)N,Brc1ccc(C=O)cc1,COCCOC(=O)CC(=O)C,
1324,CCN1C(=C(C(NC1=S)c2ccc(Cl)cc2Cl)C(=O)Nc3ccccc3C(F)(F)F)C,0.6,1,N,42.0,CCNC(=S)N,Clc1ccc(C=O)c(Cl)c1,CC(=O)CC(=O)Nc1ccccc1C(F)(F)F,
1325,CCN1C(=C(C(NC1=S)c2ccc(F)cc2)C(=O)c3ccccc3)C,0.6,0,N,0.0,CCNC(=S)N,Fc1ccc(C=O)cc1,CC(=O)CC(=O)c1ccccc1,
1326,CCN1C(=C(C(NC1=S)c2ccc(NC(=O)C)cc2)C(=O)Nc3ccccc3)C,0.6,0,N,0.0,CCNC(=S)N,CC(=O)Nc1ccc(C=O)cc1,CC(=O)CC(=O)Nc1ccccc1,
1327,CCN1C(=C(C(NC1=S)c2ccc(cc2)C(=O)OC)C(=O)OCCOC)C,0.6,0,N,0.0,CCNC(=S)N,COC(=O)c1ccc(C=O)cc1,COCCOC(=O)CC(=O)C,
1328,CCN1C(=C(C(NC1=S)c2ccccc2OC(F)F)C(=O)Nc3ccccc3C)C,0.6,1,N,0.0,CCNC(=S)N,FC(F)Oc1ccccc1C=O,CC(=O)CC(=O)Nc1ccccc1C,
1329,CCN1C(=C(C(NC1=S)c2ccccc2OC(F)F)C(=O)OC)C,0.6,1,N,71.67,CCNC(=S)N,FC(F)Oc1ccccc1C=O,COC(=O)CC(=O)C,C[Si](C)(C)Cl
1330,CCOC(=O)C1=C(C(NC(=S)N1)c2ccccc2)C(=O)C(C)C,0.6,0,N,0.0,NC(=S)N,O=Cc1ccccc1,[Na+].CCOC(=O)C(=CC(=O)C(C)C)[O-],C[Si](C)(C)Cl
1331,CCOC(=O)C1=C(C)N(C(=O)N(C)C1c2cccs2)c3ccc(cc3)[N+](=O)[O-],0.6,0,N,0.0,CNC(=O)Nc1ccc(cc1)[N+](=O)[O-],O=Cc1cccs1,CCOC(=O)CC(=O)C,C[Si](C)(C)Cl
1332,CCOC(=O)C1=C(C)N(C(=O)N(C)C1c2ccsc2)c3ccc(cc3)[N+](=O)[O-],0.6,0,N,0.0,CNC(=O)Nc1ccc(cc1)[N+](=O)[O-],O=Cc1ccsc1,CCOC(=O)CC(=O)C,C[Si](C)(C)Cl
1333,CCOC(=O)C1=C(C)N(C(=O)NC1c2c(F)cccc2F)c3cc(C)on3,0.6,0,N,0.0,Cc1cc(NC(=O)N)no1,Fc1cccc(F)c1C=O,CCOC(=O)CC(=O)C,C[Si](C)(C)Cl
1334,CCOC(=O)C1=C(C)N(C(=O)NC1c2c(F)cccc2F)c3ccc(cc3)C(=O)O,0.6,1,N,16.83,NC(=O)Nc1ccc(cc1)C(=O)O,Fc1cccc(F)c1C=O,CCOC(=O)CC(=O)C,C[Si](C)(C)Cl
1335,CCOC(=O)C1=C(C)N(C(=O)NC1c2c(F)cccc2F)c3ccc4OCOc4c3,0.6,0,N,0.0,NC(=O)Nc1ccc2OCOc2c1,Fc1cccc(F)c1C=O,CCOC(=O)CC(=O)C,C[Si](C)(C)Cl
1336,CCOC(=O)C1=C(C)N(C(=O)NC1c2ccc(Br)s2)c3cc(C)on3,0.6,0,N,0.0,Cc1cc(NC(=O)N)no1,Brc1ccc(C=O)s1,CCOC(=O)CC(=O)C,C[Si](C)(C)Cl
1337,CCOC(=O)C1=C(C)N(C(=O)NC1c2ccc(C#N)cc2)c3ccccc3,0.6,1,N,20.83,NC(=O)Nc1ccccc1,O=Cc1ccc(C#N)cc1,CCOC(=O)CC(=O)C,C[Si](C)(C)Cl
1338,CCOC(=O)C1=C(C)N(C(=O)NC1c2ccc(C#N)cc2)c3ccccc3,0.6,0,N,0.0,NC(=O)Nc1ccccc1,O=Cc1ccc(C#N)cc1,CCOC(=O)CC(=O)C,C[Si](C)(C)Cl
1339,CCOC(=O)C1=C(C)N(C(=O)NC1c2ccc(Cl)c(c2)[N+](=O)[O-])c3ccc(cc3)C(=O)O,0.6,1,N,56.67,NC(=O)Nc1ccc(cc1)C(=O)O,[O-][N+](=O)c1cc(C=O)ccc1Cl,CCOC(=O)CC(=O)C,C[Si](C)(C)Cl
1340,CCOC(=O)C1=C(C)N(C(=O)NC1c2ccc(Cl)c(c2)[N+](=O)[O-])c3ccc4OCOc4c3,0.6,0,N,0.0,NC(=O)Nc1ccc2OCOc2c1,[O-][N+](=O)c1cc(C=O)ccc1Cl,CCOC(=O)CC(=O)C,C[Si](C)(C)Cl
1341,CCOC(=O)C1=C(C)N(C(=O)NC1c2ccc(Cl)c(c2)[N+](=O)[O-])c3ccc4OCOc4c3,0.6,1,N,25.83,NC(=O)Nc1ccc2OCOc2c1,[O-][N+](=O)c1cc(C=O)ccc1Cl,CCOC(=O)CC(=O)C,C[Si](C)(C)Cl
1342,CCOC(=O)C1=C(C)N(C(=O)NC1c2ccc(F)cc2)c3ccc(cc3)C(=O)O,0.6,1,N,10.17,NC(=O)Nc1ccc(cc1)C(=O)O,Fc1ccc(C=O)cc1,CCOC(=O)CC(=O)C,C[Si](C)(C)Cl
1343,CCOC(=O)C1=C(C)N(C(=O)NC1c2ccc(F)cc2)c3ccc4OCOc4c3,0.6,1,N,2.17,NC(=O)Nc1ccc2OCOc2c1,Fc1ccc(C=O)cc1,CCOC(=O)CC(=O)C,C[Si](C)(C)Cl
1344,CCOC(=O)C1=C(C)N(C(=O)NC1c2ccc(F)cc2)c3ccccc3,0.6,0,N,0.0,NC(=O)Nc1ccccc1,Fc1ccc(C=O)cc1,CCOC(=O)CC(=O)C,C[Si](C)(C)Cl
1345,CCOC(=O)C1=C(C)N(C(=O)NC1c2ccc(F)cc2)c3ccccc3,0.6,1,N,45.83,NC(=O)Nc1ccccc1,Fc1ccc(C=O)cc1,CCOC(=O)CC(=O)C,C[Si](C)(C)Cl
1346,CCOC(=O)C1=C(C)N(C(=O)NC1c2ccc(F)cc2F)c3ccc(cc3)C(=O)O,0.6,1,N,75.0,NC(=O)Nc1ccc(cc1)C(=O)O,Fc1ccc(C=O)c(F)c1,CCOC(=O)CC(=O)C,C[Si](C)(C)Cl
1347,CCOC(=O)C1=C(C)N(C(=O)NC1c2ccc(F)cc2F)c3ccc4OCOc4c3,0.6,0,N,0.0,NC(=O)Nc1ccc2OCOc2c1,Fc1ccc(C=O)c(F)c1,CCOC(=O)CC(=O)C,C[Si](C)(C)Cl
1348,CCOC(=O)C1=C(C)N(C(=O)NC1c2ccc(F)cc2F)c3ccc4OCOc4c3,0.6,1,N,35.83,NC(=O)Nc1ccc2OCOc2c1,Fc1ccc(C=O)c(F)c1,CCOC(=O)CC(=O)C,C[Si](C)(C)Cl
1349,CCOC(=O)C1=C(C)N(C(=O)NC1c2ccc(OC(F)F)c(OC)c2)c3ccc(cc3)C(=O)O,0.6,1,N,45.0,NC(=O)Nc1ccc(cc1)C(=O)O,COc1cc(C=O)ccc1OC(F)F,CCOC(=O)CC(=O)C,C[Si](C)(C)Cl
1350,CCOC(=O)C1=C(C)N(C(=O)NC1c2ccc(OC(F)F)cc2)c3ccc4OCOc4c3,0.6,1,N,16.67,NC(=O)Nc1ccc2OCOc2c1,FC(F)Oc1ccc(C=O)cc1,CCOC(=O)CC(=O)C,C[Si](C)(C)Cl
1351,CCOC(=O)C1=C(C)N(C(=O)NC1c2ccc(OC(F)F)cc2)c3ccc4OCOc4c3,0.6,0,N,0.0,NC(=O)Nc1ccc2OCOc2c1,FC(F)Oc1ccc(C=O)cc1,CCOC(=O)CC(=O)C,C[Si](C)(C)Cl
1352,CCOC(=O)C1=C(C)N(C(=O)NC1c2ccc(cc2)C(=O)OC)c3ccc4OCOc4c3,0.6,0,N,0.0,NC(=O)Nc1ccc2OCOc2c1,COC(=O)c1ccc(C=O)cc1,CCOC(=O)CC(=O)C,C[Si](C)(C)Cl
1353,CCOC(=O)C1=C(C)N(C(=O)NC1c2ccc(cc2)C(=O)OC)c3ccc4OCOc4c3,0.6,1,N,27.5,NC(=O)Nc1ccc2OCOc2c1,COC(=O)c1ccc(C=O)cc1,CCOC(=O)CC(=O)C,C[Si](C)(C)Cl
1354,CCOC(=O)C1=C(C)N(C(=O)NC1c2ccc(cc2)[N+](=O)[O-])c3cc(C)on3,0.6,0,N,0.0,Cc1cc(NC(=O)N)no1,[O-][N+](=O)c1ccc(C=O)cc1,CCOC(=O)CC(=O)C,C[Si](C)(C)Cl
1355,CCOC(=O)C1=C(C)N(C(=O)NC1c2ccc(cc2)[N+](=O)[O-])c3ccc4OCOc4c3,0.6,1,N,25.83,NC(=O)Nc1ccc2OCOc2c1,[O-][N+](=O)c1ccc(C=O)cc1,CCOC(=O)CC(=O)C,C[Si](C)(C)Cl
1356,CCOC(=O)C1=C(C)N(C(=O)NC1c2ccc(cc2)[N+](=O)[O-])c3ccc4OCOc4c3,0.6,0,N,0.0,NC(=O)Nc1ccc2OCOc2c1,[O-][N+](=O)c1ccc(C=O)cc1,CCOC(=O)CC(=O)C,C[Si](C)(C)Cl
1357,CCOC(=O)C1=C(C)N(C(=O)NC1c2cccc(Br)c2)c3ccc(CC(=O)O)cc3,0.6,1,N,53.0,NC(=O)Nc1ccc(CC(=O)O)cc1,Brc1cccc(C=O)c1,CCOC(=O)CC(=O)C,C[Si](C)(C)Cl
1358,CCOC(=O)C1=C(C)N(C(=O)NC1c2cccc(C#N)c2)c3cc(C)on3,0.6,1,N,5.33,Cc1cc(NC(=O)N)no1,O=Cc1cccc(C#N)c1,CCOC(=O)CC(=O)C,C[Si](C)(C)Cl
1359,CCOC(=O)C1=C(C)N(C(=O)NC1c2cccc(F)c2)c3ccc(cc3)C(=O)O,0.6,1,N,39.83,NC(=O)Nc1ccc(cc1)C(=O)O,Fc1cccc(C=O)c1,CCOC(=O)CC(=O)C,C[Si](C)(C)Cl
1360,CCOC(=O)C1=C(C)N(C(=O)NC1c2cccc(F)c2)c3ccc4OCOc4c3,0.6,1,N,93.33,NC(=O)Nc1ccc2OCOc2c1,Fc1cccc(C=O)c1,CCOC(=O)CC(=O)C,C[Si](C)(C)Cl
1361,CCOC(=O)C1=C(C)N(C(=O)NC1c2cccc(OCc3ccccn3)c2)c4ccc(cc4)C(=O)O,0.6,0,N,0.0,NC(=O)Nc1ccc(cc1)C(=O)O,O=Cc1cccc(OCc2ccccn2)c1,CCOC(=O)CC(=O)C,C[Si](C)(C)Cl
1362,CCOC(=O)C1=C(C)N(C(=O)NC1c2ccccc2)c3cc(C)on3,0.6,0,N,0.0,Cc1cc(NC(=O)N)no1,O=Cc1ccccc1,CCOC(=O)CC(=O)C,C[Si](C)(C)Cl
1363,CCOC(=O)C1=C(C)N(C(=O)NC1c2ccccc2)c3cc(C)on3,0.6,1,N,13.33,Cc1cc(NC(=O)N)no1,O=Cc1ccccc1,CCOC(=O)CC(=O)C,C[Si](C)(C)Cl
1364,CCOC(=O)C1=C(C)N(C(=O)NC1c2ccccc2)c3ccc(cc3)C(=O)O,0.6,1,N,55.0,NC(=O)Nc1ccc(cc1)C(=O)O,O=Cc1ccccc1,CCOC(=O)CC(=O)C,C[Si](C)(C)Cl
1365,CCOC(=O)C1=C(C)N(C(=O)NC1c2ccccc2)c3ccc4OCOc4c3,0.6,1,N,65.17,NC(=O)Nc1ccc2OCOc2c1,O=Cc1ccccc1,CCOC(=O)CC(=O)C,C[Si](C)(C)Cl
1366,CCOC(=O)C1=C(C)N(C(=O)NC1c2ccccc2F)c3cc(C)on3,0.6,1,N,13.17,Cc1cc(NC(=O)N)no1,Fc1ccccc1C=O,CCOC(=O)CC(=O)C,C[Si](C)(C)Cl
1367,CCOC(=O)C1=C(C)N(C(=O)NC1c2ccccc2F)c3cc(C)on3,0.6,1,N,12.5,Cc1cc(NC(=O)N)no1,Fc1ccccc1C=O,CCOC(=O)CC(=O)C,C[Si](C)(C)Cl
1368,CCOC(=O)C1=C(C)N(C(=O)NC1c2ccccc2F)c3ccc(CC(=O)O)cc3,0.6,1,N,51.17,NC(=O)Nc1ccc(CC(=O)O)cc1,Fc1ccccc1C=O,CCOC(=O)CC(=O)C,C[Si](C)(C)Cl
1369,CCOC(=O)C1=C(C)N(C(=O)NC1c2ccccc2F)c3ccc4OCOc4c3,0.6,1,N,53.17,NC(=O)Nc1ccc2OCOc2c1,Fc1ccccc1C=O,CCOC(=O)CC(=O)C,C[Si](C)(C)Cl
1370,CCOC(=O)C1=C(C)N(C(=O)NC1c2cccs2)c3cc(C)on3,0.6,0,N,0.0,Cc1cc(NC(=O)N)no1,O=Cc1cccs1,CCOC(=O)CC(=O)C,C[Si](C)(C)Cl
1371,CCOC(=O)C1=C(C)N(C(=O)NC1c2ccsc2)c3cc(C)on3,0.6,0,N,0.0,Cc1cc(NC(=O)N)no1,O=Cc1ccsc1,CCOC(=O)CC(=O)C,C[Si](C)(C)Cl
1372,CCOC(=O)C1=C(C)N(C(=O)NC1c2ccsc2)c3cc(C)on3,0.6,1,N,7.83,Cc1cc(NC(=O)N)no1,O=Cc1ccsc1,CCOC(=O)CC(=O)C,C[Si](C)(C)Cl
1373,CCOC(=O)C1=C(C)N(C(=O)NC1c2csc(C)n2)c3ccc(Br)cc3,0.6,1,N,43.83,NC(=O)Nc1ccc(Br)cc1,Cc1nc(C=O)cs1,CCOC(=O)CC(=O)C,C[Si](C)(C)Cl
1374,CCOC(=O)C1=C(C)N(C(=O)NC1c2csc(n2)c3ccccn3)c4cccc(C)c4C,0.6,0,N,0.0,Cc1cccc(NC(=O)N)c1C,O=Cc1csc(n1)c2ccccn2,CCOC(=O)CC(=O)C,C[Si](C)(C)Cl
1375,CCOC(=O)C1=C(C)N(C(=O)NC1c2csnn2)c3ccc4OCCCOc4c3,0.6,1,N,21.83,NC(=O)Nc1ccc2OCCCOc2c1,O=Cc1csnn1,CCOC(=O)CC(=O)C,C[Si](C)(C)Cl
1376,CCOC(=O)C1=C(C)N(C(=S)NC1c2c(F)cccc2F)c3ccc4OCCOc4c3,0.6,1,N,88.0,NC(=S)Nc1ccc2OCCOc2c1,Fc1cccc(F)c1C=O,CCOC(=O)CC(=O)C,C[Si](C)(C)Cl
1377,CCOC(=O)C1=C(C)N(C(=S)NC1c2c(F)cccc2F)c3ccccc3,0.6,1,N,59.0,NC(=S)Nc1ccccc1,Fc1cccc(F)c1C=O,CCOC(=O)CC(=O)C,
1378,CCOC(=O)C1=C(C)N(C(=S)NC1c2cc(Cl)c(O)c(OC)c2)c3ccc4OCCOc4c3,0.6,1,N,27.5,NC(=S)Nc1ccc2OCCOc2c1,COc1cc(C=O)cc(Cl)c1O,CCOC(=O)CC(=O)C,C[Si](C)(C)Cl
1379,CCOC(=O)C1=C(C)N(C(=S)NC1c2cc(Cl)c(O)c(OC)c2)c3ccc4OCCOc4c3,0.6,0,N,0.0,NC(=S)Nc1ccc2OCCOc2c1,COc1cc(C=O)cc(Cl)c1O,CCOC(=O)CC(=O)C,C[Si](C)(C)Cl
1380,CCOC(=O)C1=C(C)N(C(=S)NC1c2cc(OC)c(O)c(OC)c2)c3ccc4OCCOc4c3,0.6,1,N,12.5,NC(=S)Nc1ccc2OCCOc2c1,COc1cc(C=O)cc(OC)c1O,CCOC(=O)CC(=O)C,C[Si](C)(C)Cl
1381,CCOC(=O)C1=C(C)N(C(=S)NC1c2cc(OC)cc(OC)c2)c3ccc4OCCOc4c3,0.6,0,N,0.0,NC(=S)Nc1ccc2OCCOc2c1,COc1cc(OC)cc(C=O)c1,CCOC(=O)CC(=O)C,C[Si](C)(C)Cl
1382,CCOC(=O)C1=C(C)N(C(=S)NC1c2cc(OC)cc(OC)c2)c3ccc4OCCOc4c3,0.6,1,N,43.33,NC(=S)Nc1ccc2OCCOc2c1,COc1cc(OC)cc(C=O)c1,CCOC(=O)CC(=O)C,C[Si](C)(C)Cl
1383,CCOC(=O)C1=C(C)N(C(=S)NC1c2cc(ccc2Cl)[N+](=O)[O-])c3ccc4OCCOc4c3,0.6,1,N,100.0,NC(=S)Nc1ccc2OCCOc2c1,[O-][N+](=O)c1ccc(Cl)c(C=O)c1,CCOC(=O)CC(=O)C,C[Si](C)(C)Cl
1384,CCOC(=O)C1=C(C)N(C(=S)NC1c2cc3OCOc3c(OC)c2)c4ccccc4OC,0.6,1,N,6.67,COc1ccccc1NC(=S)N,COc1cc(C=O)cc2OCOc21,CCOC(=O)CC(=O)C,C[Si](C)(C)Cl
1385,CCOC(=O)C1=C(C)N(C(=S)NC1c2cc3OCOc3c(OC)c2)c4ccccc4OC,0.6,1,N,48.33,COc1ccccc1NC(=S)N,COc1cc(C=O)cc2OCOc21,CCOC(=O)CC(=O)C,C[Si](C)(C)Cl
1386,CCOC(=O)C1=C(C)N(C(=S)NC1c2ccc(C#N)cc2)c3cccc(c3)C(F)(F)F,0.6,0,N,0.0,NC(=S)Nc1cccc(c1)C(F)(F)F,O=Cc1ccc(C#N)cc1,CCOC(=O)CC(=O)C,C[Si](C)(C)Cl
1387,CCOC(=O)C1=C(C)N(C(=S)NC1c2ccc(C)cc2)c3ccc4OCCOc4c3,0.6,1,N,5.33,NC(=S)Nc1ccc2OCCOc2c1,Cc1ccc(C=O)cc1,CCOC(=O)CC(=O)C,C[Si](C)(C)Cl
1388,CCOC(=O)C1=C(C)N(C(=S)NC1c2ccc(C)cc2)c3ccccc3,0.6,0,N,0.0,NC(=S)Nc1ccccc1,Cc1ccc(C=O)cc1,CCOC(=O)CC(=O)C,C[Si](C)(C)Cl
1389,CCOC(=O)C1=C(C)N(C(=S)NC1c2ccc(F)cc2)c3ccc4OCCOc4c3,0.6,1,N,52.83,NC(=S)Nc1ccc2OCCOc2c1,Fc1ccc(C=O)cc1,CCOC(=O)CC(=O)C,C[Si](C)(C)Cl
1390,CCOC(=O)C1=C(C)N(C(=S)NC1c2ccc(F)cc2F)c3ccc4OCCOc4c3,0.6,1,N,86.83,NC(=S)Nc1ccc2OCCOc2c1,Fc1ccc(C=O)c(F)c1,CCOC(=O)CC(=O)C,C[Si](C)(C)Cl
1391,CCOC(=O)C1=C(C)N(C(=S)NC1c2ccc(O)c(c2)[N+](=O)[O-])c3ccc4OCCOc4c3,0.6,1,N,14.83,NC(=S)Nc1ccc2OCCOc2c1,Oc1ccc(C=O)cc1[N+](=O)[O-],CCOC(=O)CC(=O)C,C[Si](C)(C)Cl
1392,CCOC(=O)C1=C(C)N(C(=S)NC1c2ccc(O)cc2)c3ccc4OCCOc4c3,0.6,0,N,0.0,NC(=S)Nc1ccc2OCCOc2c1,Oc1ccc(C=O)cc1,CCOC(=O)CC(=O)C,C[Si](C)(C)Cl
1393,CCOC(=O)C1=C(C)N(C(=S)NC1c2ccc(O)cc2)c3ccc4OCCOc4c3,0.6,0,N,0.0,NC(=S)Nc1ccc2OCCOc2c1,Oc1ccc(C=O)cc1,CCOC(=O)CC(=O)C,C[Si](C)(C)Cl
1394,CCOC(=O)C1=C(C)N(C(=S)NC1c2ccc(O)cc2)c3ccc4OCCOc4c3,0.6,0,N,0.0,NC(=S)Nc1ccc2OCCOc2c1,Oc1ccc(C=O)cc1,CCOC(=O)CC(=O)C,C[Si](C)(C)Cl
1395,CCOC(=O)C1=C(C)N(C(=S)NC1c2ccc(OC)c(O)c2)c3ccc(cc3)C(C)CC,0.6,0,N,0.0,CCC(C)c1ccc(NC(=S)N)cc1,COc1ccc(C=O)cc1O,CCOC(=O)CC(=O)C,C[Si](C)(C)Cl
1396,CCOC(=O)C1=C(C)N(C(=S)NC1c2ccc(OC)c(O)c2)c3ccc4OCCOc4c3,0.6,0,N,0.0,NC(=S)Nc1ccc2OCCOc2c1,COc1ccc(C=O)cc1O,CCOC(=O)CC(=O)C,C[Si](C)(C)Cl
1397,CCOC(=O)C1=C(C)N(C(=S)NC1c2ccc(OC)c(O)c2)c3ccc4OCCOc4c3,0.6,1,N,15.0,NC(=S)Nc1ccc2OCCOc2c1,COc1ccc(C=O)cc1O,CCOC(=O)CC(=O)C,C[Si](C)(C)Cl
1398,CCOC(=O)C1=C(C)N(C(=S)NC1c2ccc(OC)c(O)c2)c3ccccc3,0.6,0,N,0.0,NC(=S)Nc1ccccc1,COc1ccc(C=O)cc1O,CCOC(=O)CC(=O)C,C[Si](C)(C)Cl
1399,CCOC(=O)C1=C(C)N(C(=S)NC1c2ccc(OC)c(O)c2)c3ccccc3OC,0.6,0,N,0.0,COc1ccccc1NC(=S)N,COc1ccc(C=O)cc1O,CCOC(=O)CC(=O)C,C[Si](C)(C)Cl
1400,CCOC(=O)C1=C(C)N(C(=S)NC1c2ccc(OC)cc2)c3ccccc3,0.6,1,N,83.0,NC(=S)Nc1ccccc1,COc1ccc(C=O)cc1,CCOC(=O)CC(=O)C,C[Si](C)(C)Cl
1401,CCOC(=O)C1=C(C)N(C(=S)NC1c2ccc(OC)cc2OC)c3ccc4OCCOc4c3,0.6,1,N,42.17,NC(=S)Nc1ccc2OCCOc2c1,COc1ccc(C=O)c(OC)c1,CCOC(=O)CC(=O)C,C[Si](C)(C)Cl
1402,CCOC(=O)C1=C(C)N(C(=S)NC1c2ccc(OCCC(=O)O)cc2)c3ccc(C)c(F)c3,0.6,1,N,19.0,Cc1ccc(NC(=S)N)cc1F,OC(=O)CCOc1ccc(C=O)cc1,CCOC(=O)CC(=O)C,C[Si](C)(C)Cl
1403,CCOC(=O)C1=C(C)N(C(=S)NC1c2ccc(OCCC(=O)O)cc2)c3ccc(F)cc3,0.6,1,N,100.0,NC(=S)Nc1ccc(F)cc1,OC(=O)CCOc1ccc(C=O)cc1,CCOC(=O)CC(=O)C,C[Si](C)(C)Cl
1404,CCOC(=O)C1=C(C)N(C(=S)NC1c2ccc(OCc3cccnc3)cc2)c4ccc(OC)cc4,0.6,0,N,0.0,COc1ccc(NC(=S)N)cc1,O=Cc1ccc(OCc2cccnc2)cc1,CCOC(=O)CC(=O)C,C[Si](C)(C)Cl
1405,CCOC(=O)C1=C(C)N(C(=S)NC1c2ccc(OCc3cccnc3)cc2)c4ccccc4,0.6,1,N,68.0,NC(=S)Nc1ccccc1,O=Cc1ccc(OCc2cccnc2)cc1,CCOC(=O)CC(=O)C,C[Si](C)(C)Cl
1406,CCOC(=O)C1=C(C)N(C(=S)NC1c2ccc(cc2)C(=O)O)c3cccc(Br)c3,0.6,1,N,73.33,NC(=S)Nc1cccc(Br)c1,OC(=O)c1ccc(C=O)cc1,CCOC(=O)CC(=O)C,C[Si](C)(C)Cl
1407,CCOC(=O)C1=C(C)N(C(=S)NC1c2ccc(cc2)C(=O)O)c3cccc(C)c3,0.6,1,N,85.0,Cc1cccc(NC(=S)N)c1,OC(=O)c1ccc(C=O)cc1,CCOC(=O)CC(=O)C,C[Si](C)(C)Cl
1408,CCOC(=O)C1=C(C)N(C(=S)NC1c2ccc(cc2)N3CCOCC3)c4ccc5OCCOc5c4,0.6,0,N,0.0,NC(=S)Nc1ccc2OCCOc2c1,O=Cc1ccc(cc1)N2CCOCC2,CCOC(=O)CC(=O)C,
1409,CCOC(=O)C1=C(C)N(C(=S)NC1c2cccc(C)c2)c3ccc4OCCOc4c3,0.6,1,N,84.17,NC(=S)Nc1ccc2OCCOc2c1,Cc1cccc(C=O)c1,CCOC(=O)CC(=O)C,C[Si](C)(C)Cl
1410,CCOC(=O)C1=C(C)N(C(=S)NC1c2cccc(F)c2)c3ccc4OCCOc4c3,0.6,1,N,92.83,NC(=S)Nc1ccc2OCCOc2c1,Fc1cccc(C=O)c1,CCOC(=O)CC(=O)C,C[Si](C)(C)Cl
1411,CCOC(=O)C1=C(C)N(C(=S)NC1c2cccc(OC)c2)c3ccc4OCCOc4c3,0.6,1,N,80.67,NC(=S)Nc1ccc2OCCOc2c1,COc1cccc(C=O)c1,CCOC(=O)CC(=O)C,C[Si](C)(C)Cl
1412,CCOC(=O)C1=C(C)N(C(=S)NC1c2cccc(OC)c2)c3ccccc3OC,0.6,1,N,33.33,COc1ccccc1NC(=S)N,COc1cccc(C=O)c1,CCOC(=O)CC(=O)C,C[Si](C)(C)Cl
1413,CCOC(=O)C1=C(C)N(C(=S)NC1c2cccc(OC)c2OC)c3ccc4OCCOc4c3,0.6,1,N,90.0,NC(=S)Nc1ccc2OCCOc2c1,COc1cccc(C=O)c1OC,CCOC(=O)CC(=O)C,C[Si](C)(C)Cl
1414,CCOC(=O)C1=C(C)N(C(=S)NC1c2ccccc2)c3ccc4OCCOc4c3,0.6,1,N,23.5,NC(=S)Nc1ccc2OCCOc2c1,O=Cc1ccccc1,CCOC(=O)CC(=O)C,C[Si](C)(C)Cl
1415,CCOC(=O)C1=C(C)N(C(=S)NC1c2ccccc2C)c3ccc4OCCOc4c3,0.6,1,N,89.17,NC(=S)Nc1ccc2OCCOc2c1,Cc1ccccc1C=O,CCOC(=O)CC(=O)C,C[Si](C)(C)Cl
1416,CCOC(=O)C1=C(C)N(C(=S)NC1c2ccccc2F)c3ccc4OCCOc4c3,0.6,1,N,48.67,NC(=S)Nc1ccc2OCCOc2c1,Fc1ccccc1C=O,CCOC(=O)CC(=O)C,C[Si](C)(C)Cl
1417,CCOC(=O)C1=C(C)N(C(=S)NC1c2ccccc2OC)c3ccc4OCCOc4c3,0.6,1,N,63.33,NC(=S)Nc1ccc2OCCOc2c1,COc1ccccc1C=O,CCOC(=O)CC(=O)C,C[Si](C)(C)Cl
1418,CCOC(=O)C1=C(C)N(C(=S)NC1c2ccccc2OC)c3ccc4OCCOc4c3,0.6,0,N,0.0,NC(=S)Nc1ccc2OCCOc2c1,COc1ccccc1C=O,CCOC(=O)CC(=O)C,C[Si](C)(C)Cl
1419,CCOC(=O)C1=C(C)N(C(=S)NC1c2cnc(nc2)N3CCCC3)c4ccc(C)cc4,0.6,1,N,33.33,Cc1ccc(NC(=S)N)cc1,O=Cc1cnc(nc1)N2CCCC2,CCOC(=O)CC(=O)C,C[Si](C)(C)Cl
1420,CCOC(=O)C1=C(C)N(C(=S)NC1c2cnc(nc2)N3CCCC3)c4cccc(c4)C(F)(F)F,0.6,0,N,0.0,NC(=S)Nc1cccc(c1)C(F)(F)F,O=Cc1cnc(nc1)N2CCCC2,CCOC(=O)CC(=O)C,C[Si](C)(C)Cl
1421,CCOC(=O)C1=C(C)N(C(=S)NC1c2csc(n2)c3ccccn3)c4cc(C)ccc4C,0.6,0,N,0.0,Cc1ccc(C)c(NC(=S)N)c1,O=Cc1csc(n1)c2ccccn2,CCOC(=O)CC(=O)C,C[Si](C)(C)Cl
1422,CCOC(=O)C1=C(C)N(C(C)C)C(=O)NC1c2ccc(cc2)[N+](=O)[O-],0.6,1,N,18.83,CC(C)NC(=O)N,[O-][N+](=O)c1ccc(C=O)cc1,CCOC(=O)CC(=O)C,C[Si](C)(C)Cl
1423,CCOC(=O)C1=C(C)N(C(C)C)C(=S)NC1c2ccc(F)cc2,0.6,0,N,0.0,CC(C)NC(=S)N,Fc1ccc(C=O)cc1,CCOC(=O)CC(=O)C,C[Si](C)(C)Cl
1424,CCOC(=O)C1=C(C)N(C(C)COC)C(=O)NC1c2ccc(F)cc2,0.6,0,N,0.0,COCC(C)NC(=O)N,Fc1ccc(C=O)cc1,CCOC(=O)CC(=O)C,C[Si](C)(C)Cl
1425,CCOC(=O)C1=C(C)N(C(C)COC)C(=O)NC1c2ccccc2F,0.6,0,N,0.0,COCC(C)NC(=O)N,Fc1ccccc1C=O,CCOC(=O)CC(=O)C,C[Si](C)(C)Cl
1426,CCOC(=O)C1=C(C)N(C)C(=O)N(C)C1c2c(F)cccc2Cl,0.6,1,N,59.5,CNC(=O)NC,Fc1cccc(Cl)c1C=O,CCOC(=O)CC(=O)C,C[Si](C)(C)Cl
1427,CCOC(=O)C1=C(C)N(C)C(=O)N(C)C1c2cc(Br)ccc2OC,0.6,1,N,11.17,CNC(=O)NC,COc1ccc(Br)cc1C=O,CCOC(=O)CC(=O)C,C[Si](C)(C)Cl
1428,CCOC(=O)C1=C(C)N(C)C(=O)N(C)C1c2cc(OC)c(OC)c(OC)c2,0.6,1,N,55.0,CNC(=O)NC,COc1cc(C=O)cc(OC)c1OC,CCOC(=O)CC(=O)C,C[Si](C)(C)Cl
1429,CCOC(=O)C1=C(C)N(C)C(=O)N(C)C1c2cc(OC)c(OC)c(OC)c2,0.6,0,N,0.0,CNC(=O)NC,COc1cc(C=O)cc(OC)c1OC,CCOC(=O)CC(=O)C,C[Si](C)(C)Cl
1430,CCOC(=O)C1=C(C)N(C)C(=O)N(C)C1c2ccc(Br)cc2,0.6,0,N,0.0,CNC(=O)NC,Brc1ccc(C=O)cc1,CCOC(=O)CC(=O)C,C[Si](C)(C)Cl
1431,CCOC(=O)C1=C(C)N(C)C(=O)N(C)C1c2ccc(Cl)cc2Cl,0.6,1,N,11.5,CNC(=O)NC,Clc1ccc(C=O)c(Cl)c1,CCOC(=O)CC(=O)C,C[Si](C)(C)Cl
1432,CCOC(=O)C1=C(C)N(C)C(=O)N(C)C1c2ccc(F)c(Br)c2,0.6,0,N,0.0,CNC(=O)NC,Fc1ccc(C=O)cc1Br,CCOC(=O)CC(=O)C,C[Si](C)(C)Cl
1433,CCOC(=O)C1=C(C)N(C)C(=O)N(C)C1c2ccc(OC(F)F)cc2,0.6,1,N,54.33,CNC(=O)NC,FC(F)Oc1ccc(C=O)cc1,CCOC(=O)CC(=O)C,C[Si](C)(C)Cl
1434,CCOC(=O)C1=C(C)N(C)C(=O)N(C)C1c2cccc(Br)c2,0.6,1,N,11.0,CNC(=O)NC,Brc1cccc(C=O)c1,CCOC(=O)CC(=O)C,C[Si](C)(C)Cl
1435,CCOC(=O)C1=C(C)N(C)C(=O)N(C)C1c2cccc(C#N)c2,0.6,1,N,56.17,CNC(=O)NC,O=Cc1cccc(C#N)c1,CCOC(=O)CC(=O)C,C[Si](C)(C)Cl
1436,CCOC(=O)C1=C(C)N(C)C(=O)N(C)C1c2cccc(OC)c2OC,0.6,1,N,87.17,CNC(=O)NC,COc1cccc(C=O)c1OC,CCOC(=O)CC(=O)C,C[Si](C)(C)Cl
1437,CCOC(=O)C1=C(C)N(C)C(=O)N(C)C1c2cccc(c2)C(F)(F)F,0.6,1,N,14.0,CNC(=O)NC,FC(F)(F)c1cccc(C=O)c1,CCOC(=O)CC(=O)C,C[Si](C)(C)Cl
1438,CCOC(=O)C1=C(C)N(C)C(=O)N(C)C1c2ccccc2C(F)(F)F,0.6,1,N,79.17,CNC(=O)NC,FC(F)(F)c1ccccc1C=O,CCOC(=O)CC(=O)C,C[Si](C)(C)Cl
1439,CCOC(=O)C1=C(C)N(C)C(=O)N(C)C1c2ccccc2OC(F)F,0.6,1,N,52.33,CNC(=O)NC,FC(F)Oc1ccccc1C=O,CCOC(=O)CC(=O)C,C[Si](C)(C)Cl
1440,CCOC(=O)C1=C(C)N(C)C(=O)N(C)C1c2cccs2,0.6,1,N,14.17,CNC(=O)NC,O=Cc1cccs1,CCOC(=O)CC(=O)C,C[Si](C)(C)Cl
1441,CCOC(=O)C1=C(C)N(C)C(=O)N(C)C1c2cccs2,0.6,0,N,0.0,CNC(=O)NC,O=Cc1cccs1,CCOC(=O)CC(=O)C,C[Si](C)(C)Cl
1442,CCOC(=O)C1=C(C)N(C)C(=O)N(C)C1c2csc(Br)c2,0.6,0,N,0.0,CNC(=O)NC,Brc1cc(C=O)cs1,CCOC(=O)CC(=O)C,C[Si](C)(C)Cl
1443,CCOC(=O)C1=C(C)N(C)C(=O)NC1c2c(Cl)cccc2Cl,0.6,0,N,0.0,CNC(=O)N,Clc1cccc(Cl)c1C=O,CCOC(=O)CC(=O)C,C[Si](C)(C)Cl
1444,CCOC(=O)C1=C(C)N(C)C(=O)NC1c2c(F)cccc2F,0.6,1,N,45.17,CNC(=O)N,Fc1cccc(F)c1C=O,CCOC(=O)CC(=O)C,C[Si](C)(C)Cl
1445,CCOC(=O)C1=C(C)N(C)C(=O)NC1c2cc(Br)ccc2OC,0.6,1,N,52.67,CNC(=O)N,COc1ccc(Br)cc1C=O,CCOC(=O)CC(=O)C,C[Si](C)(C)Cl
1446,CCOC(=O)C1=C(C)N(C)C(=O)NC1c2cc(OC)c(OC)c(OC)c2,0.6,0,N,0.0,CNC(=O)N,COc1cc(C=O)cc(OC)c1OC,CCOC(=O)CC(=O)C,C[Si](C)(C)Cl
1447,CCOC(=O)C1=C(C)N(C)C(=O)NC1c2cc(OC)c(OC)c(OC)c2,0.6,1,N,13.83,CNC(=O)N,COc1cc(C=O)cc(OC)c1OC,CCOC(=O)CC(=O)C,C[Si](C)(C)Cl
1448,CCOC(=O)C1=C(C)N(C)C(=O)NC1c2ccc(Br)cc2,0.6,1,N,66.0,CNC(=O)N,Brc1ccc(C=O)cc1,CCOC(=O)CC(=O)C,C[Si](C)(C)Cl
1449,CCOC(=O)C1=C(C)N(C)C(=O)NC1c2ccc(Br)s2,0.6,1,N,59.67,CNC(=O)N,Brc1ccc(C=O)s1,CCOC(=O)CC(=O)C,C[Si](C)(C)Cl
1450,CCOC(=O)C1=C(C)N(C)C(=O)NC1c2ccc(Cl)c(Cl)c2,0.6,1,N,74.67,CNC(=O)N,Clc1ccc(C=O)cc1Cl,CCOC(=O)CC(=O)C,C[Si](C)(C)Cl
1451,CCOC(=O)C1=C(C)N(C)C(=O)NC1c2ccc(Cl)cc2Cl,0.6,0,N,0.0,CNC(=O)N,Clc1ccc(C=O)c(Cl)c1,CCOC(=O)CC(=O)C,C[Si](C)(C)Cl
1452,CCOC(=O)C1=C(C)N(C)C(=O)NC1c2ccc(F)c(Br)c2,0.6,0,N,0.0,CNC(=O)N,Fc1ccc(C=O)cc1Br,CCOC(=O)CC(=O)C,C[Si](C)(C)Cl
1453,CCOC(=O)C1=C(C)N(C)C(=O)NC1c2ccc(F)c(Br)c2,0.6,1,N,6.67,CNC(=O)N,Fc1ccc(C=O)cc1Br,CCOC(=O)CC(=O)C,C[Si](C)(C)Cl
1454,CCOC(=O)C1=C(C)N(C)C(=O)NC1c2ccc(F)c(F)c2,0.6,1,N,80.0,CNC(=O)N,Fc1ccc(C=O)cc1F,CCOC(=O)CC(=O)C,C[Si](C)(C)Cl
1455,CCOC(=O)C1=C(C)N(C)C(=O)NC1c2ccc(F)cc2,0.6,1,N,14.83,CNC(=O)N,Fc1ccc(C=O)cc1,CCOC(=O)CC(=O)C,C[Si](C)(C)Cl
1456,CCOC(=O)C1=C(C)N(C)C(=O)NC1c2ccc(OC(F)F)cc2,0.6,0,N,0.0,CNC(=O)N,FC(F)Oc1ccc(C=O)cc1,CCOC(=O)CC(=O)C,C[Si](C)(C)Cl
1457,CCOC(=O)C1=C(C)N(C)C(=O)NC1c2ccc(OC(F)F)cc2,0.6,1,N,30.83,CNC(=O)N,FC(F)Oc1ccc(C=O)cc1,CCOC(=O)CC(=O)C,C[Si](C)(C)Cl
1458,CCOC(=O)C1=C(C)N(C)C(=O)NC1c2ccc(OC)c(OC(F)F)c2,0.6,1,N,47.17,CNC(=O)N,COc1ccc(C=O)cc1OC(F)F,CCOC(=O)CC(=O)C,C[Si](C)(C)Cl
1459,CCOC(=O)C1=C(C)N(C)C(=O)NC1c2ccc(OCc3ccncc3)cc2,0.6,0,N,0.0,CNC(=O)N,O=Cc1ccc(OCc2ccncc2)cc1,CCOC(=O)CC(=O)C,C[Si](C)(C)Cl
1460,CCOC(=O)C1=C(C)N(C)C(=O)NC1c2ccc(cc2)C(C)(C)C,0.6,1,N,31.67,CNC(=O)N,CC(C)(C)c1ccc(C=O)cc1,CCOC(=O)CC(=O)C,C[Si](C)(C)Cl
1461,CCOC(=O)C1=C(C)N(C)C(=O)NC1c2ccc(cc2)N(CC)CC,0.6,0,N,0.0,CNC(=O)N,CCN(CC)c1ccc(C=O)cc1,CCOC(=O)CC(=O)C,C[Si](C)(C)Cl
1462,CCOC(=O)C1=C(C)N(C)C(=O)NC1c2cccc(Br)c2,0.6,1,N,83.17,CNC(=O)N,Brc1cccc(C=O)c1,CCOC(=O)CC(=O)C,C[Si](C)(C)Cl
1463,CCOC(=O)C1=C(C)N(C)C(=O)NC1c2cccc(C#N)c2,0.6,1,N,68.17,CNC(=O)N,O=Cc1cccc(C#N)c1,CCOC(=O)CC(=O)C,C[Si](C)(C)Cl
1464,CCOC(=O)C1=C(C)N(C)C(=O)NC1c2cccc(Cl)c2Cl,0.6,1,N,53.5,CNC(=O)N,Clc1cccc(C=O)c1Cl,CCOC(=O)CC(=O)C,C[Si](C)(C)Cl
1465,CCOC(=O)C1=C(C)N(C)C(=O)NC1c2cccc(c2)C(F)(F)F,0.6,0,N,0.0,CNC(=O)N,FC(F)(F)c1cccc(C=O)c1,CCOC(=O)CC(=O)C,C[Si](C)(C)Cl
1466,CCOC(=O)C1=C(C)N(C)C(=O)NC1c2ccccc2,0.6,1,N,46.33,CNC(=O)N,O=Cc1ccccc1,CCOC(=O)CC(=O)C,C[Si](C)(C)Cl
1467,CCOC(=O)C1=C(C)N(C)C(=O)NC1c2ccccc2C(F)(F)F,0.6,0,N,0.0,CNC(=O)N,FC(F)(F)c1ccccc1C=O,CCOC(=O)CC(=O)C,C[Si](C)(C)Cl
1468,CCOC(=O)C1=C(C)N(C)C(=O)NC1c2ccccc2C(F)(F)F,0.6,0,N,0.0,CNC(=O)N,FC(F)(F)c1ccccc1C=O,CCOC(=O)CC(=O)C,C[Si](C)(C)Cl
1469,CCOC(=O)C1=C(C)N(C)C(=O)NC1c2ccccc2F,0.6,1,N,46.83,CNC(=O)N,Fc1ccccc1C=O,CCOC(=O)CC(=O)C,C[Si](C)(C)Cl
1470,CCOC(=O)C1=C(C)N(C)C(=O)NC1c2ccccc2OC(F)F,0.6,1,N,50.67,CNC(=O)N,FC(F)Oc1ccccc1C=O,CCOC(=O)CC(=O)C,C[Si](C)(C)Cl
1471,CCOC(=O)C1=C(C)N(C)C(=O)NC1c2cccs2,0.6,0,N,0.0,CNC(=O)N,O=Cc1cccs1,CCOC(=O)CC(=O)C,C[Si](C)(C)Cl
1472,CCOC(=O)C1=C(C)N(C)C(=O)NC1c2ccsc2,0.6,1,N,38.17,CNC(=O)N,O=Cc1ccsc1,CCOC(=O)CC(=O)C,C[Si](C)(C)Cl
1473,CCOC(=O)C1=C(C)N(C)C(=S)N(C)C1c2ccccc2C(F)(F)F,0.6,1,N,24.17,CNC(=S)NC,FC(F)(F)c1ccccc1C=O,CCOC(=O)CC(=O)C,C[Si](C)(C)Cl
1474,CCOC(=O)C1=C(C)N(C)C(=S)N(C)C1c2ccccc2C(F)(F)F,0.6,0,N,0.0,CNC(=S)NC,FC(F)(F)c1ccccc1C=O,CCOC(=O)CC(=O)C,
1475,CCOC(=O)C1=C(C)N(C)C(=S)N(C)C1c2ccccc2C(F)(F)F,0.6,1,N,26.67,CNC(=S)NC,FC(F)(F)c1ccccc1C=O,CCOC(=O)CC(=O)C,C[Si](C)(C)Cl
1476,CCOC(=O)C1=C(C)N(C)C(=S)N(C)C1c2ccccc2C(F)(F)F,0.6,1,N,10.0,CNC(=S)NC,FC(F)(F)c1ccccc1C=O,CCOC(=O)CC(=O)C,C[Si](C)(C)Cl
1477,CCOC(=O)C1=C(C)N(C)C(=S)N(C)C1c2ccccc2C(F)(F)F,1.5,1,N,3.67,CNC(=S)NC,FC(F)(F)c1ccccc1C=O,CCOC(=O)CC(=O)C,C[Si](C)(C)Cl
1478,CCOC(=O)C1=C(C)N(C)C(=S)NC1c2ccc(Cl)c(c2)[N+](=O)[O-],0.6,1,N,85.17,CNC(=S)N,[O-][N+](=O)c1cc(C=O)ccc1Cl,CCOC(=O)CC(=O)C,C[Si](C)(C)Cl
1479,CCOC(=O)C1=C(C)N(C)C(=S)NC1c2ccc(Oc3ccc(F)cc3)c(c2)[N+](=O)[O-],0.6,1,N,7.5,CNC(=S)N,[O-][N+](=O)c1cc(C=O)ccc1Oc2ccc(F)cc2,CCOC(=O)CC(=O)C,C[Si](C)(C)Cl
1480,CCOC(=O)C1=C(C)N(C)C(=S)NC1c2ccccc2OC,0.6,1,N,71.67,CNC(=S)N,COc1ccccc1C=O,CCOC(=O)CC(=O)C,C[Si](C)(C)Cl
1481,CCOC(=O)C1=C(C)N(C2CC2)C(=O)NC1c3c(Cl)cccc3Cl,0.6,1,N,79.83,NC(=O)NC1CC1,Clc1cccc(Cl)c1C=O,CCOC(=O)CC(=O)C,C[Si](C)(C)Cl
1482,CCOC(=O)C1=C(C)N(C2CC2)C(=O)NC1c3c(Cl)cccc3Cl,0.6,0,N,0.0,NC(=O)NC1CC1,Clc1cccc(Cl)c1C=O,CCOC(=O)CC(=O)C,C[Si](C)(C)Cl
1483,CCOC(=O)C1=C(C)N(C2CC2)C(=O)NC1c3c(F)cccc3Cl,0.6,1,N,50.5,NC(=O)NC1CC1,Fc1cccc(Cl)c1C=O,CCOC(=O)CC(=O)C,C[Si](C)(C)Cl
1484,CCOC(=O)C1=C(C)N(C2CC2)C(=O)NC1c3c(F)cccc3F,0.6,1,N,87.17,NC(=O)NC1CC1,Fc1cccc(F)c1C=O,CCOC(=O)CC(=O)C,C[Si](C)(C)Cl
1485,CCOC(=O)C1=C(C)N(C2CC2)C(=O)NC1c3cc(Br)ccc3OC,0.6,1,N,28.83,NC(=O)NC1CC1,COc1ccc(Br)cc1C=O,CCOC(=O)CC(=O)C,C[Si](C)(C)Cl
1486,CCOC(=O)C1=C(C)N(C2CC2)C(=O)NC1c3cc4OCOc4c(OC)c3,0.6,1,N,19.5,NC(=O)NC1CC1,COc1cc(C=O)cc2OCOc21,CCOC(=O)CC(=O)C,C[Si](C)(C)Cl
1487,CCOC(=O)C1=C(C)N(C2CC2)C(=O)NC1c3ccc(Br)cc3,0.6,1,N,54.83,NC(=O)NC1CC1,Brc1ccc(C=O)cc1,CCOC(=O)CC(=O)C,C[Si](C)(C)Cl
1488,CCOC(=O)C1=C(C)N(C2CC2)C(=O)NC1c3ccc(Cl)c(Cl)c3,0.6,1,N,79.17,NC(=O)NC1CC1,Clc1ccc(C=O)cc1Cl,CCOC(=O)CC(=O)C,C[Si](C)(C)Cl
1489,CCOC(=O)C1=C(C)N(C2CC2)C(=O)NC1c3ccc(Cl)c(Cl)c3,0.6,1,N,2.5,NC(=O)NC1CC1,Clc1ccc(C=O)cc1Cl,CCOC(=O)CC(=O)C,C[Si](C)(C)Cl
1490,CCOC(=O)C1=C(C)N(C2CC2)C(=O)NC1c3ccc(Cl)c(c3)[N+](=O)[O-],0.6,1,N,94.83,NC(=O)NC1CC1,[O-][N+](=O)c1cc(C=O)ccc1Cl,CCOC(=O)CC(=O)C,C[Si](C)(C)Cl
1491,CCOC(=O)C1=C(C)N(C2CC2)C(=O)NC1c3ccc(Cl)cc3,0.6,1,N,37.17,NC(=O)NC1CC1,Clc1ccc(C=O)cc1,CCOC(=O)CC(=O)C,C[Si](C)(C)Cl
1492,CCOC(=O)C1=C(C)N(C2CC2)C(=O)NC1c3ccc(Cl)cc3,0.6,1,N,9.5,NC(=O)NC1CC1,Clc1ccc(C=O)cc1,CCOC(=O)CC(=O)C,C[Si](C)(C)Cl
1493,CCOC(=O)C1=C(C)N(C2CC2)C(=O)NC1c3ccc(F)c(Br)c3,0.6,1,N,54.83,NC(=O)NC1CC1,Fc1ccc(C=O)cc1Br,CCOC(=O)CC(=O)C,C[Si](C)(C)Cl
1494,CCOC(=O)C1=C(C)N(C2CC2)C(=O)NC1c3ccc(F)c(Br)c3,0.6,1,N,8.0,NC(=O)NC1CC1,Fc1ccc(C=O)cc1Br,CCOC(=O)CC(=O)C,C[Si](C)(C)Cl
1495,CCOC(=O)C1=C(C)N(C2CC2)C(=O)NC1c3ccc(F)cc3,0.6,1,N,63.0,NC(=O)NC1CC1,Fc1ccc(C=O)cc1,CCOC(=O)CC(=O)C,C[Si](C)(C)Cl
1496,CCOC(=O)C1=C(C)N(C2CC2)C(=O)NC1c3ccc(F)cc3F,0.6,1,N,31.67,NC(=O)NC1CC1,Fc1ccc(C=O)c(F)c1,CCOC(=O)CC(=O)C,C[Si](C)(C)Cl
1497,CCOC(=O)C1=C(C)N(C2CC2)C(=O)NC1c3ccc(F)cc3F,0.6,0,N,0.0,NC(=O)NC1CC1,Fc1ccc(C=O)c(F)c1,CCOC(=O)CC(=O)C,C[Si](C)(C)Cl
1498,CCOC(=O)C1=C(C)N(C2CC2)C(=O)NC1c3ccc(OC(F)F)cc3,0.6,0,N,0.0,NC(=O)NC1CC1,FC(F)Oc1ccc(C=O)cc1,CCOC(=O)CC(=O)C,C[Si](C)(C)Cl
1499,CCOC(=O)C1=C(C)N(C2CC2)C(=O)NC1c3ccc(OC(F)F)cc3,0.6,1,N,13.0,NC(=O)NC1CC1,FC(F)Oc1ccc(C=O)cc1,CCOC(=O)CC(=O)C,C[Si](C)(C)Cl
1500,CCOC(=O)C1=C(C)N(C2CC2)C(=O)NC1c3ccc(OC(F)F)cc3,0.6,1,N,6.67,NC(=O)NC1CC1,FC(F)Oc1ccc(C=O)cc1,CCOC(=O)CC(=O)C,C[Si](C)(C)Cl
1501,CCOC(=O)C1=C(C)N(C2CC2)C(=O)NC1c3ccc(c(F)c3)n4cncn4,0.6,0,N,0.0,NC(=O)NC1CC1,Fc1cc(C=O)ccc1n2cncn2,CCOC(=O)CC(=O)C,C[Si](C)(C)Cl
1502,CCOC(=O)C1=C(C)N(C2CC2)C(=O)NC1c3ccc(cc3)C(=O)OC,0.6,0,N,0.0,NC(=O)NC1CC1,COC(=O)c1ccc(C=O)cc1,CCOC(=O)CC(=O)C,C[Si](C)(C)Cl
1503,CCOC(=O)C1=C(C)N(C2CC2)C(=O)NC1c3ccc(cc3)C(=O)OC,0.6,1,N,10.0,NC(=O)NC1CC1,COC(=O)c1ccc(C=O)cc1,CCOC(=O)CC(=O)C,C[Si](C)(C)Cl
1504,CCOC(=O)C1=C(C)N(C2CC2)C(=O)NC1c3ccc(cc3)C(=O)OC,0.6,1,N,4.17,NC(=O)NC1CC1,COC(=O)c1ccc(C=O)cc1,CCOC(=O)CC(=O)C,C[Si](C)(C)Cl
1505,CCOC(=O)C1=C(C)N(C2CC2)C(=O)NC1c3ccc(cc3)[N+](=O)[O-],0.6,1,N,31.17,NC(=O)NC1CC1,[O-][N+](=O)c1ccc(C=O)cc1,CCOC(=O)CC(=O)C,C[Si](C)(C)Cl
1506,CCOC(=O)C1=C(C)N(C2CC2)C(=O)NC1c3cccc(Br)c3,0.6,0,N,0.0,NC(=O)NC1CC1,Brc1cccc(C=O)c1,CCOC(=O)CC(=O)C,C[Si](C)(C)Cl
1507,CCOC(=O)C1=C(C)N(C2CC2)C(=O)NC1c3cccc(Br)c3,0.6,1,N,43.33,NC(=O)NC1CC1,Brc1cccc(C=O)c1,CCOC(=O)CC(=O)C,C[Si](C)(C)Cl
1508,CCOC(=O)C1=C(C)N(C2CC2)C(=O)NC1c3cccc(Cl)c3Cl,0.6,1,N,72.17,NC(=O)NC1CC1,Clc1cccc(C=O)c1Cl,CCOC(=O)CC(=O)C,C[Si](C)(C)Cl
1509,CCOC(=O)C1=C(C)N(C2CC2)C(=O)NC1c3cccc(F)c3,0.6,1,N,72.33,NC(=O)NC1CC1,Fc1cccc(C=O)c1,CCOC(=O)CC(=O)C,C[Si](C)(C)Cl
1510,CCOC(=O)C1=C(C)N(C2CC2)C(=O)NC1c3cccc(c3)C(F)(F)F,0.6,1,N,81.0,NC(=O)NC1CC1,FC(F)(F)c1cccc(C=O)c1,CCOC(=O)CC(=O)C,C[Si](C)(C)Cl
1511,CCOC(=O)C1=C(C)N(C2CC2)C(=O)NC1c3ccccc3,0.6,1,N,49.67,NC(=O)NC1CC1,O=Cc1ccccc1,CCOC(=O)CC(=O)C,C[Si](C)(C)Cl
1512,CCOC(=O)C1=C(C)N(C2CC2)C(=O)NC1c3ccccc3Br,0.6,1,N,51.0,NC(=O)NC1CC1,Brc1ccccc1C=O,CCOC(=O)CC(=O)C,C[Si](C)(C)Cl
1513,CCOC(=O)C1=C(C)N(C2CC2)C(=O)NC1c3ccccc3C(F)(F)F,0.6,1,N,64.33,NC(=O)NC1CC1,FC(F)(F)c1ccccc1C=O,CCOC(=O)CC(=O)C,C[Si](C)(C)Cl
1514,CCOC(=O)C1=C(C)N(C2CC2)C(=O)NC1c3ccccc3Cl,0.6,1,N,31.0,NC(=O)NC1CC1,Clc1ccccc1C=O,CCOC(=O)CC(=O)C,C[Si](C)(C)Cl
1515,CCOC(=O)C1=C(C)N(C2CC2)C(=O)NC1c3ccccc3F,0.6,1,N,1.67,NC(=O)NC1CC1,Fc1ccccc1C=O,CCOC(=O)CC(=O)C,C[Si](C)(C)Cl
1516,CCOC(=O)C1=C(C)N(C2CC2)C(=O)NC1c3ccccc3F,0.6,1,N,33.0,NC(=O)NC1CC1,Fc1ccccc1C=O,CCOC(=O)CC(=O)C,C[Si](C)(C)Cl
1517,CCOC(=O)C1=C(C)N(C2CC2)C(=O)NC1c3ccccc3OC(F)F,0.6,1,N,61.33,NC(=O)NC1CC1,FC(F)Oc1ccccc1C=O,CCOC(=O)CC(=O)C,C[Si](C)(C)Cl
1518,CCOC(=O)C1=C(C)N(C2CC2)C(=O)NC1c3cccs3,0.6,1,N,19.0,NC(=O)NC1CC1,O=Cc1cccs1,CCOC(=O)CC(=O)C,C[Si](C)(C)Cl
1519,CCOC(=O)C1=C(C)N(C2CC2)C(=S)NC1c3ccc(NC(=O)C)cc3,0.6,1,N,58.33,NC(=S)NC1CC1,CC(=O)Nc1ccc(C=O)cc1,CCOC(=O)CC(=O)C,C[Si](C)(C)Cl
1520,CCOC(=O)C1=C(C)N(C2CC2)C(=S)NC1c3ccc(cc3)n4ccnc4,0.6,0,N,0.0,NC(=S)NC1CC1,O=Cc1ccc(cc1)n2ccnc2,CCOC(=O)CC(=O)C,C[Si](C)(C)Cl
1521,CCOC(=O)C1=C(C)N(C2CC2)C(=S)NC1c3ccc(cc3)n4ccnc4,0.6,1,N,11.5,NC(=S)NC1CC1,O=Cc1ccc(cc1)n2ccnc2,CCOC(=O)CC(=O)C,C[Si](C)(C)Cl
1522,CCOC(=O)C1=C(C)N(C2CC2)C(=S)NC1c3ccc4OCCOc4c3,0.6,1,N,26.17,NC(=S)NC1CC1,O=Cc1ccc2OCCOc2c1,CCOC(=O)CC(=O)C,C[Si](C)(C)Cl
1523,CCOC(=O)C1=C(C)N(C2CCCC2)C(=O)NC1c3c(F)cccc3F,0.6,1,N,59.67,NC(=O)NC1CCCC1,Fc1cccc(F)c1C=O,CCOC(=O)CC(=O)C,C[Si](C)(C)Cl
1524,CCOC(=O)C1=C(C)N(C2CCCCC2C)C(=O)NC1c3ccc(Cl)cc3,0.6,0,N,0.0,CC1CCCCC1NC(=O)N,Clc1ccc(C=O)cc1,CCOC(=O)CC(=O)C,C[Si](C)(C)Cl
1525,CCOC(=O)C1=C(C)N(C2CCCCC2C)C(=O)NC1c3cccc(Br)c3,0.6,0,N,0.0,CC1CCCCC1NC(=O)N,Brc1cccc(C=O)c1,CCOC(=O)CC(=O)C,C[Si](C)(C)Cl
1526,CCOC(=O)C1=C(C)N(C2CCS(=O)(=O)C2)C(=O)NC1c3c(Cl)cccc3Cl,0.6,0,N,0.0,NC(=O)NC1CCS(=O)(=O)C1,Clc1cccc(Cl)c1C=O,CCOC(=O)CC(=O)C,C[Si](C)(C)Cl
1527,CCOC(=O)C1=C(C)N(C2CCS(=O)(=O)C2)C(=O)NC1c3c(Cl)cccc3Cl,0.6,1,N,12.67,NC(=O)NC1CCS(=O)(=O)C1,Clc1cccc(Cl)c1C=O,CCOC(=O)CC(=O)C,C[Si](C)(C)Cl
1528,CCOC(=O)C1=C(C)N(C2CCS(=O)(=O)C2)C(=O)NC1c3c(F)cccc3F,0.6,1,N,24.17,NC(=O)NC1CCS(=O)(=O)C1,Fc1cccc(F)c1C=O,CCOC(=O)CC(=O)C,C[Si](C)(C)Cl
1529,CCOC(=O)C1=C(C)N(C2CCS(=O)(=O)C2)C(=O)NC1c3cc(Br)ccc3OC,0.6,0,N,0.0,NC(=O)NC1CCS(=O)(=O)C1,COc1ccc(Br)cc1C=O,CCOC(=O)CC(=O)C,C[Si](C)(C)Cl
1530,CCOC(=O)C1=C(C)N(C2CCS(=O)(=O)C2)C(=O)NC1c3ccc(Br)cc3,0.6,1,N,25.0,NC(=O)NC1CCS(=O)(=O)C1,Brc1ccc(C=O)cc1,CCOC(=O)CC(=O)C,C[Si](C)(C)Cl
1531,CCOC(=O)C1=C(C)N(C2CCS(=O)(=O)C2)C(=O)NC1c3ccc(Cl)c(Cl)c3,0.6,1,N,8.5,NC(=O)NC1CCS(=O)(=O)C1,Clc1ccc(C=O)cc1Cl,CCOC(=O)CC(=O)C,C[Si](C)(C)Cl
1532,CCOC(=O)C1=C(C)N(C2CCS(=O)(=O)C2)C(=O)NC1c3ccc(Cl)c(Cl)c3,0.6,1,N,31.67,NC(=O)NC1CCS(=O)(=O)C1,Clc1ccc(C=O)cc1Cl,CCOC(=O)CC(=O)C,C[Si](C)(C)Cl
1533,CCOC(=O)C1=C(C)N(C2CCS(=O)(=O)C2)C(=O)NC1c3ccc(Cl)c(Cl)c3,0.6,0,N,0.0,NC(=O)NC1CCS(=O)(=O)C1,Clc1ccc(C=O)cc1Cl,CCOC(=O)CC(=O)C,C[Si](C)(C)Cl
1534,CCOC(=O)C1=C(C)N(C2CCS(=O)(=O)C2)C(=O)NC1c3ccc(Cl)cc3,0.6,1,N,20.0,NC(=O)NC1CCS(=O)(=O)C1,Clc1ccc(C=O)cc1,CCOC(=O)CC(=O)C,C[Si](C)(C)Cl
1535,CCOC(=O)C1=C(C)N(C2CCS(=O)(=O)C2)C(=O)NC1c3ccc(Cl)cc3Cl,0.6,1,N,33.33,NC(=O)NC1CCS(=O)(=O)C1,Clc1ccc(C=O)c(Cl)c1,CCOC(=O)CC(=O)C,C[Si](C)(C)Cl
1536,CCOC(=O)C1=C(C)N(C2CCS(=O)(=O)C2)C(=O)NC1c3ccc(F)c(Br)c3,0.6,1,N,14.17,NC(=O)NC1CCS(=O)(=O)C1,Fc1ccc(C=O)cc1Br,CCOC(=O)CC(=O)C,C[Si](C)(C)Cl
1537,CCOC(=O)C1=C(C)N(C2CCS(=O)(=O)C2)C(=O)NC1c3ccc(F)cc3,0.6,0,N,0.0,NC(=O)NC1CCS(=O)(=O)C1,Fc1ccc(C=O)cc1,CCOC(=O)CC(=O)C,C[Si](C)(C)Cl
1538,CCOC(=O)C1=C(C)N(C2CCS(=O)(=O)C2)C(=O)NC1c3ccc(F)cc3,0.6,1,N,10.83,NC(=O)NC1CCS(=O)(=O)C1,Fc1ccc(C=O)cc1,CCOC(=O)CC(=O)C,C[Si](C)(C)Cl
1539,CCOC(=O)C1=C(C)N(C2CCS(=O)(=O)C2)C(=O)NC1c3ccc(F)cc3F,0.6,1,N,23.17,NC(=O)NC1CCS(=O)(=O)C1,Fc1ccc(C=O)c(F)c1,CCOC(=O)CC(=O)C,C[Si](C)(C)Cl
1540,CCOC(=O)C1=C(C)N(C2CCS(=O)(=O)C2)C(=O)NC1c3ccc(OC(F)F)cc3,0.6,1,N,12.67,NC(=O)NC1CCS(=O)(=O)C1,FC(F)Oc1ccc(C=O)cc1,CCOC(=O)CC(=O)C,C[Si](C)(C)Cl
1541,CCOC(=O)C1=C(C)N(C2CCS(=O)(=O)C2)C(=O)NC1c3ccc(cc3)C(=O)OC,0.6,1,N,16.67,NC(=O)NC1CCS(=O)(=O)C1,COC(=O)c1ccc(C=O)cc1,CCOC(=O)CC(=O)C,C[Si](C)(C)Cl
1542,CCOC(=O)C1=C(C)N(C2CCS(=O)(=O)C2)C(=O)NC1c3ccc(cc3)C(C)(C)C,0.6,1,N,13.33,NC(=O)NC1CCS(=O)(=O)C1,CC(C)(C)c1ccc(C=O)cc1,CCOC(=O)CC(=O)C,C[Si](C)(C)Cl
1543,CCOC(=O)C1=C(C)N(C2CCS(=O)(=O)C2)C(=O)NC1c3cccc(Br)c3,0.6,1,N,25.83,NC(=O)NC1CCS(=O)(=O)C1,Brc1cccc(C=O)c1,CCOC(=O)CC(=O)C,C[Si](C)(C)Cl
1544,CCOC(=O)C1=C(C)N(C2CCS(=O)(=O)C2)C(=O)NC1c3cccc(Cl)c3Cl,0.6,1,N,43.17,NC(=O)NC1CCS(=O)(=O)C1,Clc1cccc(C=O)c1Cl,CCOC(=O)CC(=O)C,C[Si](C)(C)Cl
1545,CCOC(=O)C1=C(C)N(C2CCS(=O)(=O)C2)C(=O)NC1c3cccc(F)c3,0.6,1,N,31.67,NC(=O)NC1CCS(=O)(=O)C1,Fc1cccc(C=O)c1,CCOC(=O)CC(=O)C,C[Si](C)(C)Cl
1546,CCOC(=O)C1=C(C)N(C2CCS(=O)(=O)C2)C(=O)NC1c3cccc(c3)C(F)(F)F,0.6,1,N,40.83,NC(=O)NC1CCS(=O)(=O)C1,FC(F)(F)c1cccc(C=O)c1,CCOC(=O)CC(=O)C,C[Si](C)(C)Cl
1547,CCOC(=O)C1=C(C)N(C2CCS(=O)(=O)C2)C(=O)NC1c3ccccc3,0.6,1,N,33.33,NC(=O)NC1CCS(=O)(=O)C1,O=Cc1ccccc1,CCOC(=O)CC(=O)C,C[Si](C)(C)Cl
1548,CCOC(=O)C1=C(C)N(C2CCS(=O)(=O)C2)C(=O)NC1c3ccccc3Br,0.6,1,N,12.67,NC(=O)NC1CCS(=O)(=O)C1,Brc1ccccc1C=O,CCOC(=O)CC(=O)C,C[Si](C)(C)Cl
1549,CCOC(=O)C1=C(C)N(C2CCS(=O)(=O)C2)C(=O)NC1c3ccccc3C(F)(F)F,0.6,1,N,22.5,NC(=O)NC1CCS(=O)(=O)C1,FC(F)(F)c1ccccc1C=O,CCOC(=O)CC(=O)C,C[Si](C)(C)Cl
1550,CCOC(=O)C1=C(C)N(C2CCS(=O)(=O)C2)C(=O)NC1c3ccccc3Cl,0.6,1,N,9.17,NC(=O)NC1CCS(=O)(=O)C1,Clc1ccccc1C=O,CCOC(=O)CC(=O)C,C[Si](C)(C)Cl
1551,CCOC(=O)C1=C(C)N(C2CCS(=O)(=O)C2)C(=O)NC1c3ccccc3Cl,0.6,1,N,8.67,NC(=O)NC1CCS(=O)(=O)C1,Clc1ccccc1C=O,CCOC(=O)CC(=O)C,C[Si](C)(C)Cl
1552,CCOC(=O)C1=C(C)N(C2CCS(=O)(=O)C2)C(=O)NC1c3ccccc3Cl,0.6,0,N,0.0,NC(=O)NC1CCS(=O)(=O)C1,Clc1ccccc1C=O,CCOC(=O)CC(=O)C,C[Si](C)(C)Cl
1553,CCOC(=O)C1=C(C)N(C2CCS(=O)(=O)C2)C(=O)NC1c3ccccc3F,0.6,1,N,53.33,NC(=O)NC1CCS(=O)(=O)C1,Fc1ccccc1C=O,CCOC(=O)CC(=O)C,C[Si](C)(C)Cl
1554,CCOC(=O)C1=C(C)N(CC(C)C)C(=O)NC1c2ccccc2OC(F)F,0.6,1,N,31.5,CC(C)CNC(=O)N,FC(F)Oc1ccccc1C=O,CCOC(=O)CC(=O)C,C[Si](C)(C)Cl
1555,CCOC(=O)C1=C(C)N(CC(F)(F)F)C(=O)NC1c2ccccc2C(=O)OC,0.6,0,N,0.0,NC(=O)NCC(F)(F)F,COC(=O)c1ccccc1C=O,CCOC(=O)CC(=O)C,C[Si](C)(C)Cl
1556,CCOC(=O)C1=C(C)N(CC)C(=O)NC1c2c(F)cccc2Cl,0.6,1,N,62.17,CCNC(=O)N,Fc1cccc(Cl)c1C=O,CCOC(=O)CC(=O)C,C[Si](C)(C)Cl
1557,CCOC(=O)C1=C(C)N(CC)C(=O)NC1c2c(F)cccc2F,0.6,1,N,48.67,CCNC(=O)N,Fc1cccc(F)c1C=O,CCOC(=O)CC(=O)C,C[Si](C)(C)Cl
1558,CCOC(=O)C1=C(C)N(CC)C(=O)NC1c2cc(Br)ccc2OC,0.6,0,N,0.0,CCNC(=O)N,COc1ccc(Br)cc1C=O,CCOC(=O)CC(=O)C,C[Si](C)(C)Cl
1559,CCOC(=O)C1=C(C)N(CC)C(=O)NC1c2cc(Br)ccc2OC,0.6,1,N,49.33,CCNC(=O)N,COc1ccc(Br)cc1C=O,CCOC(=O)CC(=O)C,C[Si](C)(C)Cl
1560,CCOC(=O)C1=C(C)N(CC)C(=O)NC1c2ccc(Br)cc2,0.6,1,N,26.33,CCNC(=O)N,Brc1ccc(C=O)cc1,CCOC(=O)CC(=O)C,C[Si](C)(C)Cl
1561,CCOC(=O)C1=C(C)N(CC)C(=O)NC1c2ccc(Cl)c(Cl)c2,0.6,0,N,0.0,CCNC(=O)N,Clc1ccc(C=O)cc1Cl,CCOC(=O)CC(=O)C,C[Si](C)(C)Cl
1562,CCOC(=O)C1=C(C)N(CC)C(=O)NC1c2ccc(OC(F)F)cc2,0.6,1,N,57.83,CCNC(=O)N,FC(F)Oc1ccc(C=O)cc1,CCOC(=O)CC(=O)C,C[Si](C)(C)Cl
1563,CCOC(=O)C1=C(C)N(CC)C(=O)NC1c2ccc(cc2)C(=O)OC,0.6,1,N,27.5,CCNC(=O)N,COC(=O)c1ccc(C=O)cc1,CCOC(=O)CC(=O)C,C[Si](C)(C)Cl
1564,CCOC(=O)C1=C(C)N(CC)C(=O)NC1c2ccc(cc2)C(=O)OC,0.6,0,N,0.0,CCNC(=O)N,COC(=O)c1ccc(C=O)cc1,CCOC(=O)CC(=O)C,C[Si](C)(C)Cl
1565,CCOC(=O)C1=C(C)N(CC)C(=O)NC1c2ccc(cc2)N(CC)CC,0.6,1,N,23.17,CCNC(=O)N,CCN(CC)c1ccc(C=O)cc1,CCOC(=O)CC(=O)C,C[Si](C)(C)Cl
1566,CCOC(=O)C1=C(C)N(CC)C(=O)NC1c2ccc(cc2)N(CC)CC,0.6,0,N,0.0,CCNC(=O)N,CCN(CC)c1ccc(C=O)cc1,CCOC(=O)CC(=O)C,C[Si](C)(C)Cl
1567,CCOC(=O)C1=C(C)N(CC)C(=O)NC1c2ccc(cc2)[N+](=O)[O-],0.6,1,N,30.33,CCNC(=O)N,[O-][N+](=O)c1ccc(C=O)cc1,CCOC(=O)CC(=O)C,C[Si](C)(C)Cl
1568,CCOC(=O)C1=C(C)N(CC)C(=O)NC1c2cccc(Br)c2,0.6,1,N,54.0,CCNC(=O)N,Brc1cccc(C=O)c1,CCOC(=O)CC(=O)C,C[Si](C)(C)Cl
1569,CCOC(=O)C1=C(C)N(CC)C(=O)NC1c2cccc(C#N)c2,0.6,1,N,75.5,CCNC(=O)N,O=Cc1cccc(C#N)c1,CCOC(=O)CC(=O)C,C[Si](C)(C)Cl
1570,CCOC(=O)C1=C(C)N(CC)C(=O)NC1c2cccc(Cl)c2Cl,0.6,1,N,76.5,CCNC(=O)N,Clc1cccc(C=O)c1Cl,CCOC(=O)CC(=O)C,C[Si](C)(C)Cl
1571,CCOC(=O)C1=C(C)N(CC)C(=O)NC1c2cccc(c2)C(F)(F)F,0.6,1,N,30.17,CCNC(=O)N,FC(F)(F)c1cccc(C=O)c1,CCOC(=O)CC(=O)C,C[Si](C)(C)Cl
1572,CCOC(=O)C1=C(C)N(CC)C(=O)NC1c2cccc(c2)C(F)(F)F,0.6,0,N,0.0,CCNC(=O)N,FC(F)(F)c1cccc(C=O)c1,CCOC(=O)CC(=O)C,C[Si](C)(C)Cl
1573,CCOC(=O)C1=C(C)N(CC)C(=O)NC1c2ccccc2,0.6,1,N,25.0,CCNC(=O)N,O=Cc1ccccc1,CCOC(=O)CC(=O)C,C[Si](C)(C)Cl
1574,CCOC(=O)C1=C(C)N(CC)C(=O)NC1c2ccccc2C(F)(F)F,0.6,0,N,0.0,CCNC(=O)N,FC(F)(F)c1ccccc1C=O,CCOC(=O)CC(=O)C,C[Si](C)(C)Cl
1575,CCOC(=O)C1=C(C)N(CC)C(=O)NC1c2ccccc2OC(F)F,0.6,1,N,57.83,CCNC(=O)N,FC(F)Oc1ccccc1C=O,CCOC(=O)CC(=O)C,C[Si](C)(C)Cl
1576,CCOC(=O)C1=C(C)N(CC)C(=S)NC1c2ccccc2OC(F)F,0.6,1,N,0.0,CCNC(=S)N,FC(F)Oc1ccccc1C=O,CCOC(=O)CC(=O)C,
1577,CCOC(=O)C1=C(C)N(CC2CC2)C(=O)NC1c3ccc(OCc4ccncc4)cc3,0.6,0,N,0.0,NC(=O)NCC1CC1,O=Cc1ccc(OCc2ccncc2)cc1,CCOC(=O)CC(=O)C,C[Si](C)(C)Cl
1578,CCOC(=O)C1=C(C)N(CC2CCCO2)C(=O)NC1c3ccc(Cl)cc3,0.6,1,N,7.17,NC(=O)NCC1CCCO1,Clc1ccc(C=O)cc1,CCOC(=O)CC(=O)C,C[Si](C)(C)Cl
1579,CCOC(=O)C1=C(C)N(CC2CCCO2)C(=O)NC1c3ccc(F)cc3,0.6,1,N,19.17,NC(=O)NCC1CCCO1,Fc1ccc(C=O)cc1,CCOC(=O)CC(=O)C,C[Si](C)(C)Cl
1580,CCOC(=O)C1=C(C)N(CC2CCCO2)C(=S)NC1c3ccc(Cl)cc3,0.6,0,N,0.0,NC(=S)NCC1CCCO1,Clc1ccc(C=O)cc1,CCOC(=O)CC(=O)C,C[Si](C)(C)Cl
1581,CCOC(=O)C1=C(C)N(CC2CCCO2)C(=S)NC1c3cccc(c3)[N+](=O)[O-],0.6,1,N,33.0,NC(=S)NCC1CCCO1,[O-][N+](=O)c1cccc(C=O)c1,CCOC(=O)CC(=O)C,C[Si](C)(C)Cl
1582,CCOC(=O)C1=C(C)N(CC=C)C(=O)NC1c2ccc(Cl)c(c2)[N+](=O)[O-],0.6,1,N,10.83,NC(=O)NCC=C,[O-][N+](=O)c1cc(C=O)ccc1Cl,CCOC(=O)CC(=O)C,C[Si](C)(C)Cl
1583,CCOC(=O)C1=C(C)N(CC=C)C(=O)NC1c2cccc(OCc3ccccn3)c2,0.6,0,N,0.0,NC(=O)NCC=C,O=Cc1cccc(OCc2ccccn2)c1,CCOC(=O)CC(=O)C,C[Si](C)(C)Cl
1584,CCOC(=O)C1=C(C)N(CC=C)C(=O)NC1c2cccc(c2)C(F)(F)F,0.6,1,N,14.17,NC(=O)NCC=C,FC(F)(F)c1cccc(C=O)c1,CCOC(=O)CC(=O)C,C[Si](C)(C)Cl
1585,CCOC(=O)C1=C(C)N(CC=C)C(=O)NC1c2cccs2,0.6,0,N,0.0,NC(=O)NCC=C,O=Cc1cccs1,CCOC(=O)CC(=O)C,C[Si](C)(C)Cl
1586,CCOC(=O)C1=C(C)N(CC=C)C(=O)NC1c2csc(Br)c2,0.6,1,N,22.5,NC(=O)NCC=C,Brc1cc(C=O)cs1,CCOC(=O)CC(=O)C,C[Si](C)(C)Cl
1587,CCOC(=O)C1=C(C)N(CCC(C)C)C(=O)NC1c2ccc(C#N)cc2,0.6,1,N,32.5,CC(C)CCNC(=O)N,O=Cc1ccc(C#N)cc1,CCOC(=O)CC(=O)C,C[Si](C)(C)Cl
1588,CCOC(=O)C1=C(C)N(CCC(C)C)C(=O)NC1c2cccs2,0.6,0,N,0.0,CC(C)CCNC(=O)N,O=Cc1cccs1,CCOC(=O)CC(=O)C,C[Si](C)(C)Cl
1589,CCOC(=O)C1=C(C)N(CCC(C)C)C(=O)NC1c2cccs2,0.6,0,N,0.0,CC(C)CCNC(=O)N,O=Cc1cccs1,CCOC(=O)CC(=O)C,C[Si](C)(C)Cl
1590,CCOC(=O)C1=C(C)N(CCC(C)C)C(=O)NC1c2ccsc2,0.6,1,N,4.33,CC(C)CCNC(=O)N,O=Cc1ccsc1,CCOC(=O)CC(=O)C,C[Si](C)(C)Cl
1591,CCOC(=O)C1=C(C)N(CCCC(=O)O)C(=O)NC1c2ccc(Cl)c(Cl)c2,0.6,1,N,68.33,NC(=O)NCCCC(=O)O,Clc1ccc(C=O)cc1Cl,CCOC(=O)CC(=O)C,C[Si](C)(C)Cl
1592,CCOC(=O)C1=C(C)N(CCCC(=O)O)C(=O)NC1c2ccc(Cl)cc2Cl,0.6,1,N,61.67,NC(=O)NCCCC(=O)O,Clc1ccc(C=O)c(Cl)c1,CCOC(=O)CC(=O)C,C[Si](C)(C)Cl
1593,CCOC(=O)C1=C(C)N(CCCCCC(=O)O)C(=O)NC1c2ccc(OC(F)(F)F)cc2,0.6,1,N,17.0,NC(=O)NCCCCCC(=O)O,FC(F)(F)Oc1ccc(C=O)cc1,CCOC(=O)CC(=O)C,C[Si](C)(C)Cl
1594,CCOC(=O)C1=C(C)N(CCCCCC(=O)OC)C(=S)NC1c2cnc(nc2)N3CCCC3,0.6,0,N,0.0,COC(=O)CCCCCNC(=S)N,O=Cc1cnc(nc1)N2CCCC2,CCOC(=O)CC(=O)C,C[Si](C)(C)Cl
1595,CCOC(=O)C1=C(C)N(CCCN(C)C)C(=S)NC1c2ccc(F)cc2,0.6,1,N,20.0,CN(C)CCCNC(=S)N,Fc1ccc(C=O)cc1,CCOC(=O)CC(=O)C,C[Si](C)(C)Cl
1596,CCOC(=O)C1=C(C)N(CCCN(C)C)C(=S)NC1c2ccc(cc2)C(=O)OC,0.6,0,N,0.0,CN(C)CCCNC(=S)N,COC(=O)c1ccc(C=O)cc1,CCOC(=O)CC(=O)C,C[Si](C)(C)Cl
1597,CCOC(=O)C1=C(C)N(CCCN(C)C)C(=S)NC1c2cccc(F)c2,0.6,1,N,18.5,CN(C)CCCNC(=S)N,Fc1cccc(C=O)c1,CCOC(=O)CC(=O)C,C[Si](C)(C)Cl
1598,CCOC(=O)C1=C(C)N(CCCN(C)C)C(=S)NC1c2ccccc2,0.6,0,N,0.0,CN(C)CCCNC(=S)N,O=Cc1ccccc1,CCOC(=O)CC(=O)C,C[Si](C)(C)Cl
1599,CCOC(=O)C1=C(C)N(CCCN(C)C)C(=S)NC1c2cccs2,0.6,0,N,0.0,CN(C)CCCNC(=S)N,O=Cc1cccs1,CCOC(=O)CC(=O)C,C[Si](C)(C)Cl
1600,CCOC(=O)C1=C(C)N(CCCOC)C(=O)NC1c2cccc(F)c2,0.6,0,N,0.0,COCCCNC(=O)N,Fc1cccc(C=O)c1,CCOC(=O)CC(=O)C,C[Si](C)(C)Cl
1601,CCOC(=O)C1=C(C)N(CCOC)C(=O)NC1c2c(F)cccc2F,0.6,1,N,27.67,COCCNC(=O)N,Fc1cccc(F)c1C=O,CCOC(=O)CC(=O)C,C[Si](C)(C)Cl
1602,CCOC(=O)C1=C(C)N(CCOC)C(=O)NC1c2ccc(Cl)c(c2)[N+](=O)[O-],0.6,1,N,1.17,COCCNC(=O)N,[O-][N+](=O)c1cc(C=O)ccc1Cl,CCOC(=O)CC(=O)C,C[Si](C)(C)Cl
1603,CCOC(=O)C1=C(C)N(CCOC)C(=O)NC1c2ccc(F)c(F)c2,0.6,1,N,19.17,COCCNC(=O)N,Fc1ccc(C=O)cc1F,CCOC(=O)CC(=O)C,C[Si](C)(C)Cl
1604,CCOC(=O)C1=C(C)N(CCOC)C(=O)NC1c2ccc(F)cc2,0.6,1,N,27.33,COCCNC(=O)N,Fc1ccc(C=O)cc1,CCOC(=O)CC(=O)C,C[Si](C)(C)Cl
1605,CCOC(=O)C1=C(C)N(CCOC)C(=O)NC1c2ccc(cc2)C(=O)OC,0.6,0,N,0.0,COCCNC(=O)N,COC(=O)c1ccc(C=O)cc1,CCOC(=O)CC(=O)C,C[Si](C)(C)Cl
1606,CCOC(=O)C1=C(C)N(CCOC)C(=O)NC1c2ccc(cc2)C(=O)OC,0.6,1,N,30.83,COCCNC(=O)N,COC(=O)c1ccc(C=O)cc1,CCOC(=O)CC(=O)C,C[Si](C)(C)Cl
1607,CCOC(=O)C1=C(C)N(CCOC)C(=O)NC1c2ccc(cc2)[N+](=O)[O-],0.6,1,N,75.0,COCCNC(=O)N,[O-][N+](=O)c1ccc(C=O)cc1,CCOC(=O)CC(=O)C,C[Si](C)(C)Cl
1608,CCOC(=O)C1=C(C)N(CCOC)C(=O)NC1c2cccc(C#N)c2,0.6,1,N,41.5,COCCNC(=O)N,O=Cc1cccc(C#N)c1,CCOC(=O)CC(=O)C,C[Si](C)(C)Cl
1609,CCOC(=O)C1=C(C)N(CCOC)C(=O)NC1c2cccc(F)c2,0.6,1,N,51.83,COCCNC(=O)N,Fc1cccc(C=O)c1,CCOC(=O)CC(=O)C,C[Si](C)(C)Cl
1610,CCOC(=O)C1=C(C)N(CCOC)C(=O)NC1c2ccccc2,0.6,1,N,36.67,COCCNC(=O)N,O=Cc1ccccc1,CCOC(=O)CC(=O)C,C[Si](C)(C)Cl
1611,CCOC(=O)C1=C(C)N(CCOC)C(=O)NC1c2ccccc2C(=O)OC,0.6,1,N,3.33,COCCNC(=O)N,COC(=O)c1ccccc1C=O,CCOC(=O)CC(=O)C,C[Si](C)(C)Cl
1612,CCOC(=O)C1=C(C)N(CCOC)C(=O)NC1c2cccs2,0.6,1,N,30.17,COCCNC(=O)N,O=Cc1cccs1,CCOC(=O)CC(=O)C,C[Si](C)(C)Cl
1613,CCOC(=O)C1=C(C)N(CCOC)C(=O)NC1c2ccsc2,0.6,1,N,8.33,COCCNC(=O)N,O=Cc1ccsc1,CCOC(=O)CC(=O)C,C[Si](C)(C)Cl
1614,CCOC(=O)C1=C(C)N(CCOC)C(=S)NC1c2ccc(Cl)cc2,0.6,1,N,73.5,COCCNC(=S)N,Clc1ccc(C=O)cc1,CCOC(=O)CC(=O)C,C[Si](C)(C)Cl
1615,CCOC(=O)C1=C(C)N(CCOC)C(=S)NC1c2ccccc2OC(F)F,0.6,0,N,0.0,COCCNC(=S)N,FC(F)Oc1ccccc1C=O,CCOC(=O)CC(=O)C,
1616,CCOC(=O)C1=C(C)N(CCc2cccs2)C(=O)NC1c3c(C)n[nH]c3C,0.6,1,N,14.83,NC(=O)NCCc1cccs1,Cc1n[nH]c(C)c1C=O,CCOC(=O)CC(=O)C,C[Si](C)(C)Cl
1617,CCOC(=O)C1=C(C)N(CCc2cccs2)C(=O)NC1c3ccccc3C(=O)OC,0.6,1,N,25.67,NC(=O)NCCc1cccs1,COC(=O)c1ccccc1C=O,CCOC(=O)CC(=O)C,C[Si](C)(C)Cl
1618,CCOC(=O)C1=C(C)N(Cc2ccc(C)cc2)C(=S)NC1c3ccc(OC)c(O)c3,0.6,0,N,0.0,Cc1ccc(CNC(=S)N)cc1,COc1ccc(C=O)cc1O,CCOC(=O)CC(=O)C,C[Si](C)(C)Cl
1619,CCOC(=O)C1=C(C)N(Cc2ccc(cc2)C(=O)O)C(=O)NC1c3ccccc3OC(F)F,0.6,1,N,61.83,NC(=O)NCc1ccc(cc1)C(=O)O,FC(F)Oc1ccccc1C=O,CCOC(=O)CC(=O)C,C[Si](C)(C)Cl
1620,CCOC(=O)C1=C(C)N(Cc2ccccc2)C(=O)NC1c3cc4OCOc4c(OC)c3,0.6,1,N,12.17,NC(=O)NCc1ccccc1,COc1cc(C=O)cc2OCOc21,CCOC(=O)CC(=O)C,C[Si](C)(C)Cl
1621,CCOC(=O)C1=C(C)N(Cc2ccccc2)C(=O)NC1c3cccc(OCc4ccccn4)c3,0.6,0,N,0.0,NC(=O)NCc1ccccc1,O=Cc1cccc(OCc2ccccn2)c1,CCOC(=O)CC(=O)C,C[Si](C)(C)Cl
1622,CCOC(=O)C1=C(C)N(Cc2ccccc2)C(=S)NC1c3ccc(Br)cc3,1.5,0,N,0.0,NC(=S)NCc1ccccc1,Brc1ccc(C=O)cc1,CCOC(=O)CC(=O)C,C[Si](C)(C)Cl
1623,CCOC(=O)C1=C(C)N(Cc2ccccc2)C(=S)NC1c3ccc(Br)cc3,1.2,0,N,0.0,NC(=S)NCc1ccccc1,Brc1ccc(C=O)cc1,CCOC(=O)CC(=O)C,C[Si](C)(C)Cl
1624,CCOC(=O)C1=C(C)N(Cc2ccccc2)C(=S)NC1c3ccc(OC)c(O)c3,0.6,0,N,0.0,NC(=S)NCc1ccccc1,COc1ccc(C=O)cc1O,CCOC(=O)CC(=O)C,C[Si](C)(C)Cl
1625,CCOC(=O)C1=C(C)N(Cc2cccnc2)C(=O)NC1c3ccc(Cl)c(c3)[N+](=O)[O-],0.6,1,N,8.67,NC(=O)NCc1cccnc1,[O-][N+](=O)c1cc(C=O)ccc1Cl,CCOC(=O)CC(=O)C,C[Si](C)(C)Cl
1626,CCOC(=O)C1=C(C)N(Cc2ccco2)C(=O)NC1c3cccs3,0.6,0,N,0.0,NC(=O)NCc1ccco1,O=Cc1cccs1,CCOC(=O)CC(=O)C,C[Si](C)(C)Cl
1627,CCOC(=O)C1=C(C)N(Cc2cccs2)C(=O)NC1c3c(F)cccc3F,0.6,1,N,41.5,NC(=O)NCc1cccs1,Fc1cccc(F)c1C=O,CCOC(=O)CC(=O)C,C[Si](C)(C)Cl
1628,CCOC(=O)C1=C(C)N(Cc2cccs2)C(=O)NC1c3cc(OC)c(O)c(OC)c3,0.6,0,N,0.0,NC(=O)NCc1cccs1,COc1cc(C=O)cc(OC)c1O,CCOC(=O)CC(=O)C,C[Si](C)(C)Cl
1629,CCOC(=O)C1=C(C)N(Cc2cccs2)C(=O)NC1c3cc(OC)c(OC)c(OC)c3,0.6,1,N,4.17,NC(=O)NCc1cccs1,COc1cc(C=O)cc(OC)c1OC,CCOC(=O)CC(=O)C,C[Si](C)(C)Cl
1630,CCOC(=O)C1=C(C)N(Cc2cccs2)C(=O)NC1c3ccc(F)cc3,0.6,1,N,13.5,NC(=O)NCc1cccs1,Fc1ccc(C=O)cc1,CCOC(=O)CC(=O)C,C[Si](C)(C)Cl
1631,CCOC(=O)C1=C(C)N(Cc2cccs2)C(=O)NC1c3cccc(C)c3,0.6,1,N,20.5,NC(=O)NCc1cccs1,Cc1cccc(C=O)c1,CCOC(=O)CC(=O)C,C[Si](C)(C)Cl
1632,CCOC(=O)C1=C(C)N(Cc2cccs2)C(=O)NC1c3cccc(F)c3,0.6,1,N,40.5,NC(=O)NCc1cccs1,Fc1cccc(C=O)c1,CCOC(=O)CC(=O)C,C[Si](C)(C)Cl
1633,CCOC(=O)C1=C(C)N(Cc2cccs2)C(=O)NC1c3ccccc3C(=O)OC,0.6,1,N,30.17,NC(=O)NCc1cccs1,COC(=O)c1ccccc1C=O,CCOC(=O)CC(=O)C,C[Si](C)(C)Cl
1634,CCOC(=O)C1=C(C)NC(=O)NC1c2c(Cl)cccc2Cl,0.6,1,N,0.0,NC(=O)N,Clc1cccc(Cl)c1C=O,CCOC(=O)CC(=O)C,
1635,CCOC(=O)C1=C(C)NC(=O)NC1c2cc(Br)ccc2OC,0.6,1,N,68.33,NC(=O)N,COc1ccc(Br)cc1C=O,CCOC(=O)CC(=O)C,C[Si](C)(C)Cl
1636,CCOC(=O)C1=C(C)NC(=O)NC1c2cc(Br)ccc2OC,0.6,0,N,0.0,NC(=O)N,COc1ccc(Br)cc1C=O,CCOC(=O)CC(=O)C,C[Si](C)(C)Cl
1637,CCOC(=O)C1=C(C)NC(=O)NC1c2cc(Br)cs2,0.6,1,N,71.67,NC(=O)N,Brc1csc(C=O)c1,CCOC(=O)CC(=O)C,C[Si](C)(C)Cl
1638,CCOC(=O)C1=C(C)NC(=O)NC1c2cc(C)ccc2C,0.6,1,N,0.0,NC(=O)N,Cc1ccc(C)c(C=O)c1,CCOC(=O)CC(=O)C,
1639,CCOC(=O)C1=C(C)NC(=O)NC1c2cc(OC)c(O)c(OC)c2,0.6,0,N,0.0,NC(=O)N,COc1cc(C=O)cc(OC)c1O,CCOC(=O)CC(=O)C,C[Si](C)(C)Cl
1640,CCOC(=O)C1=C(C)NC(=O)NC1c2ccc(Br)cc2,0.6,1,N,84.0,NC(=O)N,Brc1ccc(C=O)cc1,CCOC(=O)CC(=O)C,C[Si](C)(C)Cl
1641,CCOC(=O)C1=C(C)NC(=O)NC1c2ccc(C#N)cc2,0.6,0,N,0.0,NC(=O)N,O=Cc1ccc(C#N)cc1,CCOC(=O)CC(=O)C,
1642,CCOC(=O)C1=C(C)NC(=O)NC1c2ccc(C)cc2C,0.6,1,N,0.0,NC(=O)N,Cc1ccc(C=O)c(C)c1,CCOC(=O)CC(=O)C,
1643,CCOC(=O)C1=C(C)NC(=O)NC1c2ccc(Cl)c(Cl)c2,0.6,1,N,25.67,NC(=O)N,Clc1ccc(C=O)cc1Cl,CCOC(=O)CC(=O)C,C[Si](C)(C)Cl
1644,CCOC(=O)C1=C(C)NC(=O)NC1c2ccc(Cl)cc2Cl,0.6,1,N,0.0,NC(=O)N,Clc1ccc(C=O)c(Cl)c1,CCOC(=O)CC(=O)C,
1645,CCOC(=O)C1=C(C)NC(=O)NC1c2ccc(F)c(Br)c2,0.6,1,N,61.17,NC(=O)N,Fc1ccc(C=O)cc1Br,CCOC(=O)CC(=O)C,C[Si](C)(C)Cl
1646,CCOC(=O)C1=C(C)NC(=O)NC1c2ccc(F)c(F)c2,0.6,1,N,32.67,NC(=O)N,Fc1ccc(C=O)cc1F,CCOC(=O)CC(=O)C,C[Si](C)(C)Cl
1647,CCOC(=O)C1=C(C)NC(=O)NC1c2ccc(F)cc2,0.6,1,N,30.83,NC(=O)N,Fc1ccc(C=O)cc1,CCOC(=O)CC(=O)C,C[Si](C)(C)Cl
1648,CCOC(=O)C1=C(C)NC(=O)NC1c2ccc(F)cc2F,0.6,1,N,0.0,NC(=O)N,Fc1ccc(C=O)c(F)c1,CCOC(=O)CC(=O)C,
1649,CCOC(=O)C1=C(C)NC(=O)NC1c2ccc(OCc3ccc(Cl)cc3)c(OC)c2,0.6,1,N,0.0,NC(=O)N,COc1cc(C=O)ccc1OCc2ccc(Cl)cc2,CCOC(=O)CC(=O)C,
1650,CCOC(=O)C1=C(C)NC(=O)NC1c2ccc(OCc3ccc(Cl)cc3Cl)c(OC)c2,0.6,0,N,0.0,NC(=O)N,COc1cc(C=O)ccc1OCc2ccc(Cl)cc2Cl,CCOC(=O)CC(=O)C,
1651,CCOC(=O)C1=C(C)NC(=O)NC1c2ccc(OCc3ccc(cc3)C(=O)OC)c(OC)c2,0.6,1,N,0.0,NC(=O)N,COC(=O)c1ccc(COc2ccc(C=O)cc2OC)cc1,CCOC(=O)CC(=O)C,
1652,CCOC(=O)C1=C(C)NC(=O)NC1c2ccc(OCc3ccc(cc3)C(=O)OC)cc2,0.6,1,N,0.0,NC(=O)N,COC(=O)c1ccc(COc2ccc(C=O)cc2)cc1,CCOC(=O)CC(=O)C,
1653,CCOC(=O)C1=C(C)NC(=O)NC1c2ccc(OCc3ccccc3)cc2,0.6,1,N,0.0,NC(=O)N,O=Cc1ccc(OCc2ccccc2)cc1,CCOC(=O)CC(=O)C,
1654,CCOC(=O)C1=C(C)NC(=O)NC1c2ccc(OCc3ccccc3Cl)c(OC)c2,0.6,1,N,0.0,NC(=O)N,COc1cc(C=O)ccc1OCc2ccccc2Cl,CCOC(=O)CC(=O)C,
1655,CCOC(=O)C1=C(C)NC(=O)NC1c2ccc(SC)cc2,0.6,1,N,0.0,NC(=O)N,CSc1ccc(C=O)cc1,CCOC(=O)CC(=O)C,
1656,CCOC(=O)C1=C(C)NC(=O)NC1c2ccc(cc2)C(=O)OC,0.6,1,N,23.33,NC(=O)N,COC(=O)c1ccc(C=O)cc1,CCOC(=O)CC(=O)C,C[Si](C)(C)Cl
1657,CCOC(=O)C1=C(C)NC(=O)NC1c2ccc(cc2)N(CC)CC,0.6,1,N,19.67,NC(=O)N,CCN(CC)c1ccc(C=O)cc1,CCOC(=O)CC(=O)C,C[Si](C)(C)Cl
1658,CCOC(=O)C1=C(C)NC(=O)NC1c2ccc(cc2)n3cccn3,0.6,1,N,56.17,NC(=O)N,O=Cc1ccc(cc1)n2cccn2,CCOC(=O)CC(=O)C,C[Si](C)(C)Cl
1659,CCOC(=O)C1=C(C)NC(=O)NC1c2ccc(s2)c3ccccc3Cl,0.6,0,N,0.0,NC(=O)N,Clc1ccccc1c2ccc(C=O)s2,CCOC(=O)CC(=O)C,C[Si](C)(C)Cl
1660,CCOC(=O)C1=C(C)NC(=O)NC1c2cccc(Cl)c2Cl,0.6,1,N,81.17,NC(=O)N,Clc1cccc(C=O)c1Cl,CCOC(=O)CC(=O)C,C[Si](C)(C)Cl
1661,CCOC(=O)C1=C(C)NC(=O)NC1c2cccc(F)c2,0.6,1,N,69.83,NC(=O)N,Fc1cccc(C=O)c1,CCOC(=O)CC(=O)C,C[Si](C)(C)Cl
1662,CCOC(=O)C1=C(C)NC(=O)NC1c2cccc(OCc3ccccc3)c2,0.6,1,N,72.83,NC(=O)N,O=Cc1cccc(OCc2ccccc2)c1,CCOC(=O)CC(=O)C,C[Si](C)(C)Cl
1663,CCOC(=O)C1=C(C)NC(=O)NC1c2ccccc2Br,0.6,1,N,0.0,NC(=O)N,Brc1ccccc1C=O,CCOC(=O)CC(=O)C,
1664,CCOC(=O)C1=C(C)NC(=O)NC1c2ccccc2C(=O)OC,0.6,1,N,26.83,NC(=O)N,COC(=O)c1ccccc1C=O,CCOC(=O)CC(=O)C,C[Si](C)(C)Cl
1665,CCOC(=O)C1=C(C)NC(=O)NC1c2ccccc2C(F)(F)F,0.6,1,N,39.83,NC(=O)N,FC(F)(F)c1ccccc1C=O,CCOC(=O)CC(=O)C,C[Si](C)(C)Cl
1666,CCOC(=O)C1=C(C)NC(=O)NC1c2ccccc2F,0.6,1,N,0.0,NC(=O)N,Fc1ccccc1C=O,CCOC(=O)CC(=O)C,
1667,CCOC(=O)C1=C(C)NC(=O)NC1c2ccccc2OC(F)F,0.6,1,N,0.0,NC(=O)N,FC(F)Oc1ccccc1C=O,CCOC(=O)CC(=O)C,
1668,CCOC(=O)C1=C(C)NC(=O)NC1c2ccccc2[N+](=O)[O-],0.6,1,N,50.33,NC(=O)N,[O-][N+](=O)c1ccccc1C=O,CCOC(=O)CC(=O)C,C[Si](C)(C)Cl
1669,CCOC(=O)C1=C(C)NC(=O)NC1c2cccs2,0.6,1,N,74.33,NC(=O)N,O=Cc1cccs1,CCOC(=O)CC(=O)C,C[Si](C)(C)Cl
1670,CCOC(=O)C1=C(C)NC(=O)NC1c2ccsc2,0.6,1,N,31.5,NC(=O)N,O=Cc1ccsc1,CCOC(=O)CC(=O)C,C[Si](C)(C)Cl
1671,CCOC(=O)C1=C(C)NC(=S)NC1c2c(Br)cccc2[N+](=O)[O-],0.6,0,N,0.0,NC(=S)N,[O-][N+](=O)c1cccc(Br)c1C=O,CCOC(=O)CC(=O)C,C[Si](C)(C)Cl
1672,CCOC(=O)C1=C(C)NC(=S)NC1c2c(F)cccc2F,0.6,1,N,8.17,NC(=S)N,Fc1cccc(F)c1C=O,CCOC(=O)CC(=O)C,C[Si](C)(C)Cl
1673,CCOC(=O)C1=C(C)NC(=S)NC1c2cc(OC)c(O)c(OC)c2,0.6,1,N,74.33,NC(=S)N,COc1cc(C=O)cc(OC)c1O,CCOC(=O)CC(=O)C,C[Si](C)(C)Cl
1674,CCOC(=O)C1=C(C)NC(=S)NC1c2cc(OC)c(OC)c(OC)c2,0.6,1,N,62.0,NC(=S)N,COc1cc(C=O)cc(OC)c1OC,CCOC(=O)CC(=O)C,C[Si](C)(C)Cl
1675,CCOC(=O)C1=C(C)NC(=S)NC1c2cc3ccc(OC)cc3nc2Cl,1.0,0,N,0.0,NC(=S)N,COc1ccc2cc(C=O)c(Cl)nc2c1,CCOC(=O)CC(=O)C,
1676,CCOC(=O)C1=C(C)NC(=S)NC1c2ccc(C)o2,0.6,0,N,0.0,NC(=S)N,Cc1ccc(C=O)o1,CCOC(=O)CC(=O)C,C[Si](C)(C)Cl
1677,CCOC(=O)C1=C(C)NC(=S)NC1c2ccc(C)s2,0.6,0,N,0.0,NC(=S)N,Cc1ccc(C=O)s1,CCOC(=O)CC(=O)C,C[Si](C)(C)Cl
1678,CCOC(=O)C1=C(C)NC(=S)NC1c2ccc(C)s2,0.6,1,N,13.33,NC(=S)N,Cc1ccc(C=O)s1,CCOC(=O)CC(=O)C,C[Si](C)(C)Cl
1679,CCOC(=O)C1=C(C)NC(=S)NC1c2ccc(OC(C)C(=O)N(C)C)c(OCC)c2,0.6,1,N,53.33,NC(=S)N,CCOc1cc(C=O)ccc1OC(C)C(=O)N(C)C,CCOC(=O)CC(=O)C,C[Si](C)(C)Cl
1680,CCOC(=O)C1=C(C)NC(=S)NC1c2ccc(OC(F)F)c(OC)c2,0.6,1,N,0.0,NC(=S)N,COc1cc(C=O)ccc1OC(F)F,CCOC(=O)CC(=O)C,
1681,CCOC(=O)C1=C(C)NC(=S)NC1c2ccc(OC)c(OC)c2,0.6,0,N,0.0,NC(=S)N,COc1ccc(C=O)cc1OC,CCOC(=O)CC(=O)C,C[Si](C)(C)Cl
1682,CCOC(=O)C1=C(C)NC(=S)NC1c2ccc(OC)c(OC)c2OC,0.6,1,N,73.33,NC(=S)N,COc1ccc(C=O)c(OC)c1OC,CCOC(=O)CC(=O)C,C[Si](C)(C)Cl
1683,CCOC(=O)C1=C(C)NC(=S)NC1c2ccc(OC)c(OC)c2OC,0.6,0,N,0.0,NC(=S)N,COc1ccc(C=O)c(OC)c1OC,CCOC(=O)CC(=O)C,C[Si](C)(C)Cl
1684,CCOC(=O)C1=C(C)NC(=S)NC1c2ccc(OCC(=O)Nc3cccc(c3)C(F)(F)F)c(OC)c2,0.6,1,N,0.0,NC(=S)N,COc1cc(C=O)ccc1OCC(=O)Nc2cccc(c2)C(F)(F)F,CCOC(=O)CC(=O)C,
1685,CCOC(=O)C1=C(C)NC(=S)NC1c2ccc(OCc3c(C)cc(cc3C)C(C)(C)C)c(OC)c2,0.6,1,N,0.0,NC(=S)N,COc1cc(C=O)ccc1OCc2c(C)cc(cc2C)C(C)(C)C,CCOC(=O)CC(=O)C,
1686,CCOC(=O)C1=C(C)NC(=S)NC1c2ccc(OCc3ccc(cc3OC)C(=O)C)c(OC)c2,0.6,0,N,0.0,NC(=S)N,COc1cc(ccc1COc2ccc(C=O)cc2OC)C(=O)C,CCOC(=O)CC(=O)C,
1687,CCOC(=O)C1=C(C)NC(=S)NC1c2ccc(cc2)C(=O)O,0.6,1,N,34.17,NC(=S)N,OC(=O)c1ccc(C=O)cc1,CCOC(=O)CC(=O)C,C[Si](C)(C)Cl
1688,CCOC(=O)C1=C(C)NC(=S)NC1c2ccc(cc2)C(=O)OC,0.6,1,N,46.5,NC(=S)N,COC(=O)c1ccc(C=O)cc1,CCOC(=O)CC(=O)C,C[Si](C)(C)Cl
1689,CCOC(=O)C1=C(C)NC(=S)NC1c2ccc(cc2)N(C)CCC#N,0.6,1,N,21.17,NC(=S)N,CN(CCC#N)c1ccc(C=O)cc1,CCOC(=O)CC(=O)C,C[Si](C)(C)Cl
1690,CCOC(=O)C1=C(C)NC(=S)NC1c2ccc(cc2)N3CCOCC3,0.6,0,N,0.0,NC(=S)N,O=Cc1ccc(cc1)N2CCOCC2,CCOC(=O)CC(=O)C,C[Si](C)(C)Cl
1691,CCOC(=O)C1=C(C)NC(=S)NC1c2ccc(cc2)N3CCOCC3,0.6,0,N,0.0,NC(=S)N,O=Cc1ccc(cc1)N2CCOCC2,CCOC(=O)CC(=O)C,C[Si](C)(C)Cl
1692,CCOC(=O)C1=C(C)NC(=S)NC1c2cccc(F)c2,0.6,1,N,36.33,NC(=S)N,Fc1cccc(C=O)c1,CCOC(=O)CC(=O)C,C[Si](C)(C)Cl
1693,CCOC(=O)C1=C(C)NC(=S)NC1c2cccc(OC)c2,0.6,1,N,78.17,NC(=S)N,COc1cccc(C=O)c1,CCOC(=O)CC(=O)C,C[Si](C)(C)Cl
1694,CCOC(=O)C1=C(C)NC(=S)NC1c2cccc(OC)c2OC,0.6,1,N,68.67,NC(=S)N,COc1cccc(C=O)c1OC,CCOC(=O)CC(=O)C,C[Si](C)(C)Cl
1695,CCOC(=O)C1=C(C)NC(=S)NC1c2cccc(c2)[N+](=O)[O-],0.6,0,N,0.0,NC(=S)N,[O-][N+](=O)c1cccc(C=O)c1,CCOC(=O)CC(=O)C,C[Si](C)(C)Cl
1696,CCOC(=O)C1=C(C)NC(=S)NC1c2ccccc2C(=O)OC,0.6,1,N,25.33,NC(=S)N,COC(=O)c1ccccc1C=O,CCOC(=O)CC(=O)C,C[Si](C)(C)Cl
1697,CCOC(=O)C1=C(C)NC(=S)NC1c2ccccc2F,0.6,0,N,0.0,NC(=S)N,Fc1ccccc1C=O,CCOC(=O)CC(=O)C,C[Si](C)(C)Cl
1698,CCOC(=O)C1=C(C)NC(=S)NC1c2ccccc2F,0.6,0,N,0.0,NC(=S)N,Fc1ccccc1C=O,CCOC(=O)CC(=O)C,C[Si](C)(C)Cl
1699,CCOC(=O)C1=C(C)NC(=S)NC1c2ccccc2[N+](=O)[O-],0.6,1,N,34.17,NC(=S)N,[O-][N+](=O)c1ccccc1C=O,CCOC(=O)CC(=O)C,C[Si](C)(C)Cl
1700,CCOC(=O)C1=C(C)NC(=S)NC1c2ccsc2,0.6,1,N,60.17,NC(=S)N,O=Cc1ccsc1,CCOC(=O)CC(=O)C,C[Si](C)(C)Cl
1701,CCOC(=O)C1=C(C)NC(=S)NC1c2cnn(C)c2,0.6,1,N,30.0,NC(=S)N,Cn1cc(C=O)cn1,CCOC(=O)CC(=O)C,C[Si](C)(C)Cl
1702,CCOC(=O)C1=C(C)NC(=S)NC1c2cnn(n2)c3ccccc3,0.6,1,N,7.83,NC(=S)N,O=Cc1cnn(n1)c2ccccc2,CCOC(=O)CC(=O)C,C[Si](C)(C)Cl
1703,CCOC(=O)C1=C(C)NC(=S)NC1c2sccc2C,0.6,0,N,0.0,NC(=S)N,Cc1ccsc1C=O,CCOC(=O)CC(=O)C,C[Si](C)(C)Cl
1704,CCOC(=O)C1=C(C)NC(=S)NC1c2sccc2C,0.6,1,N,15.83,NC(=S)N,Cc1ccsc1C=O,CCOC(=O)CC(=O)C,C[Si](C)(C)Cl
1705,CCOC(=O)C1=C(N(C(=S)NC1c2csc(C)n2)c3ccc(Cl)cc3)c4cccnc4,0.6,0,N,0.0,NC(=S)Nc1ccc(Cl)cc1,Cc1nc(C=O)cs1,Cl.CCOC(=O)CC(=O)c1cccnc1,C[Si](C)(C)Cl
1706,CCOC(=O)C1=C(N(Cc2ccc(C)cc2)C(=S)NC1c3ccccc3F)c4[nH]c(C)c(C(=O)OCC)c4C,0.6,0,N,0.0,Cc1ccc(CNC(=S)N)cc1,Fc1ccccc1C=O,CCOC(=O)CC(=O)c1[nH]c(C)c(C(=O)OCC)c1C,C[Si](C)(C)Cl
1707,CCOC(=O)C1=C(N(Cc2ccc(C)cc2)C(=S)NC1c3ccccc3F)c4[nH]c(C)c(C(=O)OCC)c4C,0.6,0,N,0.0,Cc1ccc(CNC(=S)N)cc1,Fc1ccccc1C=O,CCOC(=O)CC(=O)c1[nH]c(C)c(C(=O)OCC)c1C,
1708,CCOC(=O)C1=C(NC(=O)NC1c2ccc(Cl)cc2)c3ccc(cc3)[N+](=O)[O-],0.6,1,N,8.5,NC(=O)N,Clc1ccc(C=O)cc1,CCOC(=O)CC(=O)c1ccc(cc1)[N+](=O)[O-],C[Si](C)(C)Cl
1709,CCOC(=O)C1=C(NC(=O)NC1c2ccc(Cl)cc2)c3ccc(cc3)[N+](=O)[O-],0.6,1,N,70.0,NC(=O)N,Clc1ccc(C=O)cc1,CCOC(=O)CC(=O)c1ccc(cc1)[N+](=O)[O-],C[Si](C)(C)Cl
1710,CCOC(=O)C1=C(NC(=O)NC1c2ccccc2Cl)c3ccccc3,1.0,0,N,0.0,NC(=O)N,Clc1ccccc1C=O,CCOC(=O)CC(=O)c1ccccc1,C[Si](C)(C)Cl
1711,CCOC(=O)C1=C(NC(=O)NC1c2ccccc2Cl)c3ccccc3,0.6,0,N,0.0,NC(=O)N,Clc1ccccc1C=O,CCOC(=O)CC(=O)c1ccccc1,C[Si](C)(C)Cl
1712,CCOC(=O)C1=C(NC(=S)NC1c2c(F)cccc2F)c3[nH]c(C)c(C(=O)OCC)c3C,0.6,0,N,0.0,NC(=S)N,Fc1cccc(F)c1C=O,CCOC(=O)CC(=O)c1[nH]c(C)c(C(=O)OCC)c1C,
1713,CCOC(=O)C1=C(NC(=S)NC1c2ccc(Cl)c(c2)[N+](=O)[O-])c3[nH]c(C)c(C(=O)OCC)c3C,0.6,0,N,0.0,NC(=S)N,[O-][N+](=O)c1cc(C=O)ccc1Cl,CCOC(=O)CC(=O)c1[nH]c(C)c(C(=O)OCC)c1C,
1714,CCOC(=O)C1=C(NC(=S)NC1c2ccc(Cl)cc2)c3[nH]c(C)c(C(=O)OCC)c3C,0.6,1,N,0.0,NC(=S)N,Clc1ccc(C=O)cc1,CCOC(=O)CC(=O)c1[nH]c(C)c(C(=O)OCC)c1C,
1715,CCOC(=O)C1=C(NC(=S)NC1c2ccc(OC)c(OC)c2)c3[nH]c(C)c(C(=O)OCC)c3C,0.6,1,N,0.0,NC(=S)N,COc1ccc(C=O)cc1OC,CCOC(=O)CC(=O)c1[nH]c(C)c(C(=O)OCC)c1C,
1716,CCOC(=O)C1=C(NC(=S)NC1c2ccc(cc2)C(C)(C)C)c3ccccc3,0.6,0,N,0.0,NC(=S)N,CC(C)(C)c1ccc(C=O)cc1,CCOC(=O)CC(=O)c1ccccc1,C[Si](C)(C)Cl
1717,CCOC(=O)C1=C(NC(=S)NC1c2ccsc2)c3[nH]c(C)c(C(=O)OCC)c3C,0.6,0,N,0.0,NC(=S)N,O=Cc1ccsc1,CCOC(=O)CC(=O)c1[nH]c(C)c(C(=O)OCC)c1C,
1718,CCOC(=O)c1c(C)c(C)sc1NC(=O)C2=C(C)N(C(=S)NC2c3c(F)cccc3Cl)c4ccccc4,0.6,0,N,0.0,NC(=S)Nc1ccccc1,Fc1cccc(Cl)c1C=O,CCOC(=O)c1c(C)c(C)sc1NC(=O)CC(=O)C,
1719,CCOC(=O)c1c(C)c(C)sc1NC(=O)C2=C(C)N(C(=S)NC2c3cccc(F)c3)c4ccccc4,0.6,1,N,87.33,NC(=S)Nc1ccccc1,Fc1cccc(C=O)c1,CCOC(=O)c1c(C)c(C)sc1NC(=O)CC(=O)C,
1720,CCOC(=O)c1c(C)c(C)sc1NC(=O)C2=C(C)N(C(=S)NC2c3ccccc3Cl)c4ccccc4,0.6,1,N,16.0,NC(=S)Nc1ccccc1,Clc1ccccc1C=O,CCOC(=O)c1c(C)c(C)sc1NC(=O)CC(=O)C,
1721,CCOC(=O)c1c(C)c(C)sc1NC(=O)C2=C(C)NC(=O)NC2c3ccccc3[N+](=O)[O-],0.6,1,N,65.33,NC(=O)N,[O-][N+](=O)c1ccccc1C=O,CCOC(=O)c1c(C)c(C)sc1NC(=O)CC(=O)C,
1722,CCOC(=O)c1c(C)c(C)sc1NC(=O)C2=C(C)NC(=S)NC2c3cc4ccccc4nc3O,0.6,1,N,79.17,NC(=S)N,Oc1nc2ccccc2cc1C=O,CCOC(=O)c1c(C)c(C)sc1NC(=O)CC(=O)C,C[Si](C)(C)Cl
1723,CCOC(=O)c1c(C)c(C)sc1NC(=O)C2=C(C)NC(=S)NC2c3ccc(CC)cc3,0.6,1,N,76.67,NC(=S)N,CCc1ccc(C=O)cc1,CCOC(=O)c1c(C)c(C)sc1NC(=O)CC(=O)C,
1724,CCOC(=O)c1c(C)c(C)sc1NC(=O)C2=C(C)NC(=S)NC2c3ccc(F)cc3F,0.6,1,N,82.5,NC(=S)N,Fc1ccc(C=O)c(F)c1,CCOC(=O)c1c(C)c(C)sc1NC(=O)CC(=O)C,
1725,CCOC(=O)c1c(C)c(C)sc1NC(=O)C2=C(C)NC(=S)NC2c3ccc(cc3)n4cncn4,0.6,1,N,70.83,NC(=S)N,O=Cc1ccc(cc1)n2cncn2,CCOC(=O)c1c(C)c(C)sc1NC(=O)CC(=O)C,C[Si](C)(C)Cl
1726,CCOC(=O)c1c(C)c(C)sc1NC(=O)C2=C(C)NC(=S)NC2c3ccccc3C(F)(F)F,0.6,1,N,56.0,NC(=S)N,FC(F)(F)c1ccccc1C=O,CCOC(=O)c1c(C)c(C)sc1NC(=O)CC(=O)C,
1727,CCOC(=O)c1c(C)c(C)sc1NC(=O)C2=C(C)NC(=S)NC2c3cccs3,0.6,1,N,100.0,NC(=S)N,O=Cc1cccs1,CCOC(=O)c1c(C)c(C)sc1NC(=O)CC(=O)C,C[Si](C)(C)Cl
1728,CCOC(=O)c1c(sc2CCCCc12)N3C(=C(C(NC3=S)c4ccccc4F)C(=O)OCCOC)C,0.6,1,N,40.33,CCOC(=O)c1c(NC(=S)N)sc2CCCCc12,Fc1ccccc1C=O,COCCOC(=O)CC(=O)C,
1729,CCOCCCN1C(=C(C(NC1=S)c2c(F)cccc2F)C(=O)Nc3cc(C)on3)C,0.6,1,N,46.5,CCOCCCNC(=S)N,Fc1cccc(F)c1C=O,CC(=O)CC(=O)Nc1cc(C)on1,C[Si](C)(C)Cl
1730,CCOCCCN1C(=C(C(NC1=S)c2cc(Br)cs2)C(=O)N(C)C)C,0.6,0,N,0.0,CCOCCCNC(=S)N,Brc1csc(C=O)c1,CN(C)C(=O)CC(=O)C,C[Si](C)(C)Cl
1731,CCOCCCN1C(=C(C(NC1=S)c2cc(C#N)n(C)c2C)C(=O)Nc3cccc(Cl)c3)C,0.6,0,N,0.0,CCOCCCNC(=S)N,Cc1c(C=O)cc(C#N)n1C,CC(=O)CC(=O)Nc1cccc(Cl)c1,C[Si](C)(C)Cl
1732,CCOCCCN1C(=C(C(NC1=S)c2cc(C#N)n(C)c2C)C(=O)OC)C,0.6,0,N,0.0,CCOCCCNC(=S)N,Cc1c(C=O)cc(C#N)n1C,COC(=O)CC(=O)C,C[Si](C)(C)Cl
1733,CCOCCCN1C(=C(C(NC1=S)c2cc(C#N)n(C)c2C)C(=O)OCC)C,0.6,0,N,0.0,CCOCCCNC(=S)N,Cc1c(C=O)cc(C#N)n1C,CCOC(=O)CC(=O)C,C[Si](C)(C)Cl
1734,CCOCCCN1C(=C(C(NC1=S)c2cc3OCOc3c(OC)c2)C(=O)Nc4ccccc4)C,0.6,0,N,0.0,CCOCCCNC(=S)N,COc1cc(C=O)cc2OCOc21,CC(=O)CC(=O)Nc1ccccc1,C[Si](C)(C)Cl
1735,CCOCCCN1C(=C(C(NC1=S)c2ccc(Br)s2)C(=O)N(C)C)C,0.6,0,N,0.0,CCOCCCNC(=S)N,Brc1ccc(C=O)s1,CN(C)C(=O)CC(=O)C,C[Si](C)(C)Cl
1736,CCOCCCN1C(=C(C(NC1=S)c2ccc(F)cc2F)C(=O)Nc3cc(C)on3)C,0.6,1,N,64.0,CCOCCCNC(=S)N,Fc1ccc(C=O)c(F)c1,CC(=O)CC(=O)Nc1cc(C)on1,C[Si](C)(C)Cl
1737,CCOCCCN1C(=C(C(NC1=S)c2cccc(Br)c2)C(=O)Nc3cc(C)on3)C,0.6,1,N,50.83,CCOCCCNC(=S)N,Brc1cccc(C=O)c1,CC(=O)CC(=O)Nc1cc(C)on1,C[Si](C)(C)Cl
1738,CCOCCCN1C(=C(C(NC1=S)c2cccc(F)c2)C(=O)Nc3cc(C)on3)C,0.6,1,N,59.33,CCOCCCNC(=S)N,Fc1cccc(C=O)c1,CC(=O)CC(=O)Nc1cc(C)on1,C[Si](C)(C)Cl
1739,CCOCCCN1C(=C(C(NC1=S)c2ccccc2)C(=O)N(C)C)C,0.6,0,N,0.0,CCOCCCNC(=S)N,O=Cc1ccccc1,CN(C)C(=O)CC(=O)C,C[Si](C)(C)Cl
1740,CCOCCCN1C(=C(C(NC1=S)c2ccsc2)C(=O)Nc3ccc(OC)cc3OC)C,0.6,0,N,0.0,CCOCCCNC(=S)N,O=Cc1ccsc1,COc1ccc(NC(=O)CC(=O)C)c(OC)c1,C[Si](C)(C)Cl
1741,CCOCCCN1C(=C(C(NC1=S)c2ccsc2)C(=O)OCC)C,0.6,0,N,0.0,CCOCCCNC(=S)N,O=Cc1ccsc1,CCOC(=O)CC(=O)C,C[Si](C)(C)Cl
1742,CCOc1cc(cc(Br)c1O)C2NC(=S)NC(=C2C(=O)N(CC)CC)C,0.6,1,N,52.0,NC(=S)N,CCOc1cc(C=O)cc(Br)c1O,CCN(CC)C(=O)CC(=O)C,C[Si](C)(C)Cl
1743,CCOc1cc(cc(Br)c1O)C2NC(=S)NC(=C2C(=O)N3CCOCC3)C,0.6,0,N,0.0,NC(=S)N,CCOc1cc(C=O)cc(Br)c1O,CC(=O)CC(=O)N1CCOCC1,C[Si](C)(C)Cl
1744,CCOc1cc(cc(Cl)c1O)C2NC(=S)NC(=C2C(=O)N(CC)CC)C,0.6,0,N,0.0,NC(=S)N,CCOc1cc(C=O)cc(Cl)c1O,CCN(CC)C(=O)CC(=O)C,C[Si](C)(C)Cl
1745,CCOc1cc(ccc1O)C2N(C)C(=O)N(C(=C2C(=O)OC)C)c3ccc(cc3)[N+](=O)[O-],0.6,0,N,0.0,CNC(=O)Nc1ccc(cc1)[N+](=O)[O-],CCOc1cc(C=O)ccc1O,COC(=O)CC(=O)C,C[Si](C)(C)Cl
1746,CCOc1cc(ccc1O)C2N(C)C(=O)N(C(=C2C(=O)OC)C)c3cccc(c3)[N+](=O)[O-],0.6,1,N,24.83,CNC(=O)Nc1cccc(c1)[N+](=O)[O-],CCOc1cc(C=O)ccc1O,COC(=O)CC(=O)C,C[Si](C)(C)Cl
1747,CCOc1cc(ccc1O)C2NC(=O)N(C3CC3)C(=C2C(=O)OC)C,0.6,1,N,21.83,NC(=O)NC1CC1,CCOc1cc(C=O)ccc1O,COC(=O)CC(=O)C,C[Si](C)(C)Cl
1748,CCOc1cc(ccc1O)C2NC(=O)N(CC)C(=C2C(=O)OC)C,0.6,0,N,0.0,CCNC(=O)N,CCOc1cc(C=O)ccc1O,COC(=O)CC(=O)C,C[Si](C)(C)Cl
1749,CCOc1cc(ccc1O)C2NC(=O)NC(=C2C(=O)OC)C,0.6,0,N,0.0,NC(=O)N,CCOc1cc(C=O)ccc1O,COC(=O)CC(=O)C,C[Si](C)(C)Cl
1750,CCOc1cc(ccc1O)C2NC(=S)N(C(=C2C(=O)N(C)C)C)c3ccc(C)c(F)c3,0.6,1,N,33.0,Cc1ccc(NC(=S)N)cc1F,CCOc1cc(C=O)ccc1O,CN(C)C(=O)CC(=O)C,C[Si](C)(C)Cl
1751,CCOc1cc(ccc1O)C2NC(=S)N(C(=C2C(=O)N(C)C)C)c3cccc(c3)C(F)(F)F,0.6,0,N,0.0,NC(=S)Nc1cccc(c1)C(F)(F)F,CCOc1cc(C=O)ccc1O,CN(C)C(=O)CC(=O)C,C[Si](C)(C)Cl
1752,CCOc1cc(ccc1O)C2NC(=S)N(C(=C2C(=O)N(C)C)C)c3cccc(c3)C(F)(F)F,0.6,1,N,21.67,NC(=S)Nc1cccc(c1)C(F)(F)F,CCOc1cc(C=O)ccc1O,CN(C)C(=O)CC(=O)C,C[Si](C)(C)Cl
1753,CCOc1cc(ccc1O)C2NC(=S)N(C(=C2C(=O)Nc3cc(C)on3)C)c4ccccc4OC,0.6,1,N,10.0,COc1ccccc1NC(=S)N,CCOc1cc(C=O)ccc1O,CC(=O)CC(=O)Nc1cc(C)on1,C[Si](C)(C)Cl
1754,CCOc1cc(ccc1O)C2NC(=S)N(C(=C2C(=O)Nc3cc(C)on3)C)c4ccccc4OC,0.6,0,N,0.0,COc1ccccc1NC(=S)N,CCOc1cc(C=O)ccc1O,CC(=O)CC(=O)Nc1cc(C)on1,C[Si](C)(C)Cl
1755,CCOc1cc(ccc1O)C2NC(=S)N(C(=C2C(=O)Nc3ccccc3)C)c4ccccc4,0.6,0,N,0.0,NC(=S)Nc1ccccc1,CCOc1cc(C=O)ccc1O,CC(=O)CC(=O)Nc1ccccc1,C[Si](C)(C)Cl
1756,CCOc1cc(ccc1O)C2NC(=S)N(C(=C2C(=O)OC)C)c3ccc(C)c(F)c3,0.6,1,N,53.17,Cc1ccc(NC(=S)N)cc1F,CCOc1cc(C=O)ccc1O,COC(=O)CC(=O)C,C[Si](C)(C)Cl
1757,CCOc1cc(ccc1O)C2NC(=S)N(C(=C2C(=O)OC)C)c3ccc(F)c(Cl)c3,0.6,1,N,91.83,NC(=S)Nc1ccc(F)c(Cl)c1,CCOc1cc(C=O)ccc1O,COC(=O)CC(=O)C,C[Si](C)(C)Cl
1758,CCOc1cc(ccc1O)C2NC(=S)N(C(=C2C(=O)OC)C)c3ccc4OCCOc4c3,0.6,1,N,67.83,NC(=S)Nc1ccc2OCCOc2c1,CCOc1cc(C=O)ccc1O,COC(=O)CC(=O)C,C[Si](C)(C)Cl
1759,CCOc1cc(ccc1O)C2NC(=S)N(C(=C2C(=O)OC)C)c3cccc(c3)C(F)(F)F,0.6,1,N,52.17,NC(=S)Nc1cccc(c1)C(F)(F)F,CCOc1cc(C=O)ccc1O,COC(=O)CC(=O)C,C[Si](C)(C)Cl
1760,CCOc1cc(ccc1O)C2NC(=S)NC(=C2C(=O)Nc3ccc(C)cc3C)C,0.6,0,N,0.0,CC(=O)CC(=O)Nc1ccc(C)cc1C,CCOc1cc(C=O)ccc1O,NC(=S)N,
1761,CCOc1cc(ccc1OC)C2NC(=S)N(C(=C2C(=O)OC)C)c3ccc4OCCOc4c3,0.6,1,N,89.17,NC(=S)Nc1ccc2OCCOc2c1,CCOc1cc(C=O)ccc1OC,COC(=O)CC(=O)C,C[Si](C)(C)Cl
1762,CCOc1cc(ccc1OCC(=O)N(C)C)C2NC(=S)NC(=C2C(=O)OC)C,0.6,1,N,67.67,NC(=S)N,CCOc1cc(C=O)ccc1OCC(=O)N(C)C,COC(=O)CC(=O)C,C[Si](C)(C)Cl
1763,CCOc1ccc(NC(=O)C2=C(C)N(C(=S)NC2c3ccc(C)cc3)c4ccccn4)cc1,0.6,0,N,0.0,NC(=S)Nc1ccccn1,Cc1ccc(C=O)cc1,CCOc1ccc(NC(=O)CC(=O)C)cc1,C[Si](C)(C)Cl
1764,CCOc1ccc(cc1)C2NC(=O)NC(=C2C(=O)N(C)C)C,0.6,0,N,0.0,NC(=O)N,CCOc1ccc(C=O)cc1,CN(C)C(=O)CC(=O)C,C[Si](C)(C)Cl
1765,CCOc1ccc(cc1)C2NC(=O)NC(=C2C(=O)N(C)C)C,1.0,1,N,0.0,NC(=O)N,CCOc1ccc(C=O)cc1,CN(C)C(=O)CC(=O)C,
1766,CCOc1ccc(cc1)C2NC(=O)NC(=C2C(=O)N(C)C)C,0.6,0,N,0.0,NC(=O)N,CCOc1ccc(C=O)cc1,CN(C)C(=O)CC(=O)C,C[Si](C)(C)Cl
1767,CCOc1ccc(cc1)C2NC(=O)NC(=C2C(=O)N(C)C)C,0.6,0,N,0.0,NC(=O)N,CCOc1ccc(C=O)cc1,CN(C)C(=O)CC(=O)C,C[Si](C)(C)Cl
1768,CCOc1ccc(cc1)C2NC(=O)NC(=C2C(=O)N3CCOCC3)C,0.6,0,N,0.0,NC(=O)N,CCOc1ccc(C=O)cc1,CC(=O)CC(=O)N1CCOCC1,
1769,CCOc1ccc(cc1)C2NC(=O)NC(=C2C(=O)Nc3ccc(Br)cc3)C,0.6,0,N,0.0,NC(=O)N,CCOc1ccc(C=O)cc1,CC(=O)CC(=O)Nc1ccc(Br)cc1,
1770,CCOc1ccc(cc1)C2NC(=O)NC(=C2C(=O)Nc3ccccc3)C,1.0,0,N,0.0,NC(=O)N,CCOc1ccc(C=O)cc1,CC(=O)CC(=O)Nc1ccccc1,
1771,CCOc1ccc(cc1)C2NC(=O)NC(=C2C(=O)c3ccc(Cl)cc3)C,0.6,0,N,0.0,NC(=O)N,CCOc1ccc(C=O)cc1,CC(=O)CC(=O)c1ccc(Cl)cc1,
1772,CCOc1ccc(cc1)C2NC(=O)NC(=C2C(=O)c3ccccc3)C,0.6,0,N,0.0,NC(=O)N,CCOc1ccc(C=O)cc1,CC(=O)CC(=O)c1ccccc1,
1773,CCOc1ccc(cc1)C2NC(=S)NC(=C2C(=O)Nc3ccccc3)C,0.6,1,N,65.67,NC(=S)N,CCOc1ccc(C=O)cc1,CC(=O)CC(=O)Nc1ccccc1,C[Si](C)(C)Cl
1774,CCOc1ccc(cc1)C2NC(=S)NC(=C2C(=O)OC)C,0.6,1,N,68.0,NC(=S)N,CCOc1ccc(C=O)cc1,COC(=O)CC(=O)C,C[Si](C)(C)Cl
1775,CCOc1ccc(cc1)C2NC(=S)NC(=C2C(=O)OCCOC)C,0.6,1,N,0.0,NC(=S)N,CCOc1ccc(C=O)cc1,COCCOC(=O)CC(=O)C,
1776,CCOc1ccc(cc1)N2C(=C(C(NC2=S)c3ccc(cc3)c4ccccc4)C(=O)Nc5cc(Cl)ccc5OC)C,0.6,0,N,0.0,CCOc1ccc(NC(=S)N)cc1,O=Cc1ccc(cc1)c2ccccc2,COc1ccc(Cl)cc1NC(=O)CC(=O)C,
1777,CCOc1ccc(cc1)N2C(=C(C(NC2=S)c3ccc(cc3)c4ccccc4)C(=O)Nc5ccccc5C(C)C)C,0.6,1,N,65.0,CCOc1ccc(NC(=S)N)cc1,O=Cc1ccc(cc1)c2ccccc2,CC(C)c1ccccc1NC(=O)CC(=O)C,
1778,CCOc1ccc(cc1OC)C2NC(=O)NC(=C2C(=O)Nc3ccc(OC)cc3)C,0.6,0,N,0.0,NC(=O)N,CCOc1ccc(C=O)cc1OC,COc1ccc(NC(=O)CC(=O)C)cc1,
1779,CCOc1ccc(cc1OC)C2NC(=O)NC(=C2C(=O)Nc3ccc(cc3)[N+](=O)[O-])C,0.6,0,N,0.0,NC(=O)N,CCOc1ccc(C=O)cc1OC,CC(=O)CC(=O)Nc1ccc(cc1)[N+](=O)[O-],
1780,CCOc1ccc(cc1OC)C2NC(=O)NC(=C2C(=O)Nc3cccc(c3)C(F)(F)F)C,0.6,0,N,0.0,NC(=O)N,CCOc1ccc(C=O)cc1OC,CC(=O)CC(=O)Nc1cccc(c1)C(F)(F)F,
1781,CCOc1ccc(cc1OC)C2NC(=O)NC(=C2C(=O)Nc3cccc(c3)[N+](=O)[O-])C,0.6,0,N,0.0,NC(=O)N,CCOc1ccc(C=O)cc1OC,CC(=O)CC(=O)Nc1cccc(c1)[N+](=O)[O-],
1782,CCOc1ccc(cc1OC)C2NC(=O)NC(=C2C(=O)Nc3ccccc3)C,0.6,0,N,0.0,NC(=O)N,CCOc1ccc(C=O)cc1OC,CC(=O)CC(=O)Nc1ccccc1,
1783,CCOc1ccc(cc1OC)C2NC(=O)NC(=C2C(=O)Nc3ccccc3C(F)(F)F)C,0.6,0,N,0.0,NC(=O)N,CCOc1ccc(C=O)cc1OC,CC(=O)CC(=O)Nc1ccccc1C(F)(F)F,
1784,CCOc1ccc(cc1OC)C2NC(=O)NC(=C2C(=O)c3ccccc3)C,0.6,0,N,0.0,NC(=O)N,CCOc1ccc(C=O)cc1OC,CC(=O)CC(=O)c1ccccc1,
1785,CCOc1ccc2ccccc2c1C3NC(=O)NC(=C3C(=O)OCCOC)C,0.6,1,N,68.33,NC(=O)N,CCOc1ccc2ccccc2c1C=O,COCCOC(=O)CC(=O)C,C[Si](C)(C)Cl
1786,CCOc1cccc(C2NC(=S)N(C(=C2C(=O)Nc3cc(C)on3)C)c4ccccc4)c1OC,0.6,1,N,60.0,NC(=S)Nc1ccccc1,CCOc1cccc(C=O)c1OC,CC(=O)CC(=O)Nc1cc(C)on1,C[Si](C)(C)Cl
1787,CCOc1cccc(C2NC(=S)N(C(=C2C(=O)OC)C)c3ccc4OCCOc4c3)c1OC,0.6,1,N,90.17,NC(=S)Nc1ccc2OCCOc2c1,CCOc1cccc(C=O)c1OC,COC(=O)CC(=O)C,C[Si](C)(C)Cl
1788,CCOc1ccccc1C2NC(=O)NC(=C2C(=O)c3ccccc3)C,0.6,1,N,0.0,NC(=O)N,CCOc1ccccc1C=O,CC(=O)CC(=O)c1ccccc1,
1789,CCOc1ccccc1C2NC(=S)N(C(=C2C(=O)N(CC)CC)C)c3ccccc3,0.6,0,N,0.0,NC(=S)Nc1ccccc1,CCOc1ccccc1C=O,CCN(CC)C(=O)CC(=O)C,C[Si](C)(C)Cl
1790,CCOc1ccccc1C2NC(=S)N(C(=C2C(=O)Nc3cc(C)on3)C)c4ccc(OC)cc4,0.6,0,N,0.0,COc1ccc(NC(=S)N)cc1,CCOc1ccccc1C=O,CC(=O)CC(=O)Nc1cc(C)on1,C[Si](C)(C)Cl
1791,CCOc1ccccc1C2NC(=S)N(C(=C2C(=O)Nc3cc(C)on3)C)c4ccccc4,0.6,1,N,53.33,NC(=S)Nc1ccccc1,CCOc1ccccc1C=O,CC(=O)CC(=O)Nc1cc(C)on1,C[Si](C)(C)Cl
1792,CCOc1ccccc1C2NC(=S)N(C(=C2C(=O)Nc3cc(C)on3)C)c4ccccc4OC,0.6,1,N,61.83,COc1ccccc1NC(=S)N,CCOc1ccccc1C=O,CC(=O)CC(=O)Nc1cc(C)on1,C[Si](C)(C)Cl
1793,CCOc1ccccc1C2NC(=S)N(Cc3ccc(C)cc3)C(=C2C(=O)N4CCOCC4)C,0.6,0,N,0.0,Cc1ccc(CNC(=S)N)cc1,CCOc1ccccc1C=O,CC(=O)CC(=O)N1CCOCC1,C[Si](C)(C)Cl
1794,CCOc1ccccc1C2NC(=S)NC(=C2C(=O)N(CC)CC)C,0.6,1,N,0.0,NC(=S)N,CCOc1ccccc1C=O,CCN(CC)C(=O)CC(=O)C,
1795,CCOc1ccccc1C2NC(=S)NC(=C2C(=O)OC)C,0.6,1,N,22.0,NC(=S)N,CCOc1ccccc1C=O,COC(=O)CC(=O)C,C[Si](C)(C)Cl
1796,CCOc1ccccc1C2NC(=S)NC(=C2C(=O)c3ccccc3)C,0.6,0,N,0.0,NC(=S)N,CCOc1ccccc1C=O,CC(=O)CC(=O)c1ccccc1,
1797,CCc1ccc(cc1)C2NC(=O)N(C)C(=C2C(=O)N3CCOCC3)C,0.6,0,N,0.0,CNC(=O)N,CCc1ccc(C=O)cc1,CC(=O)CC(=O)N1CCOCC1,C[Si](C)(C)Cl
1798,CCc1ccc(cc1)C2NC(=O)N(C)C(=C2C(=O)OC)C,0.6,1,N,35.0,CNC(=O)N,CCc1ccc(C=O)cc1,COC(=O)CC(=O)C,C[Si](C)(C)Cl
1799,CCc1ccc(cc1)C2NC(=O)N(C3CC3)C(=C2C(=O)OC)C,0.6,1,N,71.5,NC(=O)NC1CC1,CCc1ccc(C=O)cc1,COC(=O)CC(=O)C,C[Si](C)(C)Cl
1800,CCc1ccc(cc1)C2NC(=O)N(CCOC)C(=C2C(=O)OC)C,0.6,1,N,9.17,COCCNC(=O)N,CCc1ccc(C=O)cc1,COC(=O)CC(=O)C,C[Si](C)(C)Cl
1801,CCc1ccc(cc1)C2NC(=O)N(CCOC)C(=C2C(=O)OC)C,0.6,0,N,0.0,COCCNC(=O)N,CCc1ccc(C=O)cc1,COC(=O)CC(=O)C,C[Si](C)(C)Cl
1802,CCc1ccc(cc1)C2NC(=O)NC(=C2C(=O)N(C)C)C,0.6,1,N,100.0,NC(=O)N,CCc1ccc(C=O)cc1,CN(C)C(=O)CC(=O)C,
1803,CCc1ccc(cc1)C2NC(=O)NC(=C2C(=O)N(C)C)C,0.6,0,N,0.0,NC(=O)N,CCc1ccc(C=O)cc1,CN(C)C(=O)CC(=O)C,C[Si](C)(C)Cl
1804,CCc1ccc(cc1)C2NC(=O)NC(=C2C(=O)N3CCOCC3)C,0.6,0,N,0.0,NC(=O)N,CCc1ccc(C=O)cc1,CC(=O)CC(=O)N1CCOCC1,
1805,CCc1ccc(cc1)C2NC(=O)NC(=C2C(=O)N3CCOCC3)C,0.6,0,N,0.0,NC(=O)N,CCc1ccc(C=O)cc1,CC(=O)CC(=O)N1CCOCC1,C[Si](C)(C)Cl
1806,CCc1ccc(cc1)C2NC(=O)NC(=C2C(=O)Nc3ccc(Br)cc3)C,0.6,0,N,0.0,NC(=O)N,CCc1ccc(C=O)cc1,CC(=O)CC(=O)Nc1ccc(Br)cc1,
1807,CCc1ccc(cc1)C2NC(=O)NC(=C2C(=O)Nc3ccc(C)c(Cl)c3)C,0.6,0,N,0.0,NC(=O)N,CCc1ccc(C=O)cc1,CC(=O)CC(=O)Nc1ccc(C)c(Cl)c1,
1808,CCc1ccc(cc1)C2NC(=O)NC(=C2C(=O)Nc3ccc(OC)cc3)C,0.6,0,N,0.0,NC(=O)N,CCc1ccc(C=O)cc1,COc1ccc(NC(=O)CC(=O)C)cc1,
1809,CCc1ccc(cc1)C2NC(=O)NC(=C2C(=O)Nc3cccc(c3)C(F)(F)F)C,0.6,1,N,8.0,NC(=O)N,CCc1ccc(C=O)cc1,CC(=O)CC(=O)Nc1cccc(c1)C(F)(F)F,
1810,CCc1ccc(cc1)C2NC(=O)NC(=C2C(=O)Nc3cccc(c3)C(F)(F)F)C,0.6,0,N,0.0,NC(=O)N,CCc1ccc(C=O)cc1,CC(=O)CC(=O)Nc1cccc(c1)C(F)(F)F,C[Si](C)(C)Cl
1811,CCc1ccc(cc1)C2NC(=O)NC(=C2C(=O)Nc3ccccc3C(F)(F)F)C,0.6,0,N,0.0,NC(=O)N,CCc1ccc(C=O)cc1,CC(=O)CC(=O)Nc1ccccc1C(F)(F)F,
1812,CCc1ccc(cc1)C2NC(=O)NC(=C2C(=O)OC)C,0.6,1,N,0.0,NC(=O)N,CCc1ccc(C=O)cc1,COC(=O)CC(=O)C,
1813,CCc1ccc(cc1)C2NC(=O)NC(=C2C(=O)c3ccc(Cl)cc3)C,0.6,0,N,0.0,NC(=O)N,CCc1ccc(C=O)cc1,CC(=O)CC(=O)c1ccc(Cl)cc1,
1814,CCc1ccc(cc1)C2NC(=O)NC(=C2C(=O)c3ccccc3)C,0.6,0,N,0.0,NC(=O)N,CCc1ccc(C=O)cc1,CC(=O)CC(=O)c1ccccc1,
1815,CCc1ccc(cc1)C2NC(=S)N(C(=C2C(=O)OC)C)c3ccc4OCCOc4c3,0.6,1,N,84.67,NC(=S)Nc1ccc2OCCOc2c1,CCc1ccc(C=O)cc1,COC(=O)CC(=O)C,C[Si](C)(C)Cl
1816,CCc1ccccc1NC(=O)C2=C(C)N(C(=S)NC2c3ccc(Cl)cc3Cl)c4ccccn4,0.6,0,N,0.0,NC(=S)Nc1ccccn1,Clc1ccc(C=O)c(Cl)c1,CCc1ccccc1NC(=O)CC(=O)C,C[Si](C)(C)Cl
1817,CN(C)C(=O)C1=C(C)N(C(=S)NC1c2c(F)cccc2F)c3ccc4OCCOc4c3,0.6,1,N,78.33,NC(=S)Nc1ccc2OCCOc2c1,Fc1cccc(F)c1C=O,CN(C)C(=O)CC(=O)C,C[Si](C)(C)Cl
1818,CN(C)C(=O)C1=C(C)N(C(=S)NC1c2cc([N+](=O)[O-])c(F)cc2F)c3cc(C)cc(C)c3,0.6,1,N,96.33,Cc1cc(C)cc(NC(=S)N)c1,[O-][N+](=O)c1cc(C=O)c(F)cc1F,CN(C)C(=O)CC(=O)C,C[Si](C)(C)Cl
1819,CN(C)C(=O)C1=C(C)N(C(=S)NC1c2cc([N+](=O)[O-])c(F)cc2F)c3ccc(F)c(Cl)c3,0.6,1,N,74.33,NC(=S)Nc1ccc(F)c(Cl)c1,[O-][N+](=O)c1cc(C=O)c(F)cc1F,CN(C)C(=O)CC(=O)C,C[Si](C)(C)Cl
1820,CN(C)C(=O)C1=C(C)N(C(=S)NC1c2ccc(Br)cc2)c3ccc4OCCOc4c3,0.6,1,N,53.0,NC(=S)Nc1ccc2OCCOc2c1,Brc1ccc(C=O)cc1,CN(C)C(=O)CC(=O)C,C[Si](C)(C)Cl
1821,CN(C)C(=O)C1=C(C)N(C(=S)NC1c2ccc(Br)cc2)c3ccc4OCCOc4c3,0.6,0,N,0.0,NC(=S)Nc1ccc2OCCOc2c1,Brc1ccc(C=O)cc1,CN(C)C(=O)CC(=O)C,C[Si](C)(C)Cl
1822,CN(C)C(=O)C1=C(C)N(C(=S)NC1c2ccc(Cl)c(c2)[N+](=O)[O-])c3ccc4OCCOc4c3,0.6,1,N,64.0,NC(=S)Nc1ccc2OCCOc2c1,[O-][N+](=O)c1cc(C=O)ccc1Cl,CN(C)C(=O)CC(=O)C,C[Si](C)(C)Cl
1823,CN(C)C(=O)C1=C(C)N(C(=S)NC1c2ccc(Cl)c(c2)[N+](=O)[O-])c3ccc4OCCOc4c3,0.6,0,N,0.0,NC(=S)Nc1ccc2OCCOc2c1,[O-][N+](=O)c1cc(C=O)ccc1Cl,CN(C)C(=O)CC(=O)C,C[Si](C)(C)Cl
1824,CN(C)C(=O)C1=C(C)N(C(=S)NC1c2ccc(Cl)cc2)c3ccc4OCCOc4c3,0.6,1,N,83.17,NC(=S)Nc1ccc2OCCOc2c1,Clc1ccc(C=O)cc1,CN(C)C(=O)CC(=O)C,C[Si](C)(C)Cl
1825,CN(C)C(=O)C1=C(C)N(C(=S)NC1c2ccc(F)cc2)c3ccc4OCCOc4c3,0.6,1,N,59.17,NC(=S)Nc1ccc2OCCOc2c1,Fc1ccc(C=O)cc1,CN(C)C(=O)CC(=O)C,C[Si](C)(C)Cl
1826,CN(C)C(=O)C1=C(C)N(C(=S)NC1c2ccc(F)cc2F)c3ccc4OCCOc4c3,0.6,0,N,0.0,NC(=S)Nc1ccc2OCCOc2c1,Fc1ccc(C=O)c(F)c1,CN(C)C(=O)CC(=O)C,C[Si](C)(C)Cl
1827,CN(C)C(=O)C1=C(C)N(C(=S)NC1c2ccc(F)cc2F)c3ccc4OCCOc4c3,0.6,1,N,77.33,NC(=S)Nc1ccc2OCCOc2c1,Fc1ccc(C=O)c(F)c1,CN(C)C(=O)CC(=O)C,C[Si](C)(C)Cl
1828,CN(C)C(=O)C1=C(C)N(C(=S)NC1c2ccc(OC(F)F)cc2)c3ccc4OCCOc4c3,0.6,1,N,88.67,NC(=S)Nc1ccc2OCCOc2c1,FC(F)Oc1ccc(C=O)cc1,CN(C)C(=O)CC(=O)C,C[Si](C)(C)Cl
1829,CN(C)C(=O)C1=C(C)N(C(=S)NC1c2cccc(Br)c2)c3ccc4OCCOc4c3,0.6,1,N,90.67,NC(=S)Nc1ccc2OCCOc2c1,Brc1cccc(C=O)c1,CN(C)C(=O)CC(=O)C,C[Si](C)(C)Cl
1830,CN(C)C(=O)C1=C(C)N(C(=S)NC1c2cccc(C#N)c2)c3ccc(F)c(Cl)c3,0.6,1,N,100.0,NC(=S)Nc1ccc(F)c(Cl)c1,O=Cc1cccc(C#N)c1,CN(C)C(=O)CC(=O)C,C[Si](C)(C)Cl
1831,CN(C)C(=O)C1=C(C)N(C(=S)NC1c2cccc(F)c2)c3ccc(C)cc3,0.6,1,N,57.83,Cc1ccc(NC(=S)N)cc1,Fc1cccc(C=O)c1,CN(C)C(=O)CC(=O)C,C[Si](C)(C)Cl
1832,CN(C)C(=O)C1=C(C)N(C(=S)NC1c2cccc(F)c2)c3ccc4OCCOc4c3,0.6,1,N,50.5,NC(=S)Nc1ccc2OCCOc2c1,Fc1cccc(C=O)c1,CN(C)C(=O)CC(=O)C,C[Si](C)(C)Cl
1833,CN(C)C(=O)C1=C(C)N(C(=S)NC1c2cccc(F)c2)c3ccc4OCCOc4c3,0.6,0,N,0.0,NC(=S)Nc1ccc2OCCOc2c1,Fc1cccc(C=O)c1,CN(C)C(=O)CC(=O)C,C[Si](C)(C)Cl
1834,CN(C)C(=O)C1=C(C)N(C(=S)NC1c2ccccc2)c3ccc4OCCOc4c3,0.6,0,N,0.0,NC(=S)Nc1ccc2OCCOc2c1,O=Cc1ccccc1,CN(C)C(=O)CC(=O)C,C[Si](C)(C)Cl
1835,CN(C)C(=O)C1=C(C)N(C(=S)NC1c2ccccc2)c3ccc4OCCOc4c3,0.6,0,N,0.0,NC(=S)Nc1ccc2OCCOc2c1,O=Cc1ccccc1,CN(C)C(=O)CC(=O)C,C[Si](C)(C)Cl
1836,CN(C)C(=O)C1=C(C)N(C(=S)NC1c2ccccc2)c3ccc4OCCOc4c3,0.6,0,N,0.0,NC(=S)Nc1ccc2OCCOc2c1,O=Cc1ccccc1,CN(C)C(=O)CC(=O)C,C[Si](C)(C)Cl
1837,CN(C)C(=O)C1=C(C)N(C(=S)NC1c2ccccc2)c3ccccc3,0.6,1,N,60.0,NC(=S)Nc1ccccc1,O=Cc1ccccc1,CN(C)C(=O)CC(=O)C,C[Si](C)(C)Cl
1838,CN(C)C(=O)C1=C(C)N(C(=S)NC1c2ccccc2Br)c3ccc4OCCOc4c3,0.6,1,N,53.67,NC(=S)Nc1ccc2OCCOc2c1,Brc1ccccc1C=O,CN(C)C(=O)CC(=O)C,C[Si](C)(C)Cl
1839,CN(C)C(=O)C1=C(C)N(C(=S)NC1c2ccccc2C(F)(F)F)c3ccccc3,0.6,1,N,89.17,NC(=S)Nc1ccccc1,FC(F)(F)c1ccccc1C=O,CN(C)C(=O)CC(=O)C,C[Si](C)(C)Cl
1840,CN(C)C(=O)C1=C(C)N(C(=S)NC1c2ccccc2Cl)c3ccc4OCCOc4c3,0.6,1,N,71.67,NC(=S)Nc1ccc2OCCOc2c1,Clc1ccccc1C=O,CN(C)C(=O)CC(=O)C,C[Si](C)(C)Cl
1841,CN(C)C(=O)C1=C(C)N(C(=S)NC1c2ccccc2Cl)c3ccc4OCCOc4c3,0.6,0,N,0.0,NC(=S)Nc1ccc2OCCOc2c1,Clc1ccccc1C=O,CN(C)C(=O)CC(=O)C,C[Si](C)(C)Cl
1842,CN(C)C(=O)C1=C(C)N(C(=S)NC1c2ccccc2F)c3ccc4OCCOc4c3,0.6,1,N,33.5,NC(=S)Nc1ccc2OCCOc2c1,Fc1ccccc1C=O,CN(C)C(=O)CC(=O)C,C[Si](C)(C)Cl
1843,CN(C)C(=O)C1=C(C)N(C(=S)NC1c2cccs2)c3cc(C)ccc3C,0.6,1,N,6.83,Cc1ccc(C)c(NC(=S)N)c1,O=Cc1cccs1,CN(C)C(=O)CC(=O)C,C[Si](C)(C)Cl
1844,CN(C)C(=O)C1=C(C)N(C(=S)NC1c2ccsc2)c3cc(C)ccc3C,0.6,0,N,0.0,Cc1ccc(C)c(NC(=S)N)c1,O=Cc1ccsc1,CN(C)C(=O)CC(=O)C,C[Si](C)(C)Cl
1845,CN(C)C(=O)C1=C(C)N(C)C(=S)NC1c2cc(Br)cs2,0.6,1,N,62.0,CNC(=S)N,Brc1csc(C=O)c1,CN(C)C(=O)CC(=O)C,C[Si](C)(C)Cl
1846,CN(C)C(=O)C1=C(C)N(C)C(=S)NC1c2ccc(Cl)c(c2)[N+](=O)[O-],0.6,1,N,86.0,CNC(=S)N,[O-][N+](=O)c1cc(C=O)ccc1Cl,CN(C)C(=O)CC(=O)C,C[Si](C)(C)Cl
1847,CN(C)C(=O)C1=C(C)N(C2CC2)C(=S)NC1c3ccccc3Br,0.6,1,N,86.17,NC(=S)NC1CC1,Brc1ccccc1C=O,CN(C)C(=O)CC(=O)C,C[Si](C)(C)Cl
1848,CN(C)C(=O)C1=C(C)N(C2CC2)C(=S)NC1c3ccccc3OC(F)F,0.6,1,N,58.67,NC(=S)NC1CC1,FC(F)Oc1ccccc1C=O,CN(C)C(=O)CC(=O)C,C[Si](C)(C)Cl
1849,CN(C)C(=O)C1=C(C)N(Cc2ccccc2)C(=S)NC1c3ccccc3F,0.6,1,N,32.83,NC(=S)NCc1ccccc1,Fc1ccccc1C=O,CN(C)C(=O)CC(=O)C,
1850,CN(C)C(=O)C1=C(C)NC(=O)NC1c2c(C)cc(C)cc2C,0.6,0,N,0.0,NC(=O)N,Cc1cc(C)c(C=O)c(C)c1,CN(C)C(=O)CC(=O)C,C[Si](C)(C)Cl
1851,CN(C)C(=O)C1=C(C)NC(=O)NC1c2c(C)cc(C)cc2C,0.6,0,N,0.0,NC(=O)N,Cc1cc(C)c(C=O)c(C)c1,CN(C)C(=O)CC(=O)C,C[Si](C)(C)Cl
1852,CN(C)C(=O)C1=C(C)NC(=O)NC1c2ccc(C)cc2,0.9,0,N,0.0,NC(=O)N,Cc1ccc(C=O)cc1,CN(C)C(=O)CC(=O)C,
1853,CN(C)C(=O)C1=C(C)NC(=O)NC1c2ccc(Cl)c(c2)[N+](=O)[O-],0.6,0,N,0.0,NC(=O)N,[O-][N+](=O)c1cc(C=O)ccc1Cl,CN(C)C(=O)CC(=O)C,
1854,CN(C)C(=O)C1=C(C)NC(=O)NC1c2ccc(Cl)c(c2)[N+](=O)[O-],0.9,0,N,0.0,NC(=O)N,[O-][N+](=O)c1cc(C=O)ccc1Cl,CN(C)C(=O)CC(=O)C,
1855,CN(C)C(=O)C1=C(C)NC(=O)NC1c2ccc(Cl)cc2Cl,0.6,1,N,0.0,NC(=O)N,Clc1ccc(C=O)c(Cl)c1,CN(C)C(=O)CC(=O)C,
1856,CN(C)C(=O)C1=C(C)NC(=O)NC1c2ccc(F)cc2F,0.6,0,N,0.0,NC(=O)N,Fc1ccc(C=O)c(F)c1,CN(C)C(=O)CC(=O)C,C[Si](C)(C)Cl
1857,CN(C)C(=O)C1=C(C)NC(=O)NC1c2ccc(F)cc2F,0.6,1,N,17.5,NC(=O)N,Fc1ccc(C=O)c(F)c1,CN(C)C(=O)CC(=O)C,C[Si](C)(C)Cl
1858,CN(C)C(=O)C1=C(C)NC(=O)NC1c2ccc(F)cc2F,0.6,0,N,0.0,NC(=O)N,Fc1ccc(C=O)c(F)c1,CN(C)C(=O)CC(=O)C,C[Si](C)(C)Cl
1859,CN(C)C(=O)C1=C(C)NC(=O)NC1c2ccc(F)cc2F,0.6,0,N,0.0,NC(=O)N,Fc1ccc(C=O)c(F)c1,CN(C)C(=O)CC(=O)C,C[Si](C)(C)Cl
1860,CN(C)C(=O)C1=C(C)NC(=O)NC1c2ccc(F)cc2F,0.6,0,N,0.0,NC(=O)N,Fc1ccc(C=O)c(F)c1,CN(C)C(=O)CC(=O)C,C[Si](C)(C)Cl
1861,CN(C)C(=O)C1=C(C)NC(=O)NC1c2ccc(OC(F)F)cc2,0.6,0,N,0.0,NC(=O)N,FC(F)Oc1ccc(C=O)cc1,CN(C)C(=O)CC(=O)C,
1862,CN(C)C(=O)C1=C(C)NC(=O)NC1c2ccc(OC(F)F)cc2,0.9,0,N,0.0,NC(=O)N,FC(F)Oc1ccc(C=O)cc1,CN(C)C(=O)CC(=O)C,
1863,CN(C)C(=O)C1=C(C)NC(=O)NC1c2ccc(OCc3ccccc3)cc2,0.9,0,N,0.0,NC(=O)N,O=Cc1ccc(OCc2ccccc2)cc1,CN(C)C(=O)CC(=O)C,
1864,CN(C)C(=O)C1=C(C)NC(=O)NC1c2ccc(cc2)C(C)(C)C,0.6,1,N,0.0,NC(=O)N,CC(C)(C)c1ccc(C=O)cc1,CN(C)C(=O)CC(=O)C,
1865,CN(C)C(=O)C1=C(C)NC(=O)NC1c2ccc(cc2)C(F)(F)F,0.6,0,N,0.0,NC(=O)N,FC(F)(F)c1ccc(C=O)cc1,CN(C)C(=O)CC(=O)C,C[Si](C)(C)Cl
1866,CN(C)C(=O)C1=C(C)NC(=O)NC1c2ccc(cc2)C(F)(F)F,0.6,0,N,0.0,NC(=O)N,FC(F)(F)c1ccc(C=O)cc1,CN(C)C(=O)CC(=O)C,C[Si](C)(C)Cl
1867,CN(C)C(=O)C1=C(C)NC(=O)NC1c2ccc(cc2)C(F)(F)F,0.6,0,N,0.0,NC(=O)N,FC(F)(F)c1ccc(C=O)cc1,CN(C)C(=O)CC(=O)C,C[Si](C)(C)Cl
1868,CN(C)C(=O)C1=C(C)NC(=O)NC1c2ccc(cc2)N3CCC(=N3)c4ccccc4,0.6,0,N,0.0,NC(=O)N,O=Cc1ccc(cc1)N2CCC(=N2)c3ccccc3,CN(C)C(=O)CC(=O)C,C[Si](C)(C)Cl
1869,CN(C)C(=O)C1=C(C)NC(=O)NC1c2ccc(cc2)N3CCC(=N3)c4ccccc4,0.6,0,N,0.0,NC(=O)N,O=Cc1ccc(cc1)N2CCC(=N2)c3ccccc3,CN(C)C(=O)CC(=O)C,C[Si](C)(C)Cl
1870,CN(C)C(=O)C1=C(C)NC(=O)NC1c2ccc(cc2)[N+](=O)[O-],0.6,1,N,0.0,NC(=O)N,[O-][N+](=O)c1ccc(C=O)cc1,CN(C)C(=O)CC(=O)C,
1871,CN(C)C(=O)C1=C(C)NC(=O)NC1c2ccc(cc2)c3ccccc3,0.6,1,N,0.0,NC(=O)N,O=Cc1ccc(cc1)c2ccccc2,CN(C)C(=O)CC(=O)C,
1872,CN(C)C(=O)C1=C(C)NC(=O)NC1c2ccc(o2)c3ccc(cc3)S(=O)(=O)N4CCOCC4,0.6,0,N,0.0,NC(=O)N,O=Cc1ccc(o1)c2ccc(cc2)S(=O)(=O)N3CCOCC3,CN(C)C(=O)CC(=O)C,C[Si](C)(C)Cl
1873,CN(C)C(=O)C1=C(C)NC(=O)NC1c2cccc(Br)c2,0.6,1,N,0.0,NC(=O)N,Brc1cccc(C=O)c1,CN(C)C(=O)CC(=O)C,
1874,CN(C)C(=O)C1=C(C)NC(=O)NC1c2cccc(Cl)c2,1.0,1,N,0.0,NC(=O)N,Clc1cccc(C=O)c1,CN(C)C(=O)CC(=O)C,
1875,CN(C)C(=O)C1=C(C)NC(=O)NC1c2cccc(Cl)c2,0.6,0,N,0.0,NC(=O)N,Clc1cccc(C=O)c1,CN(C)C(=O)CC(=O)C,C[Si](C)(C)Cl
1876,CN(C)C(=O)C1=C(C)NC(=O)NC1c2cccc(Oc3ccc(Cl)cc3)c2,0.9,0,N,0.0,NC(=O)N,Clc1ccc(Oc2cccc(C=O)c2)cc1,CN(C)C(=O)CC(=O)C,
1877,CN(C)C(=O)C1=C(C)NC(=O)NC1c2ccccc2,0.9,1,N,7.89,NC(=O)N,O=Cc1ccccc1,CN(C)C(=O)CC(=O)C,
1878,CN(C)C(=O)C1=C(C)NC(=O)NC1c2ccccc2,0.6,0,N,0.0,NC(=O)N,O=Cc1ccccc1,CN(C)C(=O)CC(=O)C,C[Si](C)(C)Cl
1879,CN(C)C(=O)C1=C(C)NC(=O)NC1c2ccccc2C,0.6,1,N,0.0,NC(=O)N,Cc1ccccc1C=O,CN(C)C(=O)CC(=O)C,
1880,CN(C)C(=O)C1=C(C)NC(=O)NC1c2ccccc2C,0.6,0,N,0.0,NC(=O)N,Cc1ccccc1C=O,CN(C)C(=O)CC(=O)C,C[Si](C)(C)Cl
1881,CN(C)C(=O)C1=C(C)NC(=O)NC1c2ccccc2C,0.6,0,N,0.0,NC(=O)N,Cc1ccccc1C=O,CN(C)C(=O)CC(=O)C,C[Si](C)(C)Cl
1882,CN(C)C(=O)C1=C(C)NC(=O)NC1c2ccccc2C(F)(F)F,0.6,1,N,0.0,NC(=O)N,FC(F)(F)c1ccccc1C=O,CN(C)C(=O)CC(=O)C,
1883,CN(C)C(=O)C1=C(C)NC(=O)NC1c2ccccc2F,0.6,0,N,0.0,NC(=O)N,Fc1ccccc1C=O,CN(C)C(=O)CC(=O)C,C[Si](C)(C)Cl
1884,CN(C)C(=O)C1=C(C)NC(=O)NC1c2ccccc2OC(F)F,0.6,1,N,0.0,NC(=O)N,FC(F)Oc1ccccc1C=O,CN(C)C(=O)CC(=O)C,
1885,CN(C)C(=O)C1=C(C)NC(=S)NC1c2c(F)cccc2F,0.6,1,N,65.67,NC(=S)N,Fc1cccc(F)c1C=O,CN(C)C(=O)CC(=O)C,C[Si](C)(C)Cl
1886,CN(C)C(=O)C1=C(C)NC(=S)NC1c2ccc(C)s2,0.6,1,N,39.33,NC(=S)N,Cc1ccc(C=O)s1,CN(C)C(=O)CC(=O)C,
1887,CN(C)C(=O)C1=C(C)NC(=S)NC1c2ccc(F)cc2,0.6,0,N,0.0,NC(=S)N,Fc1ccc(C=O)cc1,CN(C)C(=O)CC(=O)C,C[Si](C)(C)Cl
1888,CN(C)C(=O)C1=C(C)NC(=S)NC1c2cccc(F)c2,0.6,1,N,91.17,NC(=S)N,Fc1cccc(C=O)c1,CN(C)C(=O)CC(=O)C,C[Si](C)(C)Cl
1889,CN(C)C(=O)C1=C(C)NC(=S)NC1c2ccccc2,0.6,1,N,47.67,NC(=S)N,O=Cc1ccccc1,CN(C)C(=O)CC(=O)C,C[Si](C)(C)Cl
1890,CN(C)C(=O)C1=C(C)NC(=S)NC1c2ccccc2F,0.6,1,N,32.5,NC(=S)N,Fc1ccccc1C=O,CN(C)C(=O)CC(=O)C,C[Si](C)(C)Cl
1891,CN(C)C(=O)C1=C(C)NC(=S)NC1c2ccccc2OC(F)F,0.6,1,N,0.0,NC(=S)N,FC(F)Oc1ccccc1C=O,CN(C)C(=O)CC(=O)C,
1892,CN(C)C(=O)C1=C(C)NC(=S)NC1c2cccs2,0.6,1,N,46.67,NC(=S)N,O=Cc1cccs1,CN(C)C(=O)CC(=O)C,C[Si](C)(C)Cl
1893,CN(C)C(=O)C1=C(C)NC(=S)NC1c2ccsc2,0.6,1,N,64.67,NC(=S)N,O=Cc1ccsc1,CN(C)C(=O)CC(=O)C,C[Si](C)(C)Cl
1894,CN(C)C(=O)C1=C(C)NC(=S)NC1c2cn(nc2c3ccc(Cl)cc3)c4ccccc4,0.6,0,N,0.0,NC(=S)N,Clc1ccc(cc1)c2nn(cc2C=O)c3ccccc3,CN(C)C(=O)CC(=O)C,C[Si](C)(C)Cl
1895,CN(C)C(=O)C1=C(C)NC(=S)NC1c2cn(nc2c3ccc(Cl)cc3)c4ccccc4,0.6,1,N,0.0,NC(=S)N,Clc1ccc(cc1)c2nn(cc2C=O)c3ccccc3,CN(C)C(=O)CC(=O)C,
1896,CN(C)c1ccc(cc1)C2N(C)C(=S)N(C)C(=C2C(=O)N3CCOCC3)C,0.6,1,N,45.0,CNC(=S)NC,CN(C)c1ccc(C=O)cc1,CC(=O)CC(=O)N1CCOCC1,C[Si](C)(C)Cl
1897,CN(C)c1ccc(cc1)C2NC(=O)NC(=C2C(=O)N3CCOCC3)C,0.6,0,N,0.0,NC(=O)N,CN(C)c1ccc(C=O)cc1,CC(=O)CC(=O)N1CCOCC1,
1898,CN(C)c1ccc(cc1)C2NC(=O)NC(=C2C(=O)Nc3ccccc3F)C,0.6,0,N,0.0,NC(=O)N,CN(C)c1ccc(C=O)cc1,CC(=O)CC(=O)Nc1ccccc1F,
1899,CN(C)c1ccc(cc1)C2NC(=S)NC(=C2C(=O)Nc3ccc(F)c(F)c3)C,0.6,1,N,0.0,NC(=S)N,CN(C)c1ccc(C=O)cc1,CC(=O)CC(=O)Nc1ccc(F)c(F)c1,
1900,CN(C)c1ccc(cc1)C2NC(=S)NC(=C2C(=O)c3ccccc3)C,0.6,0,N,0.0,NC(=S)N,CN(C)c1ccc(C=O)cc1,CC(=O)CC(=O)c1ccccc1,
1901,CN1C(=C(C(NC1=O)c2c(Cl)cccc2Cl)C(=O)Nc3cc(C)on3)C,0.6,1,N,33.67,CNC(=O)N,Clc1cccc(Cl)c1C=O,CC(=O)CC(=O)Nc1cc(C)on1,C[Si](C)(C)Cl
1902,CN1C(=C(C(NC1=O)c2c(Cl)cccc2Cl)C(=O)Nc3cc(C)on3)C,0.6,0,N,0.0,CNC(=O)N,Clc1cccc(Cl)c1C=O,CC(=O)CC(=O)Nc1cc(C)on1,C[Si](C)(C)Cl
1903,CN1C(=C(C(NC1=O)c2c(F)cccc2F)C(=O)N3CCOCC3)C,0.6,0,N,0.0,CNC(=O)N,Fc1cccc(F)c1C=O,CC(=O)CC(=O)N1CCOCC1,C[Si](C)(C)Cl
1904,CN1C(=C(C(NC1=O)c2c(F)cccc2F)C(=O)Nc3cc(C)on3)C,0.6,1,N,22.5,CNC(=O)N,Fc1cccc(F)c1C=O,CC(=O)CC(=O)Nc1cc(C)on1,C[Si](C)(C)Cl
1905,CN1C(=C(C(NC1=O)c2ccc(Br)cc2)C(=O)N3CCOCC3)C,0.6,0,N,0.0,CNC(=O)N,Brc1ccc(C=O)cc1,CC(=O)CC(=O)N1CCOCC1,C[Si](C)(C)Cl
1906,CN1C(=C(C(NC1=O)c2ccc(Br)cc2)C(=O)Nc3cc(C)on3)C,0.6,0,N,0.0,CNC(=O)N,Brc1ccc(C=O)cc1,CC(=O)CC(=O)Nc1cc(C)on1,C[Si](C)(C)Cl
1907,CN1C(=C(C(NC1=O)c2ccc(Br)cc2)C(=O)Nc3cc(C)on3)C,0.6,0,N,0.0,CNC(=O)N,Brc1ccc(C=O)cc1,CC(=O)CC(=O)Nc1cc(C)on1,C[Si](C)(C)Cl
1908,CN1C(=C(C(NC1=O)c2ccc(C)cc2C)C(=O)N3CCOCC3)C,0.6,0,N,0.0,CNC(=O)N,Cc1ccc(C=O)c(C)c1,CC(=O)CC(=O)N1CCOCC1,C[Si](C)(C)Cl
1909,CN1C(=C(C(NC1=O)c2ccc(Cl)c(Cl)c2)C(=O)Nc3cc(C)on3)C,0.6,1,N,33.33,CNC(=O)N,Clc1ccc(C=O)cc1Cl,CC(=O)CC(=O)Nc1cc(C)on1,C[Si](C)(C)Cl
1910,CN1C(=C(C(NC1=O)c2ccc(Cl)c(c2)[N+](=O)[O-])C(=O)N3CCOCC3)C,0.6,0,N,0.0,CNC(=O)N,[O-][N+](=O)c1cc(C=O)ccc1Cl,CC(=O)CC(=O)N1CCOCC1,C[Si](C)(C)Cl
1911,CN1C(=C(C(NC1=O)c2ccc(Cl)cc2)C(=O)N3CCOCC3)C,0.6,0,N,0.0,CNC(=O)N,Clc1ccc(C=O)cc1,CC(=O)CC(=O)N1CCOCC1,C[Si](C)(C)Cl
1912,CN1C(=C(C(NC1=O)c2ccc(Cl)cc2)C(=O)Nc3cc(C)on3)C,0.6,1,N,19.17,CNC(=O)N,Clc1ccc(C=O)cc1,CC(=O)CC(=O)Nc1cc(C)on1,C[Si](C)(C)Cl
1913,CN1C(=C(C(NC1=O)c2ccc(Cl)cc2Cl)C(=O)Nc3cc(C)on3)C,0.6,0,N,0.0,CNC(=O)N,Clc1ccc(C=O)c(Cl)c1,CC(=O)CC(=O)Nc1cc(C)on1,C[Si](C)(C)Cl
1914,CN1C(=C(C(NC1=O)c2ccc(Cl)cc2Cl)C(=O)Nc3cc(C)on3)C,0.6,0,N,0.0,CNC(=O)N,Clc1ccc(C=O)c(Cl)c1,CC(=O)CC(=O)Nc1cc(C)on1,C[Si](C)(C)Cl
1915,CN1C(=C(C(NC1=O)c2ccc(F)c(Br)c2)C(=O)Nc3cc(C)on3)C,0.6,1,N,25.0,CNC(=O)N,Fc1ccc(C=O)cc1Br,CC(=O)CC(=O)Nc1cc(C)on1,C[Si](C)(C)Cl
1916,CN1C(=C(C(NC1=O)c2ccc(F)c(Br)c2)C(=O)Nc3cc(C)on3)C,0.6,0,N,0.0,CNC(=O)N,Fc1ccc(C=O)cc1Br,CC(=O)CC(=O)Nc1cc(C)on1,C[Si](C)(C)Cl
1917,CN1C(=C(C(NC1=O)c2ccc(F)c(F)c2)C(=O)N3CCOCC3)C,0.6,0,N,0.0,CNC(=O)N,Fc1ccc(C=O)cc1F,CC(=O)CC(=O)N1CCOCC1,C[Si](C)(C)Cl
1918,CN1C(=C(C(NC1=O)c2ccc(F)cc2)C(=O)N3CCOCC3)C,0.6,0,N,0.0,CNC(=O)N,Fc1ccc(C=O)cc1,CC(=O)CC(=O)N1CCOCC1,C[Si](C)(C)Cl
1919,CN1C(=C(C(NC1=O)c2ccc(F)cc2F)C(=O)Nc3cc(C)on3)C,0.6,1,N,25.5,CNC(=O)N,Fc1ccc(C=O)c(F)c1,CC(=O)CC(=O)Nc1cc(C)on1,C[Si](C)(C)Cl
1920,CN1C(=C(C(NC1=O)c2ccc(OC(F)F)cc2)C(=O)N3CCOCC3)C,0.6,0,N,0.0,CNC(=O)N,FC(F)Oc1ccc(C=O)cc1,CC(=O)CC(=O)N1CCOCC1,C[Si](C)(C)Cl
1921,CN1C(=C(C(NC1=O)c2ccc3ccccc3c2)C(=O)N4CCOCC4)C,0.6,0,N,0.0,CNC(=O)N,O=Cc1ccc2ccccc2c1,CC(=O)CC(=O)N1CCOCC1,C[Si](C)(C)Cl
1922,CN1C(=C(C(NC1=O)c2ccc3ccccc3c2)C(=O)Nc4ccccc4C(F)(F)F)C,0.6,0,N,0.0,CNC(=O)N,O=Cc1ccc2ccccc2c1,CC(=O)CC(=O)Nc1ccccc1C(F)(F)F,C[Si](C)(C)Cl
1923,CN1C(=C(C(NC1=O)c2ccc3ccccc3c2)C(=O)Nc4ccccc4C(F)(F)F)C,0.6,0,N,0.0,CNC(=O)N,O=Cc1ccc2ccccc2c1,CC(=O)CC(=O)Nc1ccccc1C(F)(F)F,C[Si](C)(C)Cl
1924,CN1C(=C(C(NC1=O)c2ccc3ccccc3c2)C(=O)Nc4ccccc4C(F)(F)F)C,0.6,0,N,0.0,CNC(=O)N,O=Cc1ccc2ccccc2c1,CC(=O)CC(=O)Nc1ccccc1C(F)(F)F,C[Si](C)(C)Cl
1925,CN1C(=C(C(NC1=O)c2cccc(Br)c2)C(=O)N3CCOCC3)C,0.6,0,N,0.0,CNC(=O)N,Brc1cccc(C=O)c1,CC(=O)CC(=O)N1CCOCC1,C[Si](C)(C)Cl
1926,CN1C(=C(C(NC1=O)c2cccc(Br)c2)C(=O)Nc3cc(C)on3)C,0.6,0,N,0.0,CNC(=O)N,Brc1cccc(C=O)c1,CC(=O)CC(=O)Nc1cc(C)on1,C[Si](C)(C)Cl
1927,CN1C(=C(C(NC1=O)c2cccc(Br)c2)C(=O)Nc3cc(C)on3)C,0.6,0,N,0.0,CNC(=O)N,Brc1cccc(C=O)c1,CC(=O)CC(=O)Nc1cc(C)on1,C[Si](C)(C)Cl
1928,CN1C(=C(C(NC1=O)c2cccc(Br)c2)C(=O)Nc3cc(C)on3)C,0.6,0,N,0.0,CNC(=O)N,Brc1cccc(C=O)c1,CC(=O)CC(=O)Nc1cc(C)on1,C[Si](C)(C)Cl
1929,CN1C(=C(C(NC1=O)c2cccc(Br)c2)C(=O)Nc3ccccc3)C,0.6,0,N,0.0,CNC(=O)N,Brc1cccc(C=O)c1,CC(=O)CC(=O)Nc1ccccc1,C[Si](C)(C)Cl
1930,CN1C(=C(C(NC1=O)c2cccc(C#N)c2)C(=O)Nc3cc(C)on3)C,0.6,0,N,0.0,CNC(=O)N,O=Cc1cccc(C#N)c1,CC(=O)CC(=O)Nc1cc(C)on1,C[Si](C)(C)Cl
1931,CN1C(=C(C(NC1=O)c2cccc(Cl)c2Cl)C(=O)Nc3cc(C)on3)C,0.6,0,N,0.0,CNC(=O)N,Clc1cccc(C=O)c1Cl,CC(=O)CC(=O)Nc1cc(C)on1,C[Si](C)(C)Cl
1932,CN1C(=C(C(NC1=O)c2cccc(Cl)c2Cl)C(=O)Nc3cc(C)on3)C,0.6,1,N,69.17,CNC(=O)N,Clc1cccc(C=O)c1Cl,CC(=O)CC(=O)Nc1cc(C)on1,C[Si](C)(C)Cl
1933,CN1C(=C(C(NC1=O)c2cccc(F)c2)C(=O)Nc3cc(C)on3)C,0.6,1,N,13.33,CNC(=O)N,Fc1cccc(C=O)c1,CC(=O)CC(=O)Nc1cc(C)on1,C[Si](C)(C)Cl
1934,CN1C(=C(C(NC1=O)c2cccc(OCC=C)c2)C(=O)N3CCOCC3)C,0.6,0,N,0.0,CNC(=O)N,C=CCOc1cccc(C=O)c1,CC(=O)CC(=O)N1CCOCC1,C[Si](C)(C)Cl
1935,CN1C(=C(C(NC1=O)c2cccc(c2)C(F)(F)F)C(=O)N3CCOCC3)C,0.6,0,N,0.0,CNC(=O)N,FC(F)(F)c1cccc(C=O)c1,CC(=O)CC(=O)N1CCOCC1,C[Si](C)(C)Cl
1936,CN1C(=C(C(NC1=O)c2ccccc2)C(=O)N3CCOCC3)C,0.6,0,N,0.0,CNC(=O)N,O=Cc1ccccc1,CC(=O)CC(=O)N1CCOCC1,C[Si](C)(C)Cl
1937,CN1C(=C(C(NC1=O)c2ccccc2)C(=O)Nc3cc(C)on3)C,0.6,1,N,12.67,CNC(=O)N,O=Cc1ccccc1,CC(=O)CC(=O)Nc1cc(C)on1,C[Si](C)(C)Cl
1938,CN1C(=C(C(NC1=O)c2ccccc2Br)C(=O)N3CCOCC3)C,0.6,0,N,0.0,CNC(=O)N,Brc1ccccc1C=O,CC(=O)CC(=O)N1CCOCC1,C[Si](C)(C)Cl
1939,CN1C(=C(C(NC1=O)c2ccccc2C(F)(F)F)C(=O)N3CCOCC3)C,0.6,0,N,0.0,CNC(=O)N,FC(F)(F)c1ccccc1C=O,CC(=O)CC(=O)N1CCOCC1,C[Si](C)(C)Cl
1940,CN1C(=C(C(NC1=O)c2ccccc2C(F)(F)F)C(=O)Nc3ccccc3)C,0.6,0,N,0.0,CNC(=O)N,FC(F)(F)c1ccccc1C=O,CC(=O)CC(=O)Nc1ccccc1,C[Si](C)(C)Cl
1941,CN1C(=C(C(NC1=O)c2ccccc2Cl)C(=O)Nc3cc(C)on3)C,0.6,0,N,0.0,CNC(=O)N,Clc1ccccc1C=O,CC(=O)CC(=O)Nc1cc(C)on1,C[Si](C)(C)Cl
1942,CN1C(=C(C(NC1=O)c2ccccc2F)C(=O)Nc3cc(C)on3)C,0.6,0,N,0.0,CNC(=O)N,Fc1ccccc1C=O,CC(=O)CC(=O)Nc1cc(C)on1,C[Si](C)(C)Cl
1943,CN1C(=C(C(NC1=O)c2ccccc2F)C(=O)Nc3cc(C)on3)C,0.6,0,N,0.0,CNC(=O)N,Fc1ccccc1C=O,CC(=O)CC(=O)Nc1cc(C)on1,C[Si](C)(C)Cl
1944,CN1C(=C(C(NC1=O)c2ccccc2OC(F)F)C(=O)N3CCOCC3)C,0.6,0,N,0.0,CNC(=O)N,FC(F)Oc1ccccc1C=O,CC(=O)CC(=O)N1CCOCC1,C[Si](C)(C)Cl
1945,CN1C(=C(C(NC1=O)c2ccccc2OC(F)F)C(=O)N3CCOCC3)C,0.6,0,N,0.0,CNC(=O)N,FC(F)Oc1ccccc1C=O,CC(=O)CC(=O)N1CCOCC1,C[Si](C)(C)Cl
1946,CN1C(=C(C(NC1=O)c2ccccc2OC(F)F)C(=O)N3CCOCC3)C,0.6,1,N,35.0,CNC(=O)N,FC(F)Oc1ccccc1C=O,CC(=O)CC(=O)N1CCOCC1,C[Si](C)(C)Cl
1947,CN1C(=C(C(NC1=O)c2cccs2)C(=O)N3CCOCC3)C,0.6,0,N,0.0,CNC(=O)N,O=Cc1cccs1,CC(=O)CC(=O)N1CCOCC1,C[Si](C)(C)Cl
1948,CN1C(=C(C(NC1=O)c2cccs2)C(=O)Nc3ccccc3)C,0.6,0,N,0.0,CNC(=O)N,O=Cc1cccs1,CC(=O)CC(=O)Nc1ccccc1,C[Si](C)(C)Cl
1949,CN1C(=C(C(NC1=O)c2ccsc2)C(=O)Nc3cccc(Cl)c3)C,0.6,0,N,0.0,CNC(=O)N,O=Cc1ccsc1,CC(=O)CC(=O)Nc1cccc(Cl)c1,C[Si](C)(C)Cl
1950,CN1C(=C(C(NC1=S)c2c(Cl)cccc2Cl)C(=O)Nc3cc(C)on3)C,0.6,1,N,57.5,CNC(=S)N,Clc1cccc(Cl)c1C=O,CC(=O)CC(=O)Nc1cc(C)on1,C[Si](C)(C)Cl
1951,CN1C(=C(C(NC1=S)c2c(Cl)cccc2Cl)C(=O)Nc3cc(C)on3)C,0.6,0,N,0.0,CNC(=S)N,Clc1cccc(Cl)c1C=O,CC(=O)CC(=O)Nc1cc(C)on1,C[Si](C)(C)Cl
1952,CN1C(=C(C(NC1=S)c2c(F)cccc2F)C(=O)N3CCOCC3)C,0.6,1,N,47.83,CNC(=S)N,Fc1cccc(F)c1C=O,CC(=O)CC(=O)N1CCOCC1,C[Si](C)(C)Cl
1953,CN1C(=C(C(NC1=S)c2c(F)cccc2F)C(=O)Nc3cc(C)on3)C,0.6,1,N,53.33,CNC(=S)N,Fc1cccc(F)c1C=O,CC(=O)CC(=O)Nc1cc(C)on1,C[Si](C)(C)Cl
1954,CN1C(=C(C(NC1=S)c2cc3ccccc3nc2O)C(=O)Nc4ccc(C)cc4)C,0.6,1,N,46.67,CNC(=S)N,Oc1nc2ccccc2cc1C=O,CC(=O)CC(=O)Nc1ccc(C)cc1,C[Si](C)(C)Cl
1955,CN1C(=C(C(NC1=S)c2ccc(Br)c(c2)[N+](=O)[O-])C(=O)Nc3cc(C)on3)C,0.6,1,N,47.5,CNC(=S)N,[O-][N+](=O)c1cc(C=O)ccc1Br,CC(=O)CC(=O)Nc1cc(C)on1,C[Si](C)(C)Cl
1956,CN1C(=C(C(NC1=S)c2ccc(Br)cc2)C(=O)Nc3cc(C)on3)C,0.6,1,N,79.67,CNC(=S)N,Brc1ccc(C=O)cc1,CC(=O)CC(=O)Nc1cc(C)on1,C[Si](C)(C)Cl
1957,CN1C(=C(C(NC1=S)c2ccc(Cl)c(Cl)c2)C(=O)Nc3cc(C)on3)C,0.6,1,N,68.33,CNC(=S)N,Clc1ccc(C=O)cc1Cl,CC(=O)CC(=O)Nc1cc(C)on1,C[Si](C)(C)Cl
1958,CN1C(=C(C(NC1=S)c2ccc(Cl)c(c2)[N+](=O)[O-])C(=O)Nc3cc(C)on3)C,0.6,1,N,69.17,CNC(=S)N,[O-][N+](=O)c1cc(C=O)ccc1Cl,CC(=O)CC(=O)Nc1cc(C)on1,C[Si](C)(C)Cl
1959,CN1C(=C(C(NC1=S)c2ccc(Cl)cc2Cl)C(=O)N3CCOCC3)C,0.6,1,N,67.67,CNC(=S)N,Clc1ccc(C=O)c(Cl)c1,CC(=O)CC(=O)N1CCOCC1,C[Si](C)(C)Cl
1960,CN1C(=C(C(NC1=S)c2ccc(Cl)cc2Cl)C(=O)Nc3cc(C)on3)C,0.6,1,N,46.67,CNC(=S)N,Clc1ccc(C=O)c(Cl)c1,CC(=O)CC(=O)Nc1cc(C)on1,C[Si](C)(C)Cl
1961,CN1C(=C(C(NC1=S)c2ccc(F)c(Br)c2)C(=O)Nc3cc(C)on3)C,0.6,1,N,44.17,CNC(=S)N,Fc1ccc(C=O)cc1Br,CC(=O)CC(=O)Nc1cc(C)on1,C[Si](C)(C)Cl
1962,CN1C(=C(C(NC1=S)c2ccc(F)cc2)C(=O)Nc3cc(C)on3)C,0.6,1,N,61.67,CNC(=S)N,Fc1ccc(C=O)cc1,CC(=O)CC(=O)Nc1cc(C)on1,C[Si](C)(C)Cl
1963,CN1C(=C(C(NC1=S)c2ccc(F)cc2)C(=O)Nc3cccc(c3)[N+](=O)[O-])C,0.6,1,N,20.83,CNC(=S)N,Fc1ccc(C=O)cc1,CC(=O)CC(=O)Nc1cccc(c1)[N+](=O)[O-],C[Si](C)(C)Cl
1964,CN1C(=C(C(NC1=S)c2ccc(F)cc2F)C(=O)Nc3cc(C)on3)C,0.6,1,N,43.33,CNC(=S)N,Fc1ccc(C=O)c(F)c1,CC(=O)CC(=O)Nc1cc(C)on1,C[Si](C)(C)Cl
1965,CN1C(=C(C(NC1=S)c2ccc(OC(F)F)cc2)C(=O)Nc3cc(C)on3)C,0.6,1,N,35.0,CNC(=S)N,FC(F)Oc1ccc(C=O)cc1,CC(=O)CC(=O)Nc1cc(C)on1,C[Si](C)(C)Cl
1966,CN1C(=C(C(NC1=S)c2ccc(cc2)[N+](=O)[O-])C(=O)Nc3cc(C)on3)C,0.6,1,N,55.0,CNC(=S)N,[O-][N+](=O)c1ccc(C=O)cc1,CC(=O)CC(=O)Nc1cc(C)on1,C[Si](C)(C)Cl
1967,CN1C(=C(C(NC1=S)c2ccc(cc2)n3cncn3)C(=O)Nc4ccc(Br)cc4)C,0.6,1,N,63.33,CNC(=S)N,O=Cc1ccc(cc1)n2cncn2,CC(=O)CC(=O)Nc1ccc(Br)cc1,C[Si](C)(C)Cl
1968,CN1C(=C(C(NC1=S)c2cccc(Br)c2)C(=O)Nc3cc(C)on3)C,0.6,1,N,61.67,CNC(=S)N,Brc1cccc(C=O)c1,CC(=O)CC(=O)Nc1cc(C)on1,C[Si](C)(C)Cl
1969,CN1C(=C(C(NC1=S)c2cccc(C#N)c2)C(=O)Nc3cc(C)on3)C,0.6,1,N,78.33,CNC(=S)N,O=Cc1cccc(C#N)c1,CC(=O)CC(=O)Nc1cc(C)on1,C[Si](C)(C)Cl
1970,CN1C(=C(C(NC1=S)c2cccc(Cl)c2Cl)C(=O)Nc3cc(C)on3)C,0.6,1,N,70.0,CNC(=S)N,Clc1cccc(C=O)c1Cl,CC(=O)CC(=O)Nc1cc(C)on1,C[Si](C)(C)Cl
1971,CN1C(=C(C(NC1=S)c2cccc(F)c2)C(=O)Nc3cc(C)on3)C,0.6,1,N,55.0,CNC(=S)N,Fc1cccc(C=O)c1,CC(=O)CC(=O)Nc1cc(C)on1,C[Si](C)(C)Cl
1972,CN1C(=C(C(NC1=S)c2cccc(c2)C(F)(F)F)C(=O)Nc3cc(C)on3)C,0.6,1,N,50.0,CNC(=S)N,FC(F)(F)c1cccc(C=O)c1,CC(=O)CC(=O)Nc1cc(C)on1,C[Si](C)(C)Cl
1973,CN1C(=C(C(NC1=S)c2ccccc2)C(=O)Nc3cc(C)on3)C,0.6,1,N,30.17,CNC(=S)N,O=Cc1ccccc1,CC(=O)CC(=O)Nc1cc(C)on1,C[Si](C)(C)Cl
1974,CN1C(=C(C(NC1=S)c2ccccc2C(F)(F)F)C(=O)Nc3cc(C)on3)C,0.6,1,N,86.67,CNC(=S)N,FC(F)(F)c1ccccc1C=O,CC(=O)CC(=O)Nc1cc(C)on1,C[Si](C)(C)Cl
1975,CN1C(=C(C(NC1=S)c2ccccc2Cl)C(=O)Nc3cc(C)on3)C,0.6,1,N,67.5,CNC(=S)N,Clc1ccccc1C=O,CC(=O)CC(=O)Nc1cc(C)on1,C[Si](C)(C)Cl
1976,CN1C(=C(C(NC1=S)c2ccccc2F)C(=O)Nc3cc(C)on3)C,0.6,1,N,76.67,CNC(=S)N,Fc1ccccc1C=O,CC(=O)CC(=O)Nc1cc(C)on1,C[Si](C)(C)Cl
1977,CN1C(=C(C(NC1=S)c2csc(n2)c3ccc(Cl)cc3)C(=O)Nc4cc(C)on4)C,0.6,1,N,31.67,CNC(=S)N,Clc1ccc(cc1)c2nc(C=O)cs2,CC(=O)CC(=O)Nc1cc(C)on1,C[Si](C)(C)Cl
1978,CN1C(=S)NC(C(=C1c2ccc(F)cc2)C(=O)C)c3ccsc3,0.6,1,N,36.67,CNC(=S)N,O=Cc1ccsc1,CC(=O)CC(=O)c1ccc(F)cc1,C[Si](C)(C)Cl
1979,CN1C(C(=C(C)N(C)C1=O)C(=O)N2CCOCC2)c3c(F)cccc3F,0.6,0,N,0.0,CNC(=O)NC,Fc1cccc(F)c1C=O,CC(=O)CC(=O)N1CCOCC1,C[Si](C)(C)Cl
1980,CN1C(C(=C(C)N(C)C1=O)C(=O)N2CCOCC2)c3ccc(Cl)c(c3)[N+](=O)[O-],0.6,1,N,24.67,CNC(=O)NC,[O-][N+](=O)c1cc(C=O)ccc1Cl,CC(=O)CC(=O)N1CCOCC1,C[Si](C)(C)Cl
1981,CN1C(C(=C(C)N(C)C1=O)C(=O)N2CCOCC2)c3ccc(F)c(F)c3,0.6,0,N,0.0,CNC(=O)NC,Fc1ccc(C=O)cc1F,CC(=O)CC(=O)N1CCOCC1,C[Si](C)(C)Cl
1982,CN1C(C(=C(C)N(C)C1=O)C(=O)N2CCOCC2)c3ccc(F)cc3,0.6,0,N,0.0,CNC(=O)NC,Fc1ccc(C=O)cc1,CC(=O)CC(=O)N1CCOCC1,C[Si](C)(C)Cl
1983,CN1C(C(=C(C)N(C)C1=O)C(=O)N2CCOCC2)c3ccc(cc3)[N+](=O)[O-],0.6,1,N,26.5,CNC(=O)NC,[O-][N+](=O)c1ccc(C=O)cc1,CC(=O)CC(=O)N1CCOCC1,C[Si](C)(C)Cl
1984,CN1C(C(=C(C)N(C)C1=O)C(=O)N2CCOCC2)c3cccc(F)c3,0.6,0,N,0.0,CNC(=O)NC,Fc1cccc(C=O)c1,CC(=O)CC(=O)N1CCOCC1,C[Si](C)(C)Cl
1985,CN1C(C(=C(C)N(C)C1=O)C(=O)N2CCOCC2)c3ccccc3,0.6,0,N,0.0,CNC(=O)NC,O=Cc1ccccc1,CC(=O)CC(=O)N1CCOCC1,C[Si](C)(C)Cl
1986,CN1C(C(=C(C)N(C)C1=O)C(=O)N2CCOCC2)c3ccccc3F,0.6,0,N,0.0,CNC(=O)NC,Fc1ccccc1C=O,CC(=O)CC(=O)N1CCOCC1,C[Si](C)(C)Cl
1987,CN1C(C(=C(C)N(C)C1=O)C(=O)N2CCOCC2)c3cccs3,0.6,0,N,0.0,CNC(=O)NC,O=Cc1cccs1,CC(=O)CC(=O)N1CCOCC1,C[Si](C)(C)Cl
1988,CN1C(C(=C(C)N(C)C1=O)C(=O)Nc2cc(C)on2)c3c(Cl)cccc3Cl,0.6,1,N,13.5,CNC(=O)NC,Clc1cccc(Cl)c1C=O,CC(=O)CC(=O)Nc1cc(C)on1,C[Si](C)(C)Cl
1989,CN1C(C(=C(C)N(C)C1=O)C(=O)Nc2cc(C)on2)c3c(Cl)cccc3Cl,0.6,1,N,8.33,CNC(=O)NC,Clc1cccc(Cl)c1C=O,CC(=O)CC(=O)Nc1cc(C)on1,C[Si](C)(C)Cl
1990,CN1C(C(=C(C)N(C)C1=O)C(=O)Nc2cc(C)on2)c3c(F)cccc3F,0.6,0,N,0.0,CNC(=O)NC,Fc1cccc(F)c1C=O,CC(=O)CC(=O)Nc1cc(C)on1,C[Si](C)(C)Cl
1991,CN1C(C(=C(C)N(C)C1=O)C(=O)Nc2cc(C)on2)c3c(F)cccc3F,0.6,1,N,9.17,CNC(=O)NC,Fc1cccc(F)c1C=O,CC(=O)CC(=O)Nc1cc(C)on1,C[Si](C)(C)Cl
1992,CN1C(C(=C(C)N(C)C1=O)C(=O)Nc2cc(C)on2)c3c(F)cccc3F,0.6,0,N,0.0,CNC(=O)NC,Fc1cccc(F)c1C=O,CC(=O)CC(=O)Nc1cc(C)on1,C[Si](C)(C)Cl
1993,CN1C(C(=C(C)N(C)C1=O)C(=O)Nc2cc(C)on2)c3c(F)cccc3F,0.6,0,N,0.0,CNC(=O)NC,Fc1cccc(F)c1C=O,CC(=O)CC(=O)Nc1cc(C)on1,C[Si](C)(C)Cl
1994,CN1C(C(=C(C)N(C)C1=O)C(=O)Nc2cc(C)on2)c3c(F)cccc3F,0.6,1,N,16.67,CNC(=O)NC,Fc1cccc(F)c1C=O,CC(=O)CC(=O)Nc1cc(C)on1,C[Si](C)(C)Cl
1995,CN1C(C(=C(C)N(C)C1=O)C(=O)Nc2cc(C)on2)c3ccc(Cl)c(Cl)c3,0.6,1,N,24.0,CNC(=O)NC,Clc1ccc(C=O)cc1Cl,CC(=O)CC(=O)Nc1cc(C)on1,C[Si](C)(C)Cl
1996,CN1C(C(=C(C)N(C)C1=O)C(=O)Nc2cc(C)on2)c3ccc(Cl)cc3Cl,0.6,0,N,0.0,CNC(=O)NC,Clc1ccc(C=O)c(Cl)c1,CC(=O)CC(=O)Nc1cc(C)on1,C[Si](C)(C)Cl
1997,CN1C(C(=C(C)N(C)C1=O)C(=O)Nc2cc(C)on2)c3ccc(Cl)cc3Cl,0.6,1,N,5.5,CNC(=O)NC,Clc1ccc(C=O)c(Cl)c1,CC(=O)CC(=O)Nc1cc(C)on1,C[Si](C)(C)Cl
1998,CN1C(C(=C(C)N(C)C1=O)C(=O)Nc2cc(C)on2)c3ccc(F)c(Br)c3,0.6,1,N,13.33,CNC(=O)NC,Fc1ccc(C=O)cc1Br,CC(=O)CC(=O)Nc1cc(C)on1,C[Si](C)(C)Cl
1999,CN1C(C(=C(C)N(C)C1=O)C(=O)Nc2cc(C)on2)c3ccc(F)c(Br)c3,0.6,0,N,0.0,CNC(=O)NC,Fc1ccc(C=O)cc1Br,CC(=O)CC(=O)Nc1cc(C)on1,C[Si](C)(C)Cl
2000,CN1C(C(=C(C)N(C)C1=O)C(=O)Nc2cc(C)on2)c3ccc(F)cc3,0.6,0,N,0.0,CNC(=O)NC,Fc1ccc(C=O)cc1,CC(=O)CC(=O)Nc1cc(C)on1,C[Si](C)(C)Cl
2001,CN1C(C(=C(C)N(C)C1=O)C(=O)Nc2cc(C)on2)c3ccc(F)cc3,0.6,0,N,0.0,CNC(=O)NC,Fc1ccc(C=O)cc1,CC(=O)CC(=O)Nc1cc(C)on1,C[Si](C)(C)Cl
2002,CN1C(C(=C(C)N(C)C1=O)C(=O)Nc2cc(C)on2)c3ccc(F)cc3F,0.6,1,N,17.17,CNC(=O)NC,Fc1ccc(C=O)c(F)c1,CC(=O)CC(=O)Nc1cc(C)on1,C[Si](C)(C)Cl
2003,CN1C(C(=C(C)N(C)C1=O)C(=O)Nc2cc(C)on2)c3ccc(OC(F)F)cc3,0.6,0,N,0.0,CNC(=O)NC,FC(F)Oc1ccc(C=O)cc1,CC(=O)CC(=O)Nc1cc(C)on1,C[Si](C)(C)Cl
2004,CN1C(C(=C(C)N(C)C1=O)C(=O)Nc2cc(C)on2)c3ccc(OC(F)F)cc3,0.6,0,N,0.0,CNC(=O)NC,FC(F)Oc1ccc(C=O)cc1,CC(=O)CC(=O)Nc1cc(C)on1,C[Si](C)(C)Cl
2005,CN1C(C(=C(C)N(C)C1=O)C(=O)Nc2cc(C)on2)c3cccc(Br)c3,0.6,0,N,0.0,CNC(=O)NC,Brc1cccc(C=O)c1,CC(=O)CC(=O)Nc1cc(C)on1,C[Si](C)(C)Cl
2006,CN1C(C(=C(C)N(C)C1=O)C(=O)Nc2cc(C)on2)c3cccc(Cl)c3Cl,0.6,0,N,0.0,CNC(=O)NC,Clc1cccc(C=O)c1Cl,CC(=O)CC(=O)Nc1cc(C)on1,C[Si](C)(C)Cl
2007,CN1C(C(=C(C)N(C)C1=O)C(=O)Nc2cc(C)on2)c3cccc(F)c3,0.6,0,N,0.0,CNC(=O)NC,Fc1cccc(C=O)c1,CC(=O)CC(=O)Nc1cc(C)on1,C[Si](C)(C)Cl
2008,CN1C(C(=C(C)N(C)C1=O)C(=O)Nc2cc(C)on2)c3cccc(F)c3,0.6,0,N,0.0,CNC(=O)NC,Fc1cccc(C=O)c1,CC(=O)CC(=O)Nc1cc(C)on1,C[Si](C)(C)Cl
2009,CN1C(C(=C(C)N(C)C1=O)C(=O)Nc2cc(C)on2)c3cccc(c3)C(F)(F)F,0.6,1,N,25.0,CNC(=O)NC,FC(F)(F)c1cccc(C=O)c1,CC(=O)CC(=O)Nc1cc(C)on1,C[Si](C)(C)Cl
2010,CN1C(C(=C(C)N(C)C1=O)C(=O)Nc2cc(C)on2)c3ccccc3,0.6,0,N,0.0,CNC(=O)NC,O=Cc1ccccc1,CC(=O)CC(=O)Nc1cc(C)on1,C[Si](C)(C)Cl
2011,CN1C(C(=C(C)N(C)C1=O)C(=O)Nc2cc(C)on2)c3ccccc3,0.6,0,N,0.0,CNC(=O)NC,O=Cc1ccccc1,CC(=O)CC(=O)Nc1cc(C)on1,C[Si](C)(C)Cl
2012,CN1C(C(=C(C)N(C)C1=O)C(=O)Nc2cc(C)on2)c3ccccc3,0.6,0,N,0.0,CNC(=O)NC,O=Cc1ccccc1,CC(=O)CC(=O)Nc1cc(C)on1,C[Si](C)(C)Cl
2013,CN1C(C(=C(C)N(C)C1=O)C(=O)Nc2cc(C)on2)c3ccccc3C(F)(F)F,0.6,1,N,45.5,CNC(=O)NC,FC(F)(F)c1ccccc1C=O,CC(=O)CC(=O)Nc1cc(C)on1,C[Si](C)(C)Cl
2014,CN1C(C(=C(C)N(C)C1=O)C(=O)Nc2cc(C)on2)c3ccccc3Cl,0.6,1,N,25.5,CNC(=O)NC,Clc1ccccc1C=O,CC(=O)CC(=O)Nc1cc(C)on1,C[Si](C)(C)Cl
2015,CN1C(C(=C(C)N(C)C1=O)C(=O)Nc2ccc(Cl)cc2)c3cccs3,0.6,0,N,0.0,CNC(=O)NC,O=Cc1cccs1,CC(=O)CC(=O)Nc1ccc(Cl)cc1,C[Si](C)(C)Cl
2016,CN1C(C(=C(C)N(C)C1=O)C(=O)Nc2ccc(Cl)cc2)c3cccs3,0.6,0,N,0.0,CNC(=O)NC,O=Cc1cccs1,CC(=O)CC(=O)Nc1ccc(Cl)cc1,C[Si](C)(C)Cl
2017,CN1C(C(=C(C)N(C)C1=O)C(=O)Nc2ccc(Cl)cc2)c3cccs3,0.6,0,N,0.0,CNC(=O)NC,O=Cc1cccs1,CC(=O)CC(=O)Nc1ccc(Cl)cc1,C[Si](C)(C)Cl
2018,CN1C(C(=C(C)N(C)C1=O)C(=O)Nc2ccc(F)c(F)c2)c3cccc(C#N)c3,0.6,1,N,5.33,CNC(=O)NC,O=Cc1cccc(C#N)c1,CC(=O)CC(=O)Nc1ccc(F)c(F)c1,C[Si](C)(C)Cl
2019,CN1C(C(=C(C)N(C)C1=O)C(=O)Nc2ccccc2)c3c(F)cccc3F,0.6,1,N,8.83,CNC(=O)NC,Fc1cccc(F)c1C=O,CC(=O)CC(=O)Nc1ccccc1,C[Si](C)(C)Cl
2020,CN1C(C(=C(C)N(C)C1=O)C(=O)Nc2ccccc2F)c3ccccc3F,0.6,1,N,15.67,CNC(=O)NC,Fc1ccccc1C=O,CC(=O)CC(=O)Nc1ccccc1F,C[Si](C)(C)Cl
2021,CN1C(C(=C(C)N(C)C1=O)C(=O)Nc2ccccc2F)c3ccccc3F,0.6,0,N,0.0,CNC(=O)NC,Fc1ccccc1C=O,CC(=O)CC(=O)Nc1ccccc1F,C[Si](C)(C)Cl
2022,CN1C(C(=C(C)N(C)C1=S)C(=O)N2CCOCC2)c3c(F)cccc3F,0.6,0,N,0.0,CNC(=S)NC,Fc1cccc(F)c1C=O,CC(=O)CC(=O)N1CCOCC1,C[Si](C)(C)Cl
2023,CN1C(C(=C(C)N(C)C1=S)C(=O)Nc2ccc(Br)cc2)c3ccccc3C(F)(F)F,0.9,1,N,20.56,CNC(=S)NC,FC(F)(F)c1ccccc1C=O,CC(=O)CC(=O)Nc1ccc(Br)cc1,
2024,CN1C(C(=C(C)N(C)C1=S)C(=O)Nc2ccc(Br)cc2)c3ccccc3OC(F)F,0.6,0,N,0.0,CNC(=S)NC,FC(F)Oc1ccccc1C=O,CC(=O)CC(=O)Nc1ccc(Br)cc1,
2025,CN1C(C(=C(C)N(C)C1=S)C(=O)Nc2ccc(C)cc2)c3c(F)cccc3F,0.6,0,N,0.0,CNC(=S)NC,Fc1cccc(F)c1C=O,CC(=O)CC(=O)Nc1ccc(C)cc1,C[Si](C)(C)Cl
2026,CN1C(C(=C(C)N(C)C1=S)C(=O)Nc2ccc(C)cc2)c3c(F)cccc3F,0.6,0,N,0.0,CNC(=S)NC,Fc1cccc(F)c1C=O,CC(=O)CC(=O)Nc1ccc(C)cc1,C[Si](C)(C)Cl
2027,CN1C(C(=C(C)N(C)C1=S)C(=O)Nc2ccc(C)cc2)c3ccc(Cl)cc3Cl,0.6,0,N,0.0,CNC(=S)NC,Clc1ccc(C=O)c(Cl)c1,CC(=O)CC(=O)Nc1ccc(C)cc1,
2028,CN1C(C(=C(C)N(C)C1=S)C(=O)Nc2ccc(Cl)cc2)c3cccc(c3)C(F)(F)F,0.6,0,N,0.0,CNC(=S)NC,FC(F)(F)c1cccc(C=O)c1,CC(=O)CC(=O)Nc1ccc(Cl)cc1,C[Si](C)(C)Cl
2029,CN1C(C(=C(C)N(C)C1=S)C(=O)Nc2ccc(Cl)cc2)c3cccc(c3)C(F)(F)F,0.6,1,N,26.67,CNC(=S)NC,FC(F)(F)c1cccc(C=O)c1,CC(=O)CC(=O)Nc1ccc(Cl)cc1,C[Si](C)(C)Cl
2030,CN1C(C(=C(C)N(C)C1=S)C(=O)Nc2cccc(Cl)c2)c3cccc(c3)C(F)(F)F,0.6,0,N,0.0,CNC(=S)NC,FC(F)(F)c1cccc(C=O)c1,CC(=O)CC(=O)Nc1cccc(Cl)c1,C[Si](C)(C)Cl
2031,CN1C(C(=C(C)N(C)C1=S)C(=O)Nc2cccc(Cl)c2)c3cccc(c3)C(F)(F)F,0.6,0,N,0.0,CNC(=S)NC,FC(F)(F)c1cccc(C=O)c1,CC(=O)CC(=O)Nc1cccc(Cl)c1,C[Si](C)(C)Cl
2032,CN1C(C(=C(C)N(C)C1=S)C(=O)Nc2cccc(Cl)c2)c3cccc(c3)C(F)(F)F,0.6,0,N,0.0,CNC(=S)NC,FC(F)(F)c1cccc(C=O)c1,CC(=O)CC(=O)Nc1cccc(Cl)c1,C[Si](C)(C)Cl
2033,CN1C(C(=C(C)N(C)C1=S)C(=O)Nc2ccccc2Cl)c3ccccc3Cl,0.6,1,N,10.0,CNC(=S)NC,Clc1ccccc1C=O,CC(=O)CC(=O)Nc1ccccc1Cl,C[Si](C)(C)Cl
2034,CN1C(C(=C(C)N(C)C1=S)C(=O)Nc2ccccc2Cl)c3ccccc3Cl,0.6,0,N,0.0,CNC(=S)NC,Clc1ccccc1C=O,CC(=O)CC(=O)Nc1ccccc1Cl,C[Si](C)(C)Cl
2035,CNC(=O)C1=C(C)N(C(=S)NC1c2c(F)cccc2F)c3ccc(Cl)cc3,0.6,0,N,0.0,NC(=S)Nc1ccc(Cl)cc1,Fc1cccc(F)c1C=O,CNC(=O)CC(=O)C,C[Si](C)(C)Cl
2036,CNC(=O)C1=C(C)N(C(=S)NC1c2ccc(Cl)c(c2)[N+](=O)[O-])c3ccc(C)c(F)c3,0.6,0,N,0.0,Cc1ccc(NC(=S)N)cc1F,[O-][N+](=O)c1cc(C=O)ccc1Cl,CNC(=O)CC(=O)C,C[Si](C)(C)Cl
2037,CNC(=O)C1=C(C)N(C(=S)NC1c2ccc(Cl)c(c2)[N+](=O)[O-])c3ccc(OC)cc3,0.6,0,N,0.0,COc1ccc(NC(=S)N)cc1,[O-][N+](=O)c1cc(C=O)ccc1Cl,CNC(=O)CC(=O)C,C[Si](C)(C)Cl
2038,CNC(=O)C1=C(C)N(C(=S)NC1c2ccccc2OC(F)F)c3cccc(c3)C(F)(F)F,0.6,0,N,0.0,NC(=S)Nc1cccc(c1)C(F)(F)F,FC(F)Oc1ccccc1C=O,CNC(=O)CC(=O)C,C[Si](C)(C)Cl
2039,CNC(=O)C1=C(C)N(CC(C)C)C(=S)NC1c2ccccc2F,0.6,0,N,0.0,CC(C)CNC(=S)N,Fc1ccccc1C=O,CNC(=O)CC(=O)C,C[Si](C)(C)Cl
2040,COC(=O)C(=O)C1=C(C)NC(=S)NC1c2ccccc2,0.6,0,N,0.0,NC(=S)N,O=Cc1ccccc1,COC(=O)C(=O)CC(=O)C,C[Si](C)(C)Cl
2041,COC(=O)C(=O)C1=C(NC(=S)NC1c2ccc(Cl)cc2)C3CC3,0.6,0,N,0.0,NC(=S)N,Clc1ccc(C=O)cc1,COC(=O)C(=O)CC(=O)C1CC1,C[Si](C)(C)Cl
2042,COC(=O)C(=O)C1=C(NC(=S)NC1c2ccc(SC)cc2)C3CC3,0.6,0,N,0.0,NC(=S)N,CSc1ccc(C=O)cc1,COC(=O)C(=O)CC(=O)C1CC1,C[Si](C)(C)Cl
2043,COC(=O)C(=O)C1=C(NC(=S)NC1c2ccc(cc2)C(=O)OC)C3CC3,0.6,0,N,0.0,NC(=S)N,COC(=O)c1ccc(C=O)cc1,COC(=O)C(=O)CC(=O)C1CC1,C[Si](C)(C)Cl
2044,COC(=O)C(=O)C1=C(NC(=S)NC1c2ccccc2)c3ccccc3,0.6,0,N,0.0,NC(=S)N,O=Cc1ccccc1,COC(=O)C(=O)CC(=O)c1ccccc1,C[Si](C)(C)Cl
2045,COC(=O)C1=C(C(C)C)N(C(=S)NC1c2c(F)cccc2F)c3ccc4OCCOc4c3,0.6,0,N,0.0,NC(=S)Nc1ccc2OCCOc2c1,Fc1cccc(F)c1C=O,COC(=O)CC(=O)C(C)C,C[Si](C)(C)Cl
2046,COC(=O)C1=C(C(C)C)N(C(=S)NC1c2c(F)cccc2F)c3ccc4OCCOc4c3,0.6,0,N,0.0,NC(=S)Nc1ccc2OCCOc2c1,Fc1cccc(F)c1C=O,COC(=O)CC(=O)C(C)C,C[Si](C)(C)Cl
2047,COC(=O)C1=C(C(C)C)N(C(=S)NC1c2ccc(F)cc2F)c3ccc4OCCOc4c3,0.6,0,N,0.0,NC(=S)Nc1ccc2OCCOc2c1,Fc1ccc(C=O)c(F)c1,COC(=O)CC(=O)C(C)C,C[Si](C)(C)Cl
2048,COC(=O)C1=C(C(C)C)N(C(=S)NC1c2ccc(F)cc2F)c3ccc4OCCOc4c3,0.6,0,N,0.0,NC(=S)Nc1ccc2OCCOc2c1,Fc1ccc(C=O)c(F)c1,COC(=O)CC(=O)C(C)C,C[Si](C)(C)Cl
2049,COC(=O)C1=C(C(C)C)N(C(=S)NC1c2cccc(F)c2)c3ccc4OCCOc4c3,0.6,0,N,0.0,NC(=S)Nc1ccc2OCCOc2c1,Fc1cccc(C=O)c1,COC(=O)CC(=O)C(C)C,C[Si](C)(C)Cl
2050,COC(=O)C1=C(C(C)C)N(C(=S)NC1c2cccc(F)c2)c3ccc4OCCOc4c3,0.6,0,N,0.0,NC(=S)Nc1ccc2OCCOc2c1,Fc1cccc(C=O)c1,COC(=O)CC(=O)C(C)C,C[Si](C)(C)Cl
2051,COC(=O)C1=C(C(C)C)N(C(=S)NC1c2ccccc2)c3ccc4OCCOc4c3,0.6,0,N,0.0,NC(=S)Nc1ccc2OCCOc2c1,O=Cc1ccccc1,COC(=O)CC(=O)C(C)C,C[Si](C)(C)Cl
2052,COC(=O)C1=C(C(C)C)N(C(=S)NC1c2ccccc2)c3ccc4OCCOc4c3,0.6,0,N,0.0,NC(=S)Nc1ccc2OCCOc2c1,O=Cc1ccccc1,COC(=O)CC(=O)C(C)C,C[Si](C)(C)Cl
2053,COC(=O)C1=C(C(C)C)N(C(=S)NC1c2cccs2)c3ccc4OCCOc4c3,0.6,0,N,0.0,NC(=S)Nc1ccc2OCCOc2c1,O=Cc1cccs1,COC(=O)CC(=O)C(C)C,C[Si](C)(C)Cl
2054,COC(=O)C1=C(C(NC(=S)N1)c2ccc(Cl)s2)C(=O)c3cccs3,0.287,1,N,13.95,NC(=S)N,Clc1ccc(C=O)s1,COC(=O)C(=O)CC(=O)c1cccs1,C[Si](C)(C)Cl
2055,COC(=O)C1=C(C)N(C(=O)N(C)C1c2ccc(C)s2)c3ccc(cc3)[N+](=O)[O-],0.6,0,N,0.0,CNC(=O)Nc1ccc(cc1)[N+](=O)[O-],Cc1ccc(C=O)s1,COC(=O)CC(=O)C,C[Si](C)(C)Cl
2056,COC(=O)C1=C(C)N(C(=O)N(C)C1c2ccc(C)s2)c3cccc(c3)[N+](=O)[O-],0.6,1,N,20.17,CNC(=O)Nc1cccc(c1)[N+](=O)[O-],Cc1ccc(C=O)s1,COC(=O)CC(=O)C,C[Si](C)(C)Cl
2057,COC(=O)C1=C(C)N(C(=O)N(C)C1c2ccc(C)s2)c3cccc(c3)[N+](=O)[O-],0.6,0,N,0.0,CNC(=O)Nc1cccc(c1)[N+](=O)[O-],Cc1ccc(C=O)s1,COC(=O)CC(=O)C,C[Si](C)(C)Cl
2058,COC(=O)C1=C(C)N(C(=O)N(C)C1c2ccc(F)c(F)c2)c3ccc(cc3)[N+](=O)[O-],0.6,0,N,0.0,CNC(=O)Nc1ccc(cc1)[N+](=O)[O-],Fc1ccc(C=O)cc1F,COC(=O)CC(=O)C,C[Si](C)(C)Cl
2059,COC(=O)C1=C(C)N(C(=O)N(C)C1c2ccc(F)c(F)c2)c3cccc(c3)[N+](=O)[O-],0.6,1,N,42.67,CNC(=O)Nc1cccc(c1)[N+](=O)[O-],Fc1ccc(C=O)cc1F,COC(=O)CC(=O)C,C[Si](C)(C)Cl
2060,COC(=O)C1=C(C)N(C(=O)N(C)C1c2ccc(F)cc2)c3ccc(cc3)[N+](=O)[O-],0.6,0,N,0.0,CNC(=O)Nc1ccc(cc1)[N+](=O)[O-],Fc1ccc(C=O)cc1,COC(=O)CC(=O)C,C[Si](C)(C)Cl
2061,COC(=O)C1=C(C)N(C(=O)N(C)C1c2ccc(F)cc2)c3cccc(c3)[N+](=O)[O-],0.6,1,N,49.67,CNC(=O)Nc1cccc(c1)[N+](=O)[O-],Fc1ccc(C=O)cc1,COC(=O)CC(=O)C,C[Si](C)(C)Cl
2062,COC(=O)C1=C(C)N(C(=O)N(C)C1c2ccc(F)cc2F)c3ccc(cc3)[N+](=O)[O-],0.6,1,N,16.33,CNC(=O)Nc1ccc(cc1)[N+](=O)[O-],Fc1ccc(C=O)c(F)c1,COC(=O)CC(=O)C,C[Si](C)(C)Cl
2063,COC(=O)C1=C(C)N(C(=O)N(C)C1c2ccc(F)cc2F)c3cccc(c3)[N+](=O)[O-],0.6,1,N,31.17,CNC(=O)Nc1cccc(c1)[N+](=O)[O-],Fc1ccc(C=O)c(F)c1,COC(=O)CC(=O)C,C[Si](C)(C)Cl
2064,COC(=O)C1=C(C)N(C(=O)N(C)C1c2ccc(OC)cc2)c3ccc(cc3)[N+](=O)[O-],0.6,0,N,0.0,CNC(=O)Nc1ccc(cc1)[N+](=O)[O-],COc1ccc(C=O)cc1,COC(=O)CC(=O)C,C[Si](C)(C)Cl
2065,COC(=O)C1=C(C)N(C(=O)N(C)C1c2cccc(C#N)c2)c3ccc(cc3)[N+](=O)[O-],0.6,0,N,0.0,CNC(=O)Nc1ccc(cc1)[N+](=O)[O-],O=Cc1cccc(C#N)c1,COC(=O)CC(=O)C,C[Si](C)(C)Cl
2066,COC(=O)C1=C(C)N(C(=O)N(C)C1c2cccc(C#N)c2)c3cccc(c3)[N+](=O)[O-],0.6,0,N,0.0,CNC(=O)Nc1cccc(c1)[N+](=O)[O-],O=Cc1cccc(C#N)c1,COC(=O)CC(=O)C,C[Si](C)(C)Cl
2067,COC(=O)C1=C(C)N(C(=O)N(C)C1c2cccc(F)c2)c3ccc(cc3)[N+](=O)[O-],0.6,0,N,0.0,CNC(=O)Nc1ccc(cc1)[N+](=O)[O-],Fc1cccc(C=O)c1,COC(=O)CC(=O)C,C[Si](C)(C)Cl
2068,COC(=O)C1=C(C)N(C(=O)N(C)C1c2cccc(F)c2)c3cccc(c3)[N+](=O)[O-],0.6,1,N,27.83,CNC(=O)Nc1cccc(c1)[N+](=O)[O-],Fc1cccc(C=O)c1,COC(=O)CC(=O)C,C[Si](C)(C)Cl
2069,COC(=O)C1=C(C)N(C(=O)N(C)C1c2cccc(F)c2)c3cccc(c3)[N+](=O)[O-],0.6,0,N,0.0,CNC(=O)Nc1cccc(c1)[N+](=O)[O-],Fc1cccc(C=O)c1,COC(=O)CC(=O)C,C[Si](C)(C)Cl
2070,COC(=O)C1=C(C)N(C(=O)N(C)C1c2ccccc2F)c3cccc(c3)[N+](=O)[O-],0.6,1,N,9.67,CNC(=O)Nc1cccc(c1)[N+](=O)[O-],Fc1ccccc1C=O,COC(=O)CC(=O)C,C[Si](C)(C)Cl
2071,COC(=O)C1=C(C)N(C(=O)N(C)C1c2cccs2)c3ccc(cc3)[N+](=O)[O-],0.6,0,N,0.0,CNC(=O)Nc1ccc(cc1)[N+](=O)[O-],O=Cc1cccs1,COC(=O)CC(=O)C,C[Si](C)(C)Cl
2072,COC(=O)C1=C(C)N(C(=O)N(C)C1c2cccs2)c3cccc(c3)[N+](=O)[O-],0.6,1,N,10.17,CNC(=O)Nc1cccc(c1)[N+](=O)[O-],O=Cc1cccs1,COC(=O)CC(=O)C,C[Si](C)(C)Cl
2073,COC(=O)C1=C(C)N(C(=O)N(C)C1c2ccsc2)c3ccc(cc3)[N+](=O)[O-],0.6,0,N,0.0,CNC(=O)Nc1ccc(cc1)[N+](=O)[O-],O=Cc1ccsc1,COC(=O)CC(=O)C,C[Si](C)(C)Cl
2074,COC(=O)C1=C(C)N(C(=O)N(C)C1c2ccsc2)c3cccc(c3)[N+](=O)[O-],0.6,1,N,24.0,CNC(=O)Nc1cccc(c1)[N+](=O)[O-],O=Cc1ccsc1,COC(=O)CC(=O)C,C[Si](C)(C)Cl
2075,COC(=O)C1=C(C)N(C(=O)NC1c2c(F)cccc2Cl)c3ccc4OCOc4c3,0.6,1,N,18.17,NC(=O)Nc1ccc2OCOc2c1,Fc1cccc(Cl)c1C=O,COC(=O)CC(=O)C,C[Si](C)(C)Cl
2076,COC(=O)C1=C(C)N(C(=O)NC1c2c(F)cccc2F)c3cc(C)on3,0.6,0,N,0.0,Cc1cc(NC(=O)N)no1,Fc1cccc(F)c1C=O,COC(=O)CC(=O)C,C[Si](C)(C)Cl
2077,COC(=O)C1=C(C)N(C(=O)NC1c2c(F)cccc2F)c3ccc4OCOc4c3,0.6,1,N,20.83,NC(=O)Nc1ccc2OCOc2c1,Fc1cccc(F)c1C=O,COC(=O)CC(=O)C,C[Si](C)(C)Cl
2078,COC(=O)C1=C(C)N(C(=O)NC1c2c(F)cccc2F)c3ccc4OCOc4c3,0.6,1,N,10.17,NC(=O)Nc1ccc2OCOc2c1,Fc1cccc(F)c1C=O,COC(=O)CC(=O)C,C[Si](C)(C)Cl
2079,COC(=O)C1=C(C)N(C(=O)NC1c2c(F)cccc2F)c3ccccc3,0.6,0,N,0.0,NC(=O)Nc1ccccc1,Fc1cccc(F)c1C=O,COC(=O)CC(=O)C,C[Si](C)(C)Cl
2080,COC(=O)C1=C(C)N(C(=O)NC1c2cc(Br)ccc2OC)c3ccc4OCOc4c3,0.6,0,N,0.0,NC(=O)Nc1ccc2OCOc2c1,COc1ccc(Br)cc1C=O,COC(=O)CC(=O)C,C[Si](C)(C)Cl
2081,COC(=O)C1=C(C)N(C(=O)NC1c2cc(Br)ccc2OC)c3ccc4OCOc4c3,0.6,1,N,56.67,NC(=O)Nc1ccc2OCOc2c1,COc1ccc(Br)cc1C=O,COC(=O)CC(=O)C,C[Si](C)(C)Cl
2082,COC(=O)C1=C(C)N(C(=O)NC1c2cc(OC)c(O)c(OC)c2)c3ccc(C#N)cc3,0.6,0,N,0.0,NC(=O)Nc1ccc(C#N)cc1,COc1cc(C=O)cc(OC)c1O,COC(=O)CC(=O)C,C[Si](C)(C)Cl
2083,COC(=O)C1=C(C)N(C(=O)NC1c2cc(OC)c(O)c(OC)c2)c3ccc(C#N)cc3,0.6,0,N,0.0,NC(=O)Nc1ccc(C#N)cc1,COc1cc(C=O)cc(OC)c1O,COC(=O)CC(=O)C,C[Si](C)(C)Cl
2084,COC(=O)C1=C(C)N(C(=O)NC1c2cc(OC)c(O)c(OC)c2)c3ccc(C#N)cc3,0.6,0,N,0.0,NC(=O)Nc1ccc(C#N)cc1,COc1cc(C=O)cc(OC)c1O,COC(=O)CC(=O)C,C[Si](C)(C)Cl
2085,COC(=O)C1=C(C)N(C(=O)NC1c2cc(OC)c(O)c(OC)c2)c3ccc(C#N)cc3,0.6,0,N,0.0,NC(=O)Nc1ccc(C#N)cc1,COc1cc(C=O)cc(OC)c1O,COC(=O)CC(=O)C,C[Si](C)(C)Cl
2086,COC(=O)C1=C(C)N(C(=O)NC1c2cc(OC)c(O)c(OC)c2)c3ccc(cc3)[N+](=O)[O-],0.6,0,N,0.0,NC(=O)Nc1ccc(cc1)[N+](=O)[O-],COc1cc(C=O)cc(OC)c1O,COC(=O)CC(=O)C,C[Si](C)(C)Cl
2087,COC(=O)C1=C(C)N(C(=O)NC1c2cc(OC)c(O)c(OC)c2)c3ccc4OCCOc4c3,0.6,0,N,0.0,NC(=O)Nc1ccc2OCCOc2c1,COc1cc(C=O)cc(OC)c1O,COC(=O)CC(=O)C,C[Si](C)(C)Cl
2088,COC(=O)C1=C(C)N(C(=O)NC1c2cc(OC)c(O)c(OC)c2)c3cccc(c3)[N+](=O)[O-],0.6,0,N,0.0,NC(=O)Nc1cccc(c1)[N+](=O)[O-],COc1cc(C=O)cc(OC)c1O,COC(=O)CC(=O)C,C[Si](C)(C)Cl
2089,COC(=O)C1=C(C)N(C(=O)NC1c2cc3OCOc3c(OC)c2)c4ccc5OCCCOc5c4,0.6,1,N,15.0,NC(=O)Nc1ccc2OCCCOc2c1,COc1cc(C=O)cc2OCOc21,COC(=O)CC(=O)C,C[Si](C)(C)Cl
2090,COC(=O)C1=C(C)N(C(=O)NC1c2ccc(Br)cc2)c3ccc4OCOc4c3,0.6,1,N,35.33,NC(=O)Nc1ccc2OCOc2c1,Brc1ccc(C=O)cc1,COC(=O)CC(=O)C,C[Si](C)(C)Cl
2091,COC(=O)C1=C(C)N(C(=O)NC1c2ccc(C)s2)c3ccc(cc3)S(=O)(=O)C,0.6,0,N,0.0,CS(=O)(=O)c1ccc(NC(=O)N)cc1,Cc1ccc(C=O)s1,COC(=O)CC(=O)C,C[Si](C)(C)Cl
2092,COC(=O)C1=C(C)N(C(=O)NC1c2ccc(Cl)c(c2)[N+](=O)[O-])c3ccc(cc3)C(=O)O,0.6,1,N,37.0,NC(=O)Nc1ccc(cc1)C(=O)O,[O-][N+](=O)c1cc(C=O)ccc1Cl,COC(=O)CC(=O)C,C[Si](C)(C)Cl
2093,COC(=O)C1=C(C)N(C(=O)NC1c2ccc(Cl)c(c2)[N+](=O)[O-])c3ccc4OCOc4c3,0.6,0,N,0.0,NC(=O)Nc1ccc2OCOc2c1,[O-][N+](=O)c1cc(C=O)ccc1Cl,COC(=O)CC(=O)C,C[Si](C)(C)Cl
2094,COC(=O)C1=C(C)N(C(=O)NC1c2ccc(Cl)c(c2)[N+](=O)[O-])c3ccc4OCOc4c3,0.6,1,N,13.33,NC(=O)Nc1ccc2OCOc2c1,[O-][N+](=O)c1cc(C=O)ccc1Cl,COC(=O)CC(=O)C,C[Si](C)(C)Cl
2095,COC(=O)C1=C(C)N(C(=O)NC1c2ccc(Cl)cc2)c3ccc4OCOc4c3,0.6,1,N,100.0,NC(=O)Nc1ccc2OCOc2c1,Clc1ccc(C=O)cc1,COC(=O)CC(=O)C,C[Si](C)(C)Cl
2096,COC(=O)C1=C(C)N(C(=O)NC1c2ccc(Cl)cc2)c3ccc4OCOc4c3,0.6,1,N,6.83,NC(=O)Nc1ccc2OCOc2c1,Clc1ccc(C=O)cc1,COC(=O)CC(=O)C,C[Si](C)(C)Cl
2097,COC(=O)C1=C(C)N(C(=O)NC1c2ccc(Cl)cc2)c3cccc(c3)C(=O)O,0.6,1,N,10.0,NC(=O)Nc1cccc(c1)C(=O)O,Clc1ccc(C=O)cc1,COC(=O)CC(=O)C,C[Si](C)(C)Cl
2098,COC(=O)C1=C(C)N(C(=O)NC1c2ccc(F)cc2)c3ccc4OCOc4c3,0.6,1,N,4.67,NC(=O)Nc1ccc2OCOc2c1,Fc1ccc(C=O)cc1,COC(=O)CC(=O)C,C[Si](C)(C)Cl
2099,COC(=O)C1=C(C)N(C(=O)NC1c2ccc(F)cc2)c3ccc4OCOc4c3,0.6,1,N,32.5,NC(=O)Nc1ccc2OCOc2c1,Fc1ccc(C=O)cc1,COC(=O)CC(=O)C,C[Si](C)(C)Cl
2100,COC(=O)C1=C(C)N(C(=O)NC1c2ccc(F)cc2F)c3ccc(cc3)C(=O)O,0.6,1,N,55.83,NC(=O)Nc1ccc(cc1)C(=O)O,Fc1ccc(C=O)c(F)c1,COC(=O)CC(=O)C,C[Si](C)(C)Cl
2101,COC(=O)C1=C(C)N(C(=O)NC1c2ccc(F)cc2F)c3ccc4OCOc4c3,0.6,0,N,0.0,NC(=O)Nc1ccc2OCOc2c1,Fc1ccc(C=O)c(F)c1,COC(=O)CC(=O)C,C[Si](C)(C)Cl
2102,COC(=O)C1=C(C)N(C(=O)NC1c2ccc(F)cc2F)c3ccc4OCOc4c3,0.6,1,N,25.0,NC(=O)Nc1ccc2OCOc2c1,Fc1ccc(C=O)c(F)c1,COC(=O)CC(=O)C,C[Si](C)(C)Cl
2103,COC(=O)C1=C(C)N(C(=O)NC1c2ccc(F)cc2F)c3ccccc3,0.6,0,N,0.0,NC(=O)Nc1ccccc1,Fc1ccc(C=O)c(F)c1,COC(=O)CC(=O)C,C[Si](C)(C)Cl
2104,COC(=O)C1=C(C)N(C(=O)NC1c2ccc(OC(F)F)c(OC)c2)c3ccc(C#N)cc3,0.6,0,N,0.0,NC(=O)Nc1ccc(C#N)cc1,COc1cc(C=O)ccc1OC(F)F,COC(=O)CC(=O)C,C[Si](C)(C)Cl
2105,COC(=O)C1=C(C)N(C(=O)NC1c2ccc(OC(F)F)cc2)c3ccc(C#N)cc3,0.6,1,N,24.33,NC(=O)Nc1ccc(C#N)cc1,FC(F)Oc1ccc(C=O)cc1,COC(=O)CC(=O)C,C[Si](C)(C)Cl
2106,COC(=O)C1=C(C)N(C(=O)NC1c2ccc(OC(F)F)cc2)c3ccc(cc3)C(=O)O,0.6,0,N,0.0,NC(=O)Nc1ccc(cc1)C(=O)O,FC(F)Oc1ccc(C=O)cc1,COC(=O)CC(=O)C,C[Si](C)(C)Cl
2107,COC(=O)C1=C(C)N(C(=O)NC1c2ccc(OC(F)F)cc2)c3ccc(cc3)C(=O)O,0.6,1,N,55.0,NC(=O)Nc1ccc(cc1)C(=O)O,FC(F)Oc1ccc(C=O)cc1,COC(=O)CC(=O)C,C[Si](C)(C)Cl
2108,COC(=O)C1=C(C)N(C(=O)NC1c2ccc(OC(F)F)cc2)c3ccc4OCOc4c3,0.6,1,N,28.0,NC(=O)Nc1ccc2OCOc2c1,FC(F)Oc1ccc(C=O)cc1,COC(=O)CC(=O)C,C[Si](C)(C)Cl
2109,COC(=O)C1=C(C)N(C(=O)NC1c2ccc(OC)c(OCc3cccnc3)c2)c4ccccc4F,0.6,0,N,0.0,NC(=O)Nc1ccccc1F,COc1ccc(C=O)cc1OCc2cccnc2,COC(=O)CC(=O)C,C[Si](C)(C)Cl
2110,COC(=O)C1=C(C)N(C(=O)NC1c2ccc(OC)cc2)c3ccc(OC)cc3,0.6,1,N,44.33,COc1ccc(NC(=O)N)cc1,COc1ccc(C=O)cc1,COC(=O)CC(=O)C,C[Si](C)(C)Cl
2111,COC(=O)C1=C(C)N(C(=O)NC1c2ccc(OC)cc2)c3ccc4OCCOc4c3,0.6,1,N,17.33,NC(=O)Nc1ccc2OCCOc2c1,COc1ccc(C=O)cc1,COC(=O)CC(=O)C,C[Si](C)(C)Cl
2112,COC(=O)C1=C(C)N(C(=O)NC1c2ccc(cc2)C(=O)OC)c3ccc(OC)cc3,0.6,1,N,24.33,COc1ccc(NC(=O)N)cc1,COC(=O)c1ccc(C=O)cc1,COC(=O)CC(=O)C,C[Si](C)(C)Cl
2113,COC(=O)C1=C(C)N(C(=O)NC1c2ccc(cc2)C(=O)OC)c3ccc4OCOc4c3,0.6,1,N,20.83,NC(=O)Nc1ccc2OCOc2c1,COC(=O)c1ccc(C=O)cc1,COC(=O)CC(=O)C,C[Si](C)(C)Cl
2114,COC(=O)C1=C(C)N(C(=O)NC1c2ccc(cc2)C(=O)OC)c3ccc4OCOc4c3,0.6,0,N,0.0,NC(=O)Nc1ccc2OCOc2c1,COC(=O)c1ccc(C=O)cc1,COC(=O)CC(=O)C,C[Si](C)(C)Cl
2115,COC(=O)C1=C(C)N(C(=O)NC1c2ccc(cc2)[N+](=O)[O-])c3cc(C)on3,0.6,0,N,0.0,Cc1cc(NC(=O)N)no1,[O-][N+](=O)c1ccc(C=O)cc1,COC(=O)CC(=O)C,C[Si](C)(C)Cl
2116,COC(=O)C1=C(C)N(C(=O)NC1c2ccc(cc2)[N+](=O)[O-])c3ccc4OCOc4c3,0.6,1,N,30.83,NC(=O)Nc1ccc2OCOc2c1,[O-][N+](=O)c1ccc(C=O)cc1,COC(=O)CC(=O)C,C[Si](C)(C)Cl
2117,COC(=O)C1=C(C)N(C(=O)NC1c2cccc(Br)c2)c3ccc4OCOc4c3,0.6,0,N,0.0,NC(=O)Nc1ccc2OCOc2c1,Brc1cccc(C=O)c1,COC(=O)CC(=O)C,C[Si](C)(C)Cl
2118,COC(=O)C1=C(C)N(C(=O)NC1c2cccc(Br)c2)c3ccc4OCOc4c3,0.6,0,N,0.0,NC(=O)Nc1ccc2OCOc2c1,Brc1cccc(C=O)c1,COC(=O)CC(=O)C,C[Si](C)(C)Cl
2119,COC(=O)C1=C(C)N(C(=O)NC1c2cccc(Br)c2)c3ccc4OCOc4c3,0.6,1,N,10.0,NC(=O)Nc1ccc2OCOc2c1,Brc1cccc(C=O)c1,COC(=O)CC(=O)C,C[Si](C)(C)Cl
2120,COC(=O)C1=C(C)N(C(=O)NC1c2cccc(Br)c2)c3ccc4OCOc4c3,0.6,0,N,0.0,NC(=O)Nc1ccc2OCOc2c1,Brc1cccc(C=O)c1,COC(=O)CC(=O)C,C[Si](C)(C)Cl
2121,COC(=O)C1=C(C)N(C(=O)NC1c2cccc(C#N)c2)c3cc(C)on3,0.6,1,N,6.67,Cc1cc(NC(=O)N)no1,O=Cc1cccc(C#N)c1,COC(=O)CC(=O)C,C[Si](C)(C)Cl
2122,COC(=O)C1=C(C)N(C(=O)NC1c2cccc(C#N)c2)c3cc(C)on3,0.6,0,N,0.0,Cc1cc(NC(=O)N)no1,O=Cc1cccc(C#N)c1,COC(=O)CC(=O)C,C[Si](C)(C)Cl
2123,COC(=O)C1=C(C)N(C(=O)NC1c2cccc(C#N)c2)c3ccc(C#N)cc3,0.6,1,N,41.67,NC(=O)Nc1ccc(C#N)cc1,O=Cc1cccc(C#N)c1,COC(=O)CC(=O)C,C[Si](C)(C)Cl
2124,COC(=O)C1=C(C)N(C(=O)NC1c2cccc(C#N)c2)c3ccc(C)cc3,0.6,1,N,77.33,Cc1ccc(NC(=O)N)cc1,O=Cc1cccc(C#N)c1,COC(=O)CC(=O)C,C[Si](C)(C)Cl
2125,COC(=O)C1=C(C)N(C(=O)NC1c2cccc(C#N)c2)c3ccc(cc3)[N+](=O)[O-],0.6,1,N,39.33,NC(=O)Nc1ccc(cc1)[N+](=O)[O-],O=Cc1cccc(C#N)c1,COC(=O)CC(=O)C,C[Si](C)(C)Cl
2126,COC(=O)C1=C(C)N(C(=O)NC1c2cccc(C#N)c2)c3cccc(c3)[N+](=O)[O-],0.6,1,N,50.5,NC(=O)Nc1cccc(c1)[N+](=O)[O-],O=Cc1cccc(C#N)c1,COC(=O)CC(=O)C,C[Si](C)(C)Cl
2127,COC(=O)C1=C(C)N(C(=O)NC1c2cccc(F)c2)c3ccc(cc3)C(=O)O,0.6,1,N,46.67,NC(=O)Nc1ccc(cc1)C(=O)O,Fc1cccc(C=O)c1,COC(=O)CC(=O)C,C[Si](C)(C)Cl
2128,COC(=O)C1=C(C)N(C(=O)NC1c2cccc(F)c2)c3ccc4OCOc4c3,0.6,1,N,14.17,NC(=O)Nc1ccc2OCOc2c1,Fc1cccc(C=O)c1,COC(=O)CC(=O)C,C[Si](C)(C)Cl
2129,COC(=O)C1=C(C)N(C(=O)NC1c2cccc(F)c2)c3ccc4OCOc4c3,0.6,0,N,0.0,NC(=O)Nc1ccc2OCOc2c1,Fc1cccc(C=O)c1,COC(=O)CC(=O)C,C[Si](C)(C)Cl
2130,COC(=O)C1=C(C)N(C(=O)NC1c2cccc(F)c2)c3ccccc3,0.6,1,N,4.0,NC(=O)Nc1ccccc1,Fc1cccc(C=O)c1,COC(=O)CC(=O)C,C[Si](C)(C)Cl
2131,COC(=O)C1=C(C)N(C(=O)NC1c2cccc(OC)c2OC)c3ccc(cc3)C(=O)O,0.6,1,N,55.0,NC(=O)Nc1ccc(cc1)C(=O)O,COc1cccc(C=O)c1OC,COC(=O)CC(=O)C,C[Si](C)(C)Cl
2132,COC(=O)C1=C(C)N(C(=O)NC1c2cccc(c2)C(F)(F)F)c3ccc4OCOc4c3,0.6,0,N,0.0,NC(=O)Nc1ccc2OCOc2c1,FC(F)(F)c1cccc(C=O)c1,COC(=O)CC(=O)C,C[Si](C)(C)Cl
2133,COC(=O)C1=C(C)N(C(=O)NC1c2ccccc2)c3cc(C)on3,0.6,0,N,0.0,Cc1cc(NC(=O)N)no1,O=Cc1ccccc1,COC(=O)CC(=O)C,C[Si](C)(C)Cl
2134,COC(=O)C1=C(C)N(C(=O)NC1c2ccccc2)c3ccc(OC)cc3,0.6,1,N,15.67,COc1ccc(NC(=O)N)cc1,O=Cc1ccccc1,COC(=O)CC(=O)C,C[Si](C)(C)Cl
2135,COC(=O)C1=C(C)N(C(=O)NC1c2ccccc2)c3ccc(cc3)C(=O)O,0.6,1,N,48.33,NC(=O)Nc1ccc(cc1)C(=O)O,O=Cc1ccccc1,COC(=O)CC(=O)C,C[Si](C)(C)Cl
2136,COC(=O)C1=C(C)N(C(=O)NC1c2ccccc2)c3ccc4OCCOc4c3,0.6,0,N,0.0,NC(=O)Nc1ccc2OCCOc2c1,O=Cc1ccccc1,COC(=O)CC(=O)C,C[Si](C)(C)Cl
2137,COC(=O)C1=C(C)N(C(=O)NC1c2ccccc2)c3ccc4OCOc4c3,0.6,0,N,0.0,NC(=O)Nc1ccc2OCOc2c1,O=Cc1ccccc1,COC(=O)CC(=O)C,C[Si](C)(C)Cl
2138,COC(=O)C1=C(C)N(C(=O)NC1c2ccccc2)c3ccc4OCOc4c3,0.6,1,N,25.0,NC(=O)Nc1ccc2OCOc2c1,O=Cc1ccccc1,COC(=O)CC(=O)C,C[Si](C)(C)Cl
2139,COC(=O)C1=C(C)N(C(=O)NC1c2ccccc2)c3ccc4OCOc4c3,0.6,1,N,8.5,NC(=O)Nc1ccc2OCOc2c1,O=Cc1ccccc1,COC(=O)CC(=O)C,C[Si](C)(C)Cl
2140,COC(=O)C1=C(C)N(C(=O)NC1c2ccccc2Br)c3ccc4OCOc4c3,0.6,1,N,30.0,NC(=O)Nc1ccc2OCOc2c1,Brc1ccccc1C=O,COC(=O)CC(=O)C,C[Si](C)(C)Cl
2141,COC(=O)C1=C(C)N(C(=O)NC1c2ccccc2C(F)(F)F)c3ccc4OCOc4c3,0.6,1,N,12.5,NC(=O)Nc1ccc2OCOc2c1,FC(F)(F)c1ccccc1C=O,COC(=O)CC(=O)C,C[Si](C)(C)Cl
2142,COC(=O)C1=C(C)N(C(=O)NC1c2ccccc2C(F)(F)F)c3ccc4OCOc4c3,0.6,1,N,33.33,NC(=O)Nc1ccc2OCOc2c1,FC(F)(F)c1ccccc1C=O,COC(=O)CC(=O)C,C[Si](C)(C)Cl
2143,COC(=O)C1=C(C)N(C(=O)NC1c2ccccc2Cl)c3ccc(cc3)C(=O)O,0.6,1,N,34.17,NC(=O)Nc1ccc(cc1)C(=O)O,Clc1ccccc1C=O,COC(=O)CC(=O)C,C[Si](C)(C)Cl
2144,COC(=O)C1=C(C)N(C(=O)NC1c2ccccc2Cl)c3ccc4OCOc4c3,0.6,1,N,28.5,NC(=O)Nc1ccc2OCOc2c1,Clc1ccccc1C=O,COC(=O)CC(=O)C,C[Si](C)(C)Cl
2145,COC(=O)C1=C(C)N(C(=O)NC1c2ccccc2F)c3cc(C)on3,0.6,0,N,0.0,Cc1cc(NC(=O)N)no1,Fc1ccccc1C=O,COC(=O)CC(=O)C,C[Si](C)(C)Cl
2146,COC(=O)C1=C(C)N(C(=O)NC1c2ccccc2F)c3cc(C)on3,0.6,0,N,0.0,Cc1cc(NC(=O)N)no1,Fc1ccccc1C=O,COC(=O)CC(=O)C,C[Si](C)(C)Cl
2147,COC(=O)C1=C(C)N(C(=O)NC1c2ccccc2F)c3ccc(C)cc3,0.6,0,N,0.0,Cc1ccc(NC(=O)N)cc1,Fc1ccccc1C=O,COC(=O)CC(=O)C,C[Si](C)(C)Cl
2148,COC(=O)C1=C(C)N(C(=O)NC1c2ccccc2F)c3ccc4OCOc4c3,0.6,1,N,43.5,NC(=O)Nc1ccc2OCOc2c1,Fc1ccccc1C=O,COC(=O)CC(=O)C,C[Si](C)(C)Cl
2149,COC(=O)C1=C(C)N(C(=O)NC1c2cccs2)c3cc(C)on3,0.6,0,N,0.0,Cc1cc(NC(=O)N)no1,O=Cc1cccs1,COC(=O)CC(=O)C,C[Si](C)(C)Cl
2150,COC(=O)C1=C(C)N(C(=O)NC1c2cccs2)c3ccc(C#N)cc3,0.6,0,N,0.0,NC(=O)Nc1ccc(C#N)cc1,O=Cc1cccs1,COC(=O)CC(=O)C,C[Si](C)(C)Cl
2151,COC(=O)C1=C(C)N(C(=O)NC1c2cccs2)c3ccc(OC)cc3,0.6,1,N,6.5,COc1ccc(NC(=O)N)cc1,O=Cc1cccs1,COC(=O)CC(=O)C,C[Si](C)(C)Cl
2152,COC(=O)C1=C(C)N(C(=O)NC1c2cccs2)c3ccc(cc3)[N+](=O)[O-],0.6,0,N,0.0,NC(=O)Nc1ccc(cc1)[N+](=O)[O-],O=Cc1cccs1,COC(=O)CC(=O)C,C[Si](C)(C)Cl
2153,COC(=O)C1=C(C)N(C(=O)NC1c2cccs2)c3ccc4OCOc4c3,0.6,0,N,0.0,NC(=O)Nc1ccc2OCOc2c1,O=Cc1cccs1,COC(=O)CC(=O)C,C[Si](C)(C)Cl
2154,COC(=O)C1=C(C)N(C(=O)NC1c2cccs2)c3cccc(c3)[N+](=O)[O-],0.6,0,N,0.0,NC(=O)Nc1cccc(c1)[N+](=O)[O-],O=Cc1cccs1,COC(=O)CC(=O)C,C[Si](C)(C)Cl
2155,COC(=O)C1=C(C)N(C(=O)NC1c2ccsc2)c3cc(C)on3,0.6,0,N,0.0,Cc1cc(NC(=O)N)no1,O=Cc1ccsc1,COC(=O)CC(=O)C,C[Si](C)(C)Cl
2156,COC(=O)C1=C(C)N(C(=O)NC1c2ccsc2)c3ccc(C#N)cc3,0.6,0,N,0.0,NC(=O)Nc1ccc(C#N)cc1,O=Cc1ccsc1,COC(=O)CC(=O)C,C[Si](C)(C)Cl
2157,COC(=O)C1=C(C)N(C(=O)NC1c2ccsc2)c3ccc(cc3)S(=O)(=O)C,0.6,0,N,0.0,CS(=O)(=O)c1ccc(NC(=O)N)cc1,O=Cc1ccsc1,COC(=O)CC(=O)C,C[Si](C)(C)Cl
2158,COC(=O)C1=C(C)N(C(=O)NC1c2ccsc2)c3ccc(cc3)[N+](=O)[O-],0.6,1,N,8.67,NC(=O)Nc1ccc(cc1)[N+](=O)[O-],O=Cc1ccsc1,COC(=O)CC(=O)C,C[Si](C)(C)Cl
2159,COC(=O)C1=C(C)N(C(=O)NC1c2ccsc2)c3ccc4OCCOc4c3,0.6,0,N,0.0,NC(=O)Nc1ccc2OCCOc2c1,O=Cc1ccsc1,COC(=O)CC(=O)C,C[Si](C)(C)Cl
2160,COC(=O)C1=C(C)N(C(=O)NC1c2ccsc2)c3cccc(c3)[N+](=O)[O-],0.6,0,N,0.0,NC(=O)Nc1cccc(c1)[N+](=O)[O-],O=Cc1ccsc1,COC(=O)CC(=O)C,C[Si](C)(C)Cl
2161,COC(=O)C1=C(C)N(C(=S)NC1c2c(F)cccc2Cl)c3ccccc3,0.6,1,N,67.67,NC(=S)Nc1ccccc1,Fc1cccc(Cl)c1C=O,COC(=O)CC(=O)C,C[Si](C)(C)Cl
2162,COC(=O)C1=C(C)N(C(=S)NC1c2c(F)cccc2F)c3ccc(OC)cc3,0.6,1,N,67.5,COc1ccc(NC(=S)N)cc1,Fc1cccc(F)c1C=O,COC(=O)CC(=O)C,C[Si](C)(C)Cl
2163,COC(=O)C1=C(C)N(C(=S)NC1c2c(F)cccc2F)c3ccc4OCCOc4c3,0.6,1,N,20.0,NC(=S)Nc1ccc2OCCOc2c1,Fc1cccc(F)c1C=O,COC(=O)CC(=O)C,C[Si](C)(C)Cl
2164,COC(=O)C1=C(C)N(C(=S)NC1c2c(F)cccc2F)c3ccccc3,0.6,1,N,80.33,NC(=S)Nc1ccccc1,Fc1cccc(F)c1C=O,COC(=O)CC(=O)C,
2165,COC(=O)C1=C(C)N(C(=S)NC1c2c(OC)cc(OC)cc2OC)c3ccc(C)c(F)c3,0.6,0,N,0.0,Cc1ccc(NC(=S)N)cc1F,COc1cc(OC)c(C=O)c(OC)c1,COC(=O)CC(=O)C,C[Si](C)(C)Cl
2166,COC(=O)C1=C(C)N(C(=S)NC1c2c(OC)cc(OC)cc2OC)c3ccc4OCCOc4c3,0.6,0,N,0.0,NC(=S)Nc1ccc2OCCOc2c1,COc1cc(OC)c(C=O)c(OC)c1,COC(=O)CC(=O)C,C[Si](C)(C)Cl
2167,COC(=O)C1=C(C)N(C(=S)NC1c2c(OC)cc(OC)cc2OC)c3ccc4OCCOc4c3,0.6,0,N,0.0,NC(=S)Nc1ccc2OCCOc2c1,COc1cc(OC)c(C=O)c(OC)c1,COC(=O)CC(=O)C,C[Si](C)(C)Cl
2168,COC(=O)C1=C(C)N(C(=S)NC1c2cc(C#N)n(C)c2C)c3ccc(F)c(Cl)c3,0.6,1,N,69.5,NC(=S)Nc1ccc(F)c(Cl)c1,Cc1c(C=O)cc(C#N)n1C,COC(=O)CC(=O)C,C[Si](C)(C)Cl
2169,COC(=O)C1=C(C)N(C(=S)NC1c2cc(C)c(O)c(C)c2)c3ccc4OCCOc4c3,0.6,1,N,35.5,NC(=S)Nc1ccc2OCCOc2c1,Cc1cc(C=O)cc(C)c1O,COC(=O)CC(=O)C,C[Si](C)(C)Cl
2170,COC(=O)C1=C(C)N(C(=S)NC1c2cc(C)ccc2C)c3ccc4OCCOc4c3,0.6,1,N,44.67,NC(=S)Nc1ccc2OCCOc2c1,Cc1ccc(C)c(C=O)c1,COC(=O)CC(=O)C,C[Si](C)(C)Cl
2171,COC(=O)C1=C(C)N(C(=S)NC1c2cc(Cl)c(O)c(OC)c2)c3ccc(Cl)cc3,0.6,1,N,63.33,NC(=S)Nc1ccc(Cl)cc1,COc1cc(C=O)cc(Cl)c1O,COC(=O)CC(=O)C,C[Si](C)(C)Cl
2172,COC(=O)C1=C(C)N(C(=S)NC1c2cc(Cl)c(O)c(OC)c2)c3ccc4OCCOc4c3,0.6,0,N,0.0,NC(=S)Nc1ccc2OCCOc2c1,COc1cc(C=O)cc(Cl)c1O,COC(=O)CC(=O)C,C[Si](C)(C)Cl
2173,COC(=O)C1=C(C)N(C(=S)NC1c2cc(Cl)c(O)c(OC)c2)c3ccc4OCCOc4c3,0.6,1,N,51.67,NC(=S)Nc1ccc2OCCOc2c1,COc1cc(C=O)cc(Cl)c1O,COC(=O)CC(=O)C,C[Si](C)(C)Cl
2174,COC(=O)C1=C(C)N(C(=S)NC1c2cc(Cl)c(OC)c(OC)c2)c3ccc4OCCOc4c3,0.6,1,N,85.17,NC(=S)Nc1ccc2OCCOc2c1,COc1cc(C=O)cc(Cl)c1OC,COC(=O)CC(=O)C,C[Si](C)(C)Cl
2175,COC(=O)C1=C(C)N(C(=S)NC1c2cc(Cl)c(OC)c(OC)c2)c3ccccc3,0.6,1,N,87.0,NC(=S)Nc1ccccc1,COc1cc(C=O)cc(Cl)c1OC,COC(=O)CC(=O)C,C[Si](C)(C)Cl
2176,COC(=O)C1=C(C)N(C(=S)NC1c2cc(OC)c(O)c(OC)c2)c3cc(C)ccc3C,0.6,0,N,0.0,Cc1ccc(C)c(NC(=S)N)c1,COc1cc(C=O)cc(OC)c1O,COC(=O)CC(=O)C,C[Si](C)(C)Cl
2177,COC(=O)C1=C(C)N(C(=S)NC1c2cc(OC)c(O)c(OC)c2)c3ccc(C)c(C)c3,0.6,1,N,72.33,Cc1ccc(NC(=S)N)cc1C,COc1cc(C=O)cc(OC)c1O,COC(=O)CC(=O)C,C[Si](C)(C)Cl
2178,COC(=O)C1=C(C)N(C(=S)NC1c2cc(OC)c(O)c(OC)c2)c3ccc(C)c(F)c3,0.6,1,N,68.0,Cc1ccc(NC(=S)N)cc1F,COc1cc(C=O)cc(OC)c1O,COC(=O)CC(=O)C,C[Si](C)(C)Cl
2179,COC(=O)C1=C(C)N(C(=S)NC1c2cc(OC)c(O)c(OC)c2)c3ccc(F)c(Cl)c3,0.6,1,N,63.67,NC(=S)Nc1ccc(F)c(Cl)c1,COc1cc(C=O)cc(OC)c1O,COC(=O)CC(=O)C,C[Si](C)(C)Cl
2180,COC(=O)C1=C(C)N(C(=S)NC1c2cc(OC)c(O)c(OC)c2)c3ccc(F)cc3,0.6,1,N,92.67,NC(=S)Nc1ccc(F)cc1,COc1cc(C=O)cc(OC)c1O,COC(=O)CC(=O)C,C[Si](C)(C)Cl
2181,COC(=O)C1=C(C)N(C(=S)NC1c2cc(OC)c(O)c(OC)c2)c3ccc4OCCOc4c3,0.6,1,N,10.17,NC(=S)Nc1ccc2OCCOc2c1,COc1cc(C=O)cc(OC)c1O,COC(=O)CC(=O)C,C[Si](C)(C)Cl
2182,COC(=O)C1=C(C)N(C(=S)NC1c2cc(OC)c(O)c(OC)c2)c3ccc4OCCOc4c3,0.6,1,N,10.33,NC(=S)Nc1ccc2OCCOc2c1,COc1cc(C=O)cc(OC)c1O,COC(=O)CC(=O)C,C[Si](C)(C)Cl
2183,COC(=O)C1=C(C)N(C(=S)NC1c2cc(OC)c(OC(F)F)c(OC)c2)c3cccc(C)c3,0.6,1,N,64.5,Cc1cccc(NC(=S)N)c1,COc1cc(C=O)cc(OC)c1OC(F)F,COC(=O)CC(=O)C,C[Si](C)(C)Cl
2184,COC(=O)C1=C(C)N(C(=S)NC1c2cc(OC)c(OC)c(OC)c2)c3cc(C)cc(C)c3,0.6,1,N,86.5,Cc1cc(C)cc(NC(=S)N)c1,COc1cc(C=O)cc(OC)c1OC,COC(=O)CC(=O)C,C[Si](C)(C)Cl
2185,COC(=O)C1=C(C)N(C(=S)NC1c2cc(OC)c(OC)c(OC)c2)c3ccc(C)c(C)c3,0.6,1,N,78.67,Cc1ccc(NC(=S)N)cc1C,COc1cc(C=O)cc(OC)c1OC,COC(=O)CC(=O)C,C[Si](C)(C)Cl
2186,COC(=O)C1=C(C)N(C(=S)NC1c2cc(OC)c(OC)c(OC)c2)c3ccc(C)cc3,0.6,1,N,68.0,Cc1ccc(NC(=S)N)cc1,COc1cc(C=O)cc(OC)c1OC,COC(=O)CC(=O)C,C[Si](C)(C)Cl
2187,COC(=O)C1=C(C)N(C(=S)NC1c2cc(OC)c(OC)c(OC)c2)c3ccc4OCCOc4c3,0.6,1,N,75.17,NC(=S)Nc1ccc2OCCOc2c1,COc1cc(C=O)cc(OC)c1OC,COC(=O)CC(=O)C,C[Si](C)(C)Cl
2188,COC(=O)C1=C(C)N(C(=S)NC1c2cc(OC)c(OC)cc2Br)c3ccccc3,0.6,1,N,81.0,NC(=S)Nc1ccccc1,COc1cc(Br)c(C=O)cc1OC,COC(=O)CC(=O)C,C[Si](C)(C)Cl
2189,COC(=O)C1=C(C)N(C(=S)NC1c2cc(OC)c(OC)cc2OC)c3cc(C)cc(C)c3,0.6,1,N,69.5,Cc1cc(C)cc(NC(=S)N)c1,COc1cc(OC)c(C=O)cc1OC,COC(=O)CC(=O)C,C[Si](C)(C)Cl
2190,COC(=O)C1=C(C)N(C(=S)NC1c2cc(OC)c(OC)cc2OC)c3cc(C)ccc3C,0.6,1,N,63.33,Cc1ccc(C)c(NC(=S)N)c1,COc1cc(OC)c(C=O)cc1OC,COC(=O)CC(=O)C,C[Si](C)(C)Cl
2191,COC(=O)C1=C(C)N(C(=S)NC1c2cc(OC)c(OC)cc2OC)c3ccc(C)c(F)c3,0.6,1,N,67.83,Cc1ccc(NC(=S)N)cc1F,COc1cc(OC)c(C=O)cc1OC,COC(=O)CC(=O)C,C[Si](C)(C)Cl
2192,COC(=O)C1=C(C)N(C(=S)NC1c2cc(OC)c(OC)cc2OC)c3ccc(OC)cc3,0.6,0,N,0.0,COc1ccc(NC(=S)N)cc1,COc1cc(OC)c(C=O)cc1OC,COC(=O)CC(=O)C,C[Si](C)(C)Cl
2193,COC(=O)C1=C(C)N(C(=S)NC1c2cc(OC)cc(OC)c2)c3ccc4OCCOc4c3,0.6,1,N,41.5,NC(=S)Nc1ccc2OCCOc2c1,COc1cc(OC)cc(C=O)c1,COC(=O)CC(=O)C,C[Si](C)(C)Cl
2194,COC(=O)C1=C(C)N(C(=S)NC1c2cc([N+](=O)[O-])c(F)cc2F)c3ccc(C)c(C)c3,0.6,1,N,43.67,Cc1ccc(NC(=S)N)cc1C,[O-][N+](=O)c1cc(C=O)c(F)cc1F,COC(=O)CC(=O)C,C[Si](C)(C)Cl
2195,COC(=O)C1=C(C)N(C(=S)NC1c2cc([N+](=O)[O-])c(F)cc2F)c3ccc4OCCOc4c3,0.6,0,N,0.0,NC(=S)Nc1ccc2OCCOc2c1,[O-][N+](=O)c1cc(C=O)c(F)cc1F,COC(=O)CC(=O)C,C[Si](C)(C)Cl
2196,COC(=O)C1=C(C)N(C(=S)NC1c2cc(ccc2Cl)[N+](=O)[O-])c3ccc4OCCOc4c3,0.6,1,N,45.83,NC(=S)Nc1ccc2OCCOc2c1,[O-][N+](=O)c1ccc(Cl)c(C=O)c1,COC(=O)CC(=O)C,C[Si](C)(C)Cl
2197,COC(=O)C1=C(C)N(C(=S)NC1c2cc3OC(C)Cc3cc2OC)c4ccc(OC)cc4,0.6,1,N,10.0,COc1ccc(NC(=S)N)cc1,COc1cc2CC(C)Oc2cc1C=O,COC(=O)CC(=O)C,C[Si](C)(C)Cl
2198,COC(=O)C1=C(C)N(C(=S)NC1c2cc3OCOc3c(OC)c2)c4cc(C)ccc4C,0.6,1,N,98.83,Cc1ccc(C)c(NC(=S)N)c1,COc1cc(C=O)cc2OCOc21,COC(=O)CC(=O)C,C[Si](C)(C)Cl
2199,COC(=O)C1=C(C)N(C(=S)NC1c2cc3OCOc3c(OC)c2)c4ccc(Cl)cc4,0.6,1,N,96.0,NC(=S)Nc1ccc(Cl)cc1,COc1cc(C=O)cc2OCOc21,COC(=O)CC(=O)C,C[Si](C)(C)Cl
2200,COC(=O)C1=C(C)N(C(=S)NC1c2cc3OCOc3c(OC)c2)c4ccc(F)c(Cl)c4,0.6,1,N,93.17,NC(=S)Nc1ccc(F)c(Cl)c1,COc1cc(C=O)cc2OCOc21,COC(=O)CC(=O)C,C[Si](C)(C)Cl
2201,COC(=O)C1=C(C)N(C(=S)NC1c2cc3OCOc3cc2Br)c4ccccc4,0.6,1,N,37.83,NC(=S)Nc1ccccc1,Brc1cc2OCOc2cc1C=O,COC(=O)CC(=O)C,C[Si](C)(C)Cl
2202,COC(=O)C1=C(C)N(C(=S)NC1c2ccc(Br)cc2)c3ccc4OCCOc4c3,0.6,1,N,70.67,NC(=S)Nc1ccc2OCCOc2c1,Brc1ccc(C=O)cc1,COC(=O)CC(=O)C,C[Si](C)(C)Cl
2203,COC(=O)C1=C(C)N(C(=S)NC1c2ccc(C#N)cc2)c3cc(C)ccc3C,0.6,1,N,60.0,Cc1ccc(C)c(NC(=S)N)c1,O=Cc1ccc(C#N)cc1,COC(=O)CC(=O)C,C[Si](C)(C)Cl
2204,COC(=O)C1=C(C)N(C(=S)NC1c2ccc(C#N)cc2)c3ccc(C)c(C)c3,0.6,1,N,84.67,Cc1ccc(NC(=S)N)cc1C,O=Cc1ccc(C#N)cc1,COC(=O)CC(=O)C,C[Si](C)(C)Cl
2205,COC(=O)C1=C(C)N(C(=S)NC1c2ccc(C#N)cc2)c3ccc(OC)cc3,0.6,1,N,85.5,COc1ccc(NC(=S)N)cc1,O=Cc1ccc(C#N)cc1,COC(=O)CC(=O)C,C[Si](C)(C)Cl
2206,COC(=O)C1=C(C)N(C(=S)NC1c2ccc(C#N)cc2)c3ccc4OCCOc4c3,0.6,1,N,85.83,NC(=S)Nc1ccc2OCCOc2c1,O=Cc1ccc(C#N)cc1,COC(=O)CC(=O)C,C[Si](C)(C)Cl
2207,COC(=O)C1=C(C)N(C(=S)NC1c2ccc(C#N)cc2)c3ccccc3OC,0.6,1,N,98.83,COc1ccccc1NC(=S)N,O=Cc1ccc(C#N)cc1,COC(=O)CC(=O)C,C[Si](C)(C)Cl
2208,COC(=O)C1=C(C)N(C(=S)NC1c2ccc(C)cc2)c3ccc4OCCOc4c3,0.6,1,N,83.33,NC(=S)Nc1ccc2OCCOc2c1,Cc1ccc(C=O)cc1,COC(=O)CC(=O)C,C[Si](C)(C)Cl
2209,COC(=O)C1=C(C)N(C(=S)NC1c2ccc(C)cc2C)c3ccc4OCCOc4c3,0.6,0,N,0.0,NC(=S)Nc1ccc2OCCOc2c1,Cc1ccc(C=O)c(C)c1,COC(=O)CC(=O)C,C[Si](C)(C)Cl
2210,COC(=O)C1=C(C)N(C(=S)NC1c2ccc(C)o2)c3ccc(Cl)cc3,0.6,0,N,0.0,NC(=S)Nc1ccc(Cl)cc1,Cc1ccc(C=O)o1,COC(=O)CC(=O)C,C[Si](C)(C)Cl
2211,COC(=O)C1=C(C)N(C(=S)NC1c2ccc(C)o2)c3ccc(F)c(Cl)c3,0.6,0,N,0.0,NC(=S)Nc1ccc(F)c(Cl)c1,Cc1ccc(C=O)o1,COC(=O)CC(=O)C,C[Si](C)(C)Cl
2212,COC(=O)C1=C(C)N(C(=S)NC1c2ccc(C)s2)c3ccc4OCCOc4c3,0.6,0,N,0.0,NC(=S)Nc1ccc2OCCOc2c1,Cc1ccc(C=O)s1,COC(=O)CC(=O)C,C[Si](C)(C)Cl
2213,COC(=O)C1=C(C)N(C(=S)NC1c2ccc(C)s2)c3cccc(C)c3,0.6,1,N,4.0,Cc1cccc(NC(=S)N)c1,Cc1ccc(C=O)s1,COC(=O)CC(=O)C,C[Si](C)(C)Cl
2214,COC(=O)C1=C(C)N(C(=S)NC1c2ccc(Cl)c(c2)[N+](=O)[O-])c3ccc4OCCOc4c3,0.6,1,N,84.17,NC(=S)Nc1ccc2OCCOc2c1,[O-][N+](=O)c1cc(C=O)ccc1Cl,COC(=O)CC(=O)C,C[Si](C)(C)Cl
2215,COC(=O)C1=C(C)N(C(=S)NC1c2ccc(Cl)cc2)c3ccc4OCCOc4c3,0.6,1,N,55.5,NC(=S)Nc1ccc2OCCOc2c1,Clc1ccc(C=O)cc1,COC(=O)CC(=O)C,C[Si](C)(C)Cl
2216,COC(=O)C1=C(C)N(C(=S)NC1c2ccc(Cl)cc2)c3cccc(OC)c3,0.6,1,N,3.83,COc1cccc(NC(=S)N)c1,Clc1ccc(C=O)cc1,COC(=O)CC(=O)C,C[Si](C)(C)Cl
2217,COC(=O)C1=C(C)N(C(=S)NC1c2ccc(Cl)s2)c3ccccc3OC,0.6,1,N,14.67,COc1ccccc1NC(=S)N,Clc1ccc(C=O)s1,COC(=O)CC(=O)C,C[Si](C)(C)Cl
2218,COC(=O)C1=C(C)N(C(=S)NC1c2ccc(F)c(F)c2)c3ccc4OCCOc4c3,0.6,0,N,0.0,NC(=S)Nc1ccc2OCCOc2c1,Fc1ccc(C=O)cc1F,COC(=O)CC(=O)C,C[Si](C)(C)Cl
2219,COC(=O)C1=C(C)N(C(=S)NC1c2ccc(F)c(F)c2)c3ccc4OCCOc4c3,0.6,1,N,71.33,NC(=S)Nc1ccc2OCCOc2c1,Fc1ccc(C=O)cc1F,COC(=O)CC(=O)C,C[Si](C)(C)Cl
2220,COC(=O)C1=C(C)N(C(=S)NC1c2ccc(F)cc2)c3ccc4OCCOc4c3,0.6,1,N,96.5,NC(=S)Nc1ccc2OCCOc2c1,Fc1ccc(C=O)cc1,COC(=O)CC(=O)C,C[Si](C)(C)Cl
2221,COC(=O)C1=C(C)N(C(=S)NC1c2ccc(F)cc2)c3cccc(c3)C(F)(F)F,0.6,1,N,82.17,NC(=S)Nc1cccc(c1)C(F)(F)F,Fc1ccc(C=O)cc1,COC(=O)CC(=O)C,C[Si](C)(C)Cl
2222,COC(=O)C1=C(C)N(C(=S)NC1c2ccc(F)cc2)c3ccccc3OC,0.6,0,N,0.0,COc1ccccc1NC(=S)N,Fc1ccc(C=O)cc1,COC(=O)CC(=O)C,C[Si](C)(C)Cl
2223,COC(=O)C1=C(C)N(C(=S)NC1c2ccc(F)cc2F)c3ccc(F)cc3,0.6,1,N,86.5,NC(=S)Nc1ccc(F)cc1,Fc1ccc(C=O)c(F)c1,COC(=O)CC(=O)C,C[Si](C)(C)Cl
2224,COC(=O)C1=C(C)N(C(=S)NC1c2ccc(F)cc2F)c3ccc4OCCOc4c3,0.6,1,N,39.67,NC(=S)Nc1ccc2OCCOc2c1,Fc1ccc(C=O)c(F)c1,COC(=O)CC(=O)C,C[Si](C)(C)Cl
2225,COC(=O)C1=C(C)N(C(=S)NC1c2ccc(NC(=O)C)cc2)c3ccc(C)cc3,0.6,1,N,57.17,Cc1ccc(NC(=S)N)cc1,CC(=O)Nc1ccc(C=O)cc1,COC(=O)CC(=O)C,C[Si](C)(C)Cl
2226,COC(=O)C1=C(C)N(C(=S)NC1c2ccc(NC(=O)C)cc2)c3ccc(F)c(Cl)c3,0.6,1,N,69.67,NC(=S)Nc1ccc(F)c(Cl)c1,CC(=O)Nc1ccc(C=O)cc1,COC(=O)CC(=O)C,C[Si](C)(C)Cl
2227,COC(=O)C1=C(C)N(C(=S)NC1c2ccc(O)c(OC)c2)c3cc(C)cc(C)c3,0.6,1,N,68.33,Cc1cc(C)cc(NC(=S)N)c1,COc1cc(C=O)ccc1O,COC(=O)CC(=O)C,C[Si](C)(C)Cl
2228,COC(=O)C1=C(C)N(C(=S)NC1c2ccc(O)c(OC)c2)c3cc(C)ccc3C,0.6,1,N,47.67,Cc1ccc(C)c(NC(=S)N)c1,COc1cc(C=O)ccc1O,COC(=O)CC(=O)C,C[Si](C)(C)Cl
2229,COC(=O)C1=C(C)N(C(=S)NC1c2ccc(O)c(OC)c2)c3ccc(C)c(C)c3,0.6,1,N,100.0,Cc1ccc(NC(=S)N)cc1C,COc1cc(C=O)ccc1O,COC(=O)CC(=O)C,C[Si](C)(C)Cl
2230,COC(=O)C1=C(C)N(C(=S)NC1c2ccc(O)c(OC)c2)c3ccc(C)cc3,0.6,1,N,74.67,Cc1ccc(NC(=S)N)cc1,COc1cc(C=O)ccc1O,COC(=O)CC(=O)C,C[Si](C)(C)Cl
2231,COC(=O)C1=C(C)N(C(=S)NC1c2ccc(O)c(OC)c2)c3ccc(F)c(Cl)c3,0.6,1,N,82.17,NC(=S)Nc1ccc(F)c(Cl)c1,COc1cc(C=O)ccc1O,COC(=O)CC(=O)C,C[Si](C)(C)Cl
2232,COC(=O)C1=C(C)N(C(=S)NC1c2ccc(O)c(OC)c2)c3cccc(Br)c3,0.6,1,N,81.5,NC(=S)Nc1cccc(Br)c1,COc1cc(C=O)ccc1O,COC(=O)CC(=O)C,C[Si](C)(C)Cl
2233,COC(=O)C1=C(C)N(C(=S)NC1c2ccc(O)c(OC)c2)c3cccc(c3)C(F)(F)F,0.6,1,N,85.33,NC(=S)Nc1cccc(c1)C(F)(F)F,COc1cc(C=O)ccc1O,COC(=O)CC(=O)C,C[Si](C)(C)Cl
2234,COC(=O)C1=C(C)N(C(=S)NC1c2ccc(O)c(c2)[N+](=O)[O-])c3ccc4OCCOc4c3,0.6,1,N,87.17,NC(=S)Nc1ccc2OCCOc2c1,Oc1ccc(C=O)cc1[N+](=O)[O-],COC(=O)CC(=O)C,C[Si](C)(C)Cl
2235,COC(=O)C1=C(C)N(C(=S)NC1c2ccc(O)cc2)c3ccc(F)cc3,0.6,1,N,22.17,NC(=S)Nc1ccc(F)cc1,Oc1ccc(C=O)cc1,COC(=O)CC(=O)C,C[Si](C)(C)Cl
2236,COC(=O)C1=C(C)N(C(=S)NC1c2ccc(O)cc2)c3ccc4OCCOc4c3,0.6,0,N,0.0,NC(=S)Nc1ccc2OCCOc2c1,Oc1ccc(C=O)cc1,COC(=O)CC(=O)C,C[Si](C)(C)Cl
2237,COC(=O)C1=C(C)N(C(=S)NC1c2ccc(O)cc2)c3ccc4OCCOc4c3,0.6,0,N,0.0,NC(=S)Nc1ccc2OCCOc2c1,Oc1ccc(C=O)cc1,COC(=O)CC(=O)C,C[Si](C)(C)Cl
2238,COC(=O)C1=C(C)N(C(=S)NC1c2ccc(O)cc2)c3cccc(C)c3,0.6,1,N,14.0,Cc1cccc(NC(=S)N)c1,Oc1ccc(C=O)cc1,COC(=O)CC(=O)C,C[Si](C)(C)Cl
2239,COC(=O)C1=C(C)N(C(=S)NC1c2ccc(OC(F)F)c(OC)c2)c3ccc(OC)cc3,0.6,1,N,96.67,COc1ccc(NC(=S)N)cc1,COc1cc(C=O)ccc1OC(F)F,COC(=O)CC(=O)C,C[Si](C)(C)Cl
2240,COC(=O)C1=C(C)N(C(=S)NC1c2ccc(OC(F)F)c(OC)c2)c3cccc(C)c3,0.6,1,N,46.0,Cc1cccc(NC(=S)N)c1,COc1cc(C=O)ccc1OC(F)F,COC(=O)CC(=O)C,C[Si](C)(C)Cl
2241,COC(=O)C1=C(C)N(C(=S)NC1c2ccc(OC)c(C)c2)c3ccc4OCCOc4c3,0.6,0,N,0.0,NC(=S)Nc1ccc2OCCOc2c1,COc1ccc(C=O)cc1C,COC(=O)CC(=O)C,C[Si](C)(C)Cl
2242,COC(=O)C1=C(C)N(C(=S)NC1c2ccc(OC)c(C)c2)c3ccc4OCCOc4c3,0.6,1,N,84.17,NC(=S)Nc1ccc2OCCOc2c1,COc1ccc(C=O)cc1C,COC(=O)CC(=O)C,C[Si](C)(C)Cl
2243,COC(=O)C1=C(C)N(C(=S)NC1c2ccc(OC)c(O)c2)c3cc(C)ccc3C,0.6,1,N,83.0,Cc1ccc(C)c(NC(=S)N)c1,COc1ccc(C=O)cc1O,COC(=O)CC(=O)C,C[Si](C)(C)Cl
2244,COC(=O)C1=C(C)N(C(=S)NC1c2ccc(OC)c(O)c2)c3ccc(C)c(C)c3,0.6,1,N,26.17,Cc1ccc(NC(=S)N)cc1C,COc1ccc(C=O)cc1O,COC(=O)CC(=O)C,C[Si](C)(C)Cl
2245,COC(=O)C1=C(C)N(C(=S)NC1c2ccc(OC)c(O)c2)c3ccc(Cl)cc3,0.6,1,N,70.0,NC(=S)Nc1ccc(Cl)cc1,COc1ccc(C=O)cc1O,COC(=O)CC(=O)C,C[Si](C)(C)Cl
2246,COC(=O)C1=C(C)N(C(=S)NC1c2ccc(OC)c(O)c2)c3ccc4OCCOc4c3,0.6,1,N,31.0,NC(=S)Nc1ccc2OCCOc2c1,COc1ccc(C=O)cc1O,COC(=O)CC(=O)C,C[Si](C)(C)Cl
2247,COC(=O)C1=C(C)N(C(=S)NC1c2ccc(OC)c(O)c2)c3cccc(Br)c3,0.6,0,N,0.0,NC(=S)Nc1cccc(Br)c1,COc1ccc(C=O)cc1O,COC(=O)CC(=O)C,C[Si](C)(C)Cl
2248,COC(=O)C1=C(C)N(C(=S)NC1c2ccc(OC)c(O)c2)c3cccc(c3)C(F)(F)F,0.6,0,N,0.0,NC(=S)Nc1cccc(c1)C(F)(F)F,COc1ccc(C=O)cc1O,COC(=O)CC(=O)C,C[Si](C)(C)Cl
2249,COC(=O)C1=C(C)N(C(=S)NC1c2ccc(OC)c(O)c2)c3ccccc3OC,0.6,1,N,83.0,COc1ccccc1NC(=S)N,COc1ccc(C=O)cc1O,COC(=O)CC(=O)C,C[Si](C)(C)Cl
2250,COC(=O)C1=C(C)N(C(=S)NC1c2ccc(OC)c(OC(F)F)c2)c3ccc(C)cc3,0.6,1,N,100.0,Cc1ccc(NC(=S)N)cc1,COc1ccc(C=O)cc1OC(F)F,COC(=O)CC(=O)C,C[Si](C)(C)Cl
2251,COC(=O)C1=C(C)N(C(=S)NC1c2ccc(OC)c(OC)c2)c3ccc4OCCOc4c3,0.6,1,N,76.83,NC(=S)Nc1ccc2OCCOc2c1,COc1ccc(C=O)cc1OC,COC(=O)CC(=O)C,C[Si](C)(C)Cl
2252,COC(=O)C1=C(C)N(C(=S)NC1c2ccc(OC)c(OC)c2OC)c3ccc(C)c(F)c3,0.6,1,N,68.67,Cc1ccc(NC(=S)N)cc1F,COc1ccc(C=O)c(OC)c1OC,COC(=O)CC(=O)C,C[Si](C)(C)Cl
2253,COC(=O)C1=C(C)N(C(=S)NC1c2ccc(OC)c(OC)c2OC)c3ccc4OCCOc4c3,0.6,1,N,70.0,NC(=S)Nc1ccc2OCCOc2c1,COc1ccc(C=O)c(OC)c1OC,COC(=O)CC(=O)C,C[Si](C)(C)Cl
2254,COC(=O)C1=C(C)N(C(=S)NC1c2ccc(OC)c(OC)c2OC)c3ccc4OCCOc4c3,0.6,0,N,0.0,NC(=S)Nc1ccc2OCCOc2c1,COc1ccc(C=O)c(OC)c1OC,COC(=O)CC(=O)C,C[Si](C)(C)Cl
2255,COC(=O)C1=C(C)N(C(=S)NC1c2ccc(OC)c(OC)c2OC)c3ccccc3,0.6,1,N,15.17,NC(=S)Nc1ccccc1,COc1ccc(C=O)c(OC)c1OC,COC(=O)CC(=O)C,C[Si](C)(C)Cl
2256,COC(=O)C1=C(C)N(C(=S)NC1c2ccc(OC)cc2)c3ccc(C)c(F)c3,0.6,1,N,92.67,Cc1ccc(NC(=S)N)cc1F,COc1ccc(C=O)cc1,COC(=O)CC(=O)C,C[Si](C)(C)Cl
2257,COC(=O)C1=C(C)N(C(=S)NC1c2ccc(OC)cc2)c3ccc(Cl)cc3,0.6,1,N,42.0,NC(=S)Nc1ccc(Cl)cc1,COc1ccc(C=O)cc1,COC(=O)CC(=O)C,C[Si](C)(C)Cl
2258,COC(=O)C1=C(C)N(C(=S)NC1c2ccc(OC)cc2OC)c3ccc(C)c(F)c3,0.6,1,N,70.67,Cc1ccc(NC(=S)N)cc1F,COc1ccc(C=O)c(OC)c1,COC(=O)CC(=O)C,C[Si](C)(C)Cl
2259,COC(=O)C1=C(C)N(C(=S)NC1c2ccc(OC)cc2OC)c3ccc4OCCOc4c3,0.6,1,N,45.83,NC(=S)Nc1ccc2OCCOc2c1,COc1ccc(C=O)c(OC)c1,COC(=O)CC(=O)C,C[Si](C)(C)Cl
2260,COC(=O)C1=C(C)N(C(=S)NC1c2ccc(OCC(=O)N)c(OC)c2)c3cc(C)cc(C)c3,0.6,0,N,0.0,Cc1cc(C)cc(NC(=S)N)c1,COc1cc(C=O)ccc1OCC(=O)N,COC(=O)CC(=O)C,C[Si](C)(C)Cl
2261,COC(=O)C1=C(C)N(C(=S)NC1c2ccc(OCC(=O)N)c(OC)c2)c3ccc(C)c(C)c3,0.6,0,N,0.0,Cc1ccc(NC(=S)N)cc1C,COc1cc(C=O)ccc1OCC(=O)N,COC(=O)CC(=O)C,C[Si](C)(C)Cl
2262,COC(=O)C1=C(C)N(C(=S)NC1c2ccc(OCC(=O)N)c(OC)c2)c3ccc(Cl)cc3,0.6,0,N,0.0,NC(=S)Nc1ccc(Cl)cc1,COc1cc(C=O)ccc1OCC(=O)N,COC(=O)CC(=O)C,C[Si](C)(C)Cl
2263,COC(=O)C1=C(C)N(C(=S)NC1c2ccc(OCC(=O)N)c(OC)c2)c3ccccc3,0.6,0,N,0.0,NC(=S)Nc1ccccc1,COc1cc(C=O)ccc1OCC(=O)N,COC(=O)CC(=O)C,C[Si](C)(C)Cl
2264,COC(=O)C1=C(C)N(C(=S)NC1c2ccc(cc2)C(=O)O)c3cc(C)ccc3C,0.6,1,N,40.83,Cc1ccc(C)c(NC(=S)N)c1,OC(=O)c1ccc(C=O)cc1,COC(=O)CC(=O)C,C[Si](C)(C)Cl
2265,COC(=O)C1=C(C)N(C(=S)NC1c2ccc(cc2)C(=O)O)c3ccc(Cl)cc3,0.6,1,N,93.67,NC(=S)Nc1ccc(Cl)cc1,OC(=O)c1ccc(C=O)cc1,COC(=O)CC(=O)C,C[Si](C)(C)Cl
2266,COC(=O)C1=C(C)N(C(=S)NC1c2ccc(cc2)C(=O)O)c3ccc(F)cc3,0.6,0,N,0.0,NC(=S)Nc1ccc(F)cc1,OC(=O)c1ccc(C=O)cc1,COC(=O)CC(=O)C,C[Si](C)(C)Cl
2267,COC(=O)C1=C(C)N(C(=S)NC1c2ccc(cc2)C(=O)O)c3cccc(C)c3,0.6,1,N,91.83,Cc1cccc(NC(=S)N)c1,OC(=O)c1ccc(C=O)cc1,COC(=O)CC(=O)C,C[Si](C)(C)Cl
2268,COC(=O)C1=C(C)N(C(=S)NC1c2ccc(cc2)C(=O)O)c3ccccc3,0.6,1,N,80.83,NC(=S)Nc1ccccc1,OC(=O)c1ccc(C=O)cc1,COC(=O)CC(=O)C,C[Si](C)(C)Cl
2269,COC(=O)C1=C(C)N(C(=S)NC1c2ccc(cc2)C(=O)OC)c3ccc(C)c(F)c3,0.6,1,N,55.83,Cc1ccc(NC(=S)N)cc1F,COC(=O)c1ccc(C=O)cc1,COC(=O)CC(=O)C,C[Si](C)(C)Cl
2270,COC(=O)C1=C(C)N(C(=S)NC1c2ccc(cc2)C(=O)OC)c3cccc(OC)c3,0.6,0,N,0.0,COc1cccc(NC(=S)N)c1,COC(=O)c1ccc(C=O)cc1,COC(=O)CC(=O)C,C[Si](C)(C)Cl
2271,COC(=O)C1=C(C)N(C(=S)NC1c2ccc(cc2)N(C)C)c3ccc(OC)cc3,0.6,0,N,0.0,COc1ccc(NC(=S)N)cc1,CN(C)c1ccc(C=O)cc1,COC(=O)CC(=O)C,C[Si](C)(C)Cl
2272,COC(=O)C1=C(C)N(C(=S)NC1c2ccc(cc2)N(C)CCO)c3cc(C)ccc3C,0.6,1,N,1.83,Cc1ccc(C)c(NC(=S)N)c1,CN(CCO)c1ccc(C=O)cc1,COC(=O)CC(=O)C,C[Si](C)(C)Cl
2273,COC(=O)C1=C(C)N(C(=S)NC1c2ccc(cc2)N(C)CCO)c3ccc(C)c(C)c3,0.6,0,N,0.0,Cc1ccc(NC(=S)N)cc1C,CN(CCO)c1ccc(C=O)cc1,COC(=O)CC(=O)C,C[Si](C)(C)Cl
2274,COC(=O)C1=C(C)N(C(=S)NC1c2ccc(cc2)N(C)CCO)c3ccc(C)c(F)c3,0.6,1,N,22.5,Cc1ccc(NC(=S)N)cc1F,CN(CCO)c1ccc(C=O)cc1,COC(=O)CC(=O)C,C[Si](C)(C)Cl
2275,COC(=O)C1=C(C)N(C(=S)NC1c2ccc(cc2)N(C)CCO)c3ccc(Cl)cc3,0.6,0,N,0.0,NC(=S)Nc1ccc(Cl)cc1,CN(CCO)c1ccc(C=O)cc1,COC(=O)CC(=O)C,C[Si](C)(C)Cl
2276,COC(=O)C1=C(C)N(C(=S)NC1c2ccc(cc2)N(C)CCO)c3ccc(F)c(Cl)c3,0.6,0,N,0.0,NC(=S)Nc1ccc(F)c(Cl)c1,CN(CCO)c1ccc(C=O)cc1,COC(=O)CC(=O)C,C[Si](C)(C)Cl
2277,COC(=O)C1=C(C)N(C(=S)NC1c2ccc(cc2)n3ccnc3)c4ccc(C)c(F)c4,0.6,1,N,5.83,Cc1ccc(NC(=S)N)cc1F,O=Cc1ccc(cc1)n2ccnc2,COC(=O)CC(=O)C,C[Si](C)(C)Cl
2278,COC(=O)C1=C(C)N(C(=S)NC1c2ccc(cc2)n3ccnc3)c4ccc(Cl)cc4,0.6,1,N,93.17,NC(=S)Nc1ccc(Cl)cc1,O=Cc1ccc(cc1)n2ccnc2,COC(=O)CC(=O)C,C[Si](C)(C)Cl
2279,COC(=O)C1=C(C)N(C(=S)NC1c2ccc(cc2)n3ccnc3)c4ccc(F)cc4,0.6,0,N,0.0,NC(=S)Nc1ccc(F)cc1,O=Cc1ccc(cc1)n2ccnc2,COC(=O)CC(=O)C,C[Si](C)(C)Cl
2280,COC(=O)C1=C(C)N(C(=S)NC1c2ccc(cc2)n3ccnc3)c4cccc(C)c4,0.6,1,N,7.33,Cc1cccc(NC(=S)N)c1,O=Cc1ccc(cc1)n2ccnc2,COC(=O)CC(=O)C,C[Si](C)(C)Cl
2281,COC(=O)C1=C(C)N(C(=S)NC1c2ccc3OCCOc3c2)c4cccc(C)c4,0.6,1,N,76.0,Cc1cccc(NC(=S)N)c1,O=Cc1ccc2OCCOc2c1,COC(=O)CC(=O)C,C[Si](C)(C)Cl
2282,COC(=O)C1=C(C)N(C(=S)NC1c2cccc(Br)c2)c3ccc4OCCOc4c3,0.6,1,N,92.67,NC(=S)Nc1ccc2OCCOc2c1,Brc1cccc(C=O)c1,COC(=O)CC(=O)C,C[Si](C)(C)Cl
2283,COC(=O)C1=C(C)N(C(=S)NC1c2cccc(C#N)c2)c3ccc(C)c(F)c3,0.6,1,N,76.17,Cc1ccc(NC(=S)N)cc1F,O=Cc1cccc(C#N)c1,COC(=O)CC(=O)C,C[Si](C)(C)Cl
2284,COC(=O)C1=C(C)N(C(=S)NC1c2cccc(C#N)c2)c3ccc4OCCOc4c3,0.6,1,N,70.5,NC(=S)Nc1ccc2OCCOc2c1,O=Cc1cccc(C#N)c1,COC(=O)CC(=O)C,C[Si](C)(C)Cl
2285,COC(=O)C1=C(C)N(C(=S)NC1c2cccc(C)c2)c3ccc4OCCOc4c3,0.6,1,N,63.83,NC(=S)Nc1ccc2OCCOc2c1,Cc1cccc(C=O)c1,COC(=O)CC(=O)C,C[Si](C)(C)Cl
2286,COC(=O)C1=C(C)N(C(=S)NC1c2cccc(F)c2)c3ccc(OC)cc3,0.6,1,N,30.83,COc1ccc(NC(=S)N)cc1,Fc1cccc(C=O)c1,COC(=O)CC(=O)C,C[Si](C)(C)Cl
2287,COC(=O)C1=C(C)N(C(=S)NC1c2cccc(F)c2)c3ccc4OCCOc4c3,0.6,1,N,91.5,NC(=S)Nc1ccc2OCCOc2c1,Fc1cccc(C=O)c1,COC(=O)CC(=O)C,C[Si](C)(C)Cl
2288,COC(=O)C1=C(C)N(C(=S)NC1c2cccc(NC(=O)C(F)(F)F)c2)c3ccc(C)cc3,0.6,1,N,80.5,Cc1ccc(NC(=S)N)cc1,FC(F)(F)C(=O)Nc1cccc(C=O)c1,COC(=O)CC(=O)C,C[Si](C)(C)Cl
2289,COC(=O)C1=C(C)N(C(=S)NC1c2cccc(OC)c2)c3ccc4OCCOc4c3,0.6,1,N,80.0,NC(=S)Nc1ccc2OCCOc2c1,COc1cccc(C=O)c1,COC(=O)CC(=O)C,C[Si](C)(C)Cl
2290,COC(=O)C1=C(C)N(C(=S)NC1c2cccc(OC)c2OC(C)C)c3ccc(OC)cc3,0.6,1,N,75.17,COc1ccc(NC(=S)N)cc1,COc1cccc(C=O)c1OC(C)C,COC(=O)CC(=O)C,C[Si](C)(C)Cl
2291,COC(=O)C1=C(C)N(C(=S)NC1c2cccc(OC)c2OC(C)C)c3ccc4OCCOc4c3,0.6,1,N,90.83,NC(=S)Nc1ccc2OCCOc2c1,COc1cccc(C=O)c1OC(C)C,COC(=O)CC(=O)C,C[Si](C)(C)Cl
2292,COC(=O)C1=C(C)N(C(=S)NC1c2cccc(OC)c2OC(C)C)c3ccccc3OC,0.6,1,N,76.67,COc1ccccc1NC(=S)N,COc1cccc(C=O)c1OC(C)C,COC(=O)CC(=O)C,C[Si](C)(C)Cl
2293,COC(=O)C1=C(C)N(C(=S)NC1c2cccc(OC)c2OC(F)F)c3ccc4OCCOc4c3,0.6,1,N,93.83,NC(=S)Nc1ccc2OCCOc2c1,COc1cccc(C=O)c1OC(F)F,COC(=O)CC(=O)C,C[Si](C)(C)Cl
2294,COC(=O)C1=C(C)N(C(=S)NC1c2cccc(OC)c2OC)c3ccc(C)c(C)c3,0.6,0,N,0.0,Cc1ccc(NC(=S)N)cc1C,COc1cccc(C=O)c1OC,COC(=O)CC(=O)C,C[Si](C)(C)Cl
2295,COC(=O)C1=C(C)N(C(=S)NC1c2cccc(OC)c2OC)c3ccc4OCCOc4c3,0.6,1,N,41.67,NC(=S)Nc1ccc2OCCOc2c1,COc1cccc(C=O)c1OC,COC(=O)CC(=O)C,C[Si](C)(C)Cl
2296,COC(=O)C1=C(C)N(C(=S)NC1c2cccc(OC)c2OC)c3cccc(Br)c3,0.6,1,N,53.17,NC(=S)Nc1cccc(Br)c1,COc1cccc(C=O)c1OC,COC(=O)CC(=O)C,C[Si](C)(C)Cl
2297,COC(=O)C1=C(C)N(C(=S)NC1c2cccc(OC)c2OC)c3cccc(C)c3,0.6,1,N,67.33,Cc1cccc(NC(=S)N)c1,COc1cccc(C=O)c1OC,COC(=O)CC(=O)C,C[Si](C)(C)Cl
2298,COC(=O)C1=C(C)N(C(=S)NC1c2cccc3cccnc23)c4ccc(OC)cc4,0.6,0,N,0.0,COc1ccc(NC(=S)N)cc1,O=Cc1cccc2cccnc12,COC(=O)CC(=O)C,C[Si](C)(C)Cl
2299,COC(=O)C1=C(C)N(C(=S)NC1c2ccccc2)c3ccc(C)cc3,0.6,1,N,89.0,Cc1ccc(NC(=S)N)cc1,O=Cc1ccccc1,COC(=O)CC(=O)C,C[Si](C)(C)Cl
2300,COC(=O)C1=C(C)N(C(=S)NC1c2ccccc2)c3ccc4OCCOc4c3,0.6,1,N,24.17,NC(=S)Nc1ccc2OCCOc2c1,O=Cc1ccccc1,COC(=O)CC(=O)C,C[Si](C)(C)Cl
2301,COC(=O)C1=C(C)N(C(=S)NC1c2ccccc2Br)c3ccc4OCCOc4c3,0.6,1,N,93.5,NC(=S)Nc1ccc2OCCOc2c1,Brc1ccccc1C=O,COC(=O)CC(=O)C,C[Si](C)(C)Cl
2302,COC(=O)C1=C(C)N(C(=S)NC1c2ccccc2C(=O)OC)c3ccc(C)c(F)c3,0.6,1,N,60.33,Cc1ccc(NC(=S)N)cc1F,COC(=O)c1ccccc1C=O,COC(=O)CC(=O)C,C[Si](C)(C)Cl
2303,COC(=O)C1=C(C)N(C(=S)NC1c2ccccc2C)c3ccc4OCCOc4c3,0.6,1,N,16.5,NC(=S)Nc1ccc2OCCOc2c1,Cc1ccccc1C=O,COC(=O)CC(=O)C,C[Si](C)(C)Cl
2304,COC(=O)C1=C(C)N(C(=S)NC1c2ccccc2C)c3ccccc3OC,0.6,1,N,66.0,COc1ccccc1NC(=S)N,Cc1ccccc1C=O,COC(=O)CC(=O)C,C[Si](C)(C)Cl
2305,COC(=O)C1=C(C)N(C(=S)NC1c2ccccc2Cl)c3ccc4OCCOc4c3,0.6,0,N,0.0,NC(=S)Nc1ccc2OCCOc2c1,Clc1ccccc1C=O,COC(=O)CC(=O)C,C[Si](C)(C)Cl
2306,COC(=O)C1=C(C)N(C(=S)NC1c2ccccc2Cl)c3ccc4OCCOc4c3,0.6,1,N,79.17,NC(=S)Nc1ccc2OCCOc2c1,Clc1ccccc1C=O,COC(=O)CC(=O)C,C[Si](C)(C)Cl
2307,COC(=O)C1=C(C)N(C(=S)NC1c2ccccc2Cl)c3cccc(OC)c3,0.6,0,N,0.0,COc1cccc(NC(=S)N)c1,Clc1ccccc1C=O,COC(=O)CC(=O)C,C[Si](C)(C)Cl
2308,COC(=O)C1=C(C)N(C(=S)NC1c2ccccc2F)c3ccc4OCCOc4c3,0.6,1,N,88.5,NC(=S)Nc1ccc2OCCOc2c1,Fc1ccccc1C=O,COC(=O)CC(=O)C,C[Si](C)(C)Cl
2309,COC(=O)C1=C(C)N(C(=S)NC1c2ccccc2OC)c3ccc4OCCOc4c3,0.6,1,N,81.33,NC(=S)Nc1ccc2OCCOc2c1,COc1ccccc1C=O,COC(=O)CC(=O)C,C[Si](C)(C)Cl
2310,COC(=O)C1=C(C)N(C(=S)NC1c2ccccc2OCC=C)c3ccc4OCCOc4c3,0.6,1,N,82.33,NC(=S)Nc1ccc2OCCOc2c1,C=CCOc1ccccc1C=O,COC(=O)CC(=O)C,C[Si](C)(C)Cl
2311,COC(=O)C1=C(C)N(C(=S)NC1c2ccccc2OCC=C)c3ccccc3OC,0.6,1,N,44.0,COc1ccccc1NC(=S)N,C=CCOc1ccccc1C=O,COC(=O)CC(=O)C,C[Si](C)(C)Cl
2312,COC(=O)C1=C(C)N(C(=S)NC1c2cccs2)c3ccc(C)c(F)c3,0.6,1,N,16.5,Cc1ccc(NC(=S)N)cc1F,O=Cc1cccs1,COC(=O)CC(=O)C,C[Si](C)(C)Cl
2313,COC(=O)C1=C(C)N(C(=S)NC1c2cccs2)c3ccc(F)cc3,0.6,0,N,0.0,NC(=S)Nc1ccc(F)cc1,O=Cc1cccs1,COC(=O)CC(=O)C,C[Si](C)(C)Cl
2314,COC(=O)C1=C(C)N(C(=S)NC1c2cccs2)c3cccc(C)c3,0.6,1,N,4.5,Cc1cccc(NC(=S)N)c1,O=Cc1cccs1,COC(=O)CC(=O)C,C[Si](C)(C)Cl
2315,COC(=O)C1=C(C)N(C(=S)NC1c2cccs2)c3ccccc3,0.6,1,N,63.0,NC(=S)Nc1ccccc1,O=Cc1cccs1,COC(=O)CC(=O)C,
2316,COC(=O)C1=C(C)N(C(=S)NC1c2ccsc2)c3cc(C)ccc3C,0.6,1,N,60.0,Cc1ccc(C)c(NC(=S)N)c1,O=Cc1ccsc1,COC(=O)CC(=O)C,C[Si](C)(C)Cl
2317,COC(=O)C1=C(C)N(C(=S)NC1c2ccsc2)c3ccc(C)c(C)c3,0.6,1,N,59.33,Cc1ccc(NC(=S)N)cc1C,O=Cc1ccsc1,COC(=O)CC(=O)C,C[Si](C)(C)Cl
2318,COC(=O)C1=C(C)N(C(=S)NC1c2ccsc2)c3ccc(F)cc3,0.6,1,N,68.17,NC(=S)Nc1ccc(F)cc1,O=Cc1ccsc1,COC(=O)CC(=O)C,C[Si](C)(C)Cl
2319,COC(=O)C1=C(C)N(C(=S)NC1c2ccsc2)c3ccc(OC)cc3,0.6,1,N,66.67,COc1ccc(NC(=S)N)cc1,O=Cc1ccsc1,COC(=O)CC(=O)C,C[Si](C)(C)Cl
2320,COC(=O)C1=C(C)N(C(=S)NC1c2cn(CCC#N)nc2c3ccccc3)c4ccccc4,0.6,1,N,20.0,NC(=S)Nc1ccccc1,O=Cc1cn(CCC#N)nc1c2ccccc2,COC(=O)CC(=O)C,C[Si](C)(C)Cl
2321,COC(=O)C1=C(C)N(C(=S)NC1c2cnc(nc2)N3CCCC3)c4cccc(c4)C(F)(F)F,0.6,1,N,10.0,NC(=S)Nc1cccc(c1)C(F)(F)F,O=Cc1cnc(nc1)N2CCCC2,COC(=O)CC(=O)C,C[Si](C)(C)Cl
2322,COC(=O)C1=C(C)N(C(=S)NC1c2cnn(C)c2)c3cc(C)ccc3C,0.6,1,N,10.33,Cc1ccc(C)c(NC(=S)N)c1,Cn1cc(C=O)cn1,COC(=O)CC(=O)C,C[Si](C)(C)Cl
2323,COC(=O)C1=C(C)N(C(=S)NC1c2cnn(C)c2)c3cc(C)ccc3C,0.6,0,N,0.0,Cc1ccc(C)c(NC(=S)N)c1,Cn1cc(C=O)cn1,COC(=O)CC(=O)C,C[Si](C)(C)Cl
2324,COC(=O)C1=C(C)N(C(=S)NC1c2cnn(C)c2)c3ccc(F)cc3,0.6,1,N,54.5,NC(=S)Nc1ccc(F)cc1,Cn1cc(C=O)cn1,COC(=O)CC(=O)C,C[Si](C)(C)Cl
2325,COC(=O)C1=C(C)N(C(=S)NC1c2cnn(C)c2)c3cccc(Br)c3,0.6,1,N,9.33,NC(=S)Nc1cccc(Br)c1,Cn1cc(C=O)cn1,COC(=O)CC(=O)C,C[Si](C)(C)Cl
2326,COC(=O)C1=C(C)N(C(=S)NC1c2cnn(Cc3ccccc3)c2)c4ccc(Cl)cc4,0.6,1,N,27.83,NC(=S)Nc1ccc(Cl)cc1,O=Cc1cnn(Cc2ccccc2)c1,COC(=O)CC(=O)C,C[Si](C)(C)Cl
2327,COC(=O)C1=C(C)N(C(=S)NC1c2cnn(c2)c3ccccc3)c4cccc(C)c4,0.6,0,N,0.0,Cc1cccc(NC(=S)N)c1,O=Cc1cnn(c1)c2ccccc2,COC(=O)CC(=O)C,C[Si](C)(C)Cl
2328,COC(=O)C1=C(C)N(C(=S)NC1c2cnn(c2)c3ccccc3)c4ccccc4,0.6,1,N,41.17,NC(=S)Nc1ccccc1,O=Cc1cnn(c1)c2ccccc2,COC(=O)CC(=O)C,C[Si](C)(C)Cl
2329,COC(=O)C1=C(C)N(C(=S)NC1c2cnn(n2)c3ccccc3)c4ccc(C)cc4,0.6,0,N,0.0,Cc1ccc(NC(=S)N)cc1,O=Cc1cnn(n1)c2ccccc2,COC(=O)CC(=O)C,C[Si](C)(C)Cl
2330,COC(=O)C1=C(C)N(C(=S)NC1c2cnn(n2)c3ccccc3)c4ccc(F)cc4,0.6,1,N,93.5,NC(=S)Nc1ccc(F)cc1,O=Cc1cnn(n1)c2ccccc2,COC(=O)CC(=O)C,C[Si](C)(C)Cl
2331,COC(=O)C1=C(C)N(C(=S)NC1c2cnn(n2)c3ccccc3)c4ccc5OCCOc5c4,0.6,0,N,0.0,NC(=S)Nc1ccc2OCCOc2c1,O=Cc1cnn(n1)c2ccccc2,COC(=O)CC(=O)C,C[Si](C)(C)Cl
2332,COC(=O)C1=C(C)N(C(=S)NC1c2csc(C)n2)c3cccc(Br)c3,0.6,1,N,72.5,NC(=S)Nc1cccc(Br)c1,Cc1nc(C=O)cs1,COC(=O)CC(=O)C,C[Si](C)(C)Cl
2333,COC(=O)C1=C(C)N(C(=S)NC1c2csc(n2)c3ccccn3)c4cc(C)ccc4C,0.6,0,N,0.0,Cc1ccc(C)c(NC(=S)N)c1,O=Cc1csc(n1)c2ccccn2,COC(=O)CC(=O)C,C[Si](C)(C)Cl
2334,COC(=O)C1=C(C)N(C(C)C)C(=S)NC1c2ccc(cc2)[N+](=O)[O-],0.6,0,N,0.0,CC(C)NC(=S)N,[O-][N+](=O)c1ccc(C=O)cc1,COC(=O)CC(=O)C,
2335,COC(=O)C1=C(C)N(C(C)C)C(=S)NC1c2ccc(cc2)[N+](=O)[O-],0.6,0,N,0.0,CC(C)NC(=S)N,[O-][N+](=O)c1ccc(C=O)cc1,COC(=O)CC(=O)C,C[Si](C)(C)Cl
2336,COC(=O)C1=C(C)N(C)C(=O)N(C)C1c2c(Cl)cccc2Cl,0.6,1,N,49.17,CNC(=O)NC,Clc1cccc(Cl)c1C=O,COC(=O)CC(=O)C,C[Si](C)(C)Cl
2337,COC(=O)C1=C(C)N(C)C(=O)N(C)C1c2c(F)cccc2Cl,0.6,1,N,64.33,CNC(=O)NC,Fc1cccc(Cl)c1C=O,COC(=O)CC(=O)C,C[Si](C)(C)Cl
2338,COC(=O)C1=C(C)N(C)C(=O)N(C)C1c2c(F)cccc2F,0.6,1,N,37.33,CNC(=O)NC,Fc1cccc(F)c1C=O,COC(=O)CC(=O)C,C[Si](C)(C)Cl
2339,COC(=O)C1=C(C)N(C)C(=O)N(C)C1c2cc(Br)ccc2F,0.6,1,N,45.0,CNC(=O)NC,Fc1ccc(Br)cc1C=O,COC(=O)CC(=O)C,C[Si](C)(C)Cl
2340,COC(=O)C1=C(C)N(C)C(=O)N(C)C1c2cc(Br)ccc2OC,0.6,1,N,59.17,CNC(=O)NC,COc1ccc(Br)cc1C=O,COC(=O)CC(=O)C,C[Si](C)(C)Cl
2341,COC(=O)C1=C(C)N(C)C(=O)N(C)C1c2cc(Br)cs2,0.6,1,N,86.0,CNC(=O)NC,Brc1csc(C=O)c1,COC(=O)CC(=O)C,C[Si](C)(C)Cl
2342,COC(=O)C1=C(C)N(C)C(=O)N(C)C1c2cc(OC)c(OC)c(OC)c2,0.6,1,N,10.0,CNC(=O)NC,COc1cc(C=O)cc(OC)c1OC,COC(=O)CC(=O)C,C[Si](C)(C)Cl
2343,COC(=O)C1=C(C)N(C)C(=O)N(C)C1c2cc(OC)c(OC)c(OC)c2,0.6,0,N,0.0,CNC(=O)NC,COc1cc(C=O)cc(OC)c1OC,COC(=O)CC(=O)C,C[Si](C)(C)Cl
2344,COC(=O)C1=C(C)N(C)C(=O)N(C)C1c2ccc(Br)cc2,0.6,0,N,0.0,CNC(=O)NC,Brc1ccc(C=O)cc1,COC(=O)CC(=O)C,C[Si](C)(C)Cl
2345,COC(=O)C1=C(C)N(C)C(=O)N(C)C1c2ccc(Br)cc2,0.6,1,N,50.0,CNC(=O)NC,Brc1ccc(C=O)cc1,COC(=O)CC(=O)C,C[Si](C)(C)Cl
2346,COC(=O)C1=C(C)N(C)C(=O)N(C)C1c2ccc(Br)cc2F,0.6,1,N,16.83,CNC(=O)NC,Fc1cc(Br)ccc1C=O,COC(=O)CC(=O)C,C[Si](C)(C)Cl
2347,COC(=O)C1=C(C)N(C)C(=O)N(C)C1c2ccc(Br)s2,0.6,1,N,63.33,CNC(=O)NC,Brc1ccc(C=O)s1,COC(=O)CC(=O)C,C[Si](C)(C)Cl
2348,COC(=O)C1=C(C)N(C)C(=O)N(C)C1c2ccc(Cl)c(Cl)c2,0.6,1,N,52.0,CNC(=O)NC,Clc1ccc(C=O)cc1Cl,COC(=O)CC(=O)C,C[Si](C)(C)Cl
2349,COC(=O)C1=C(C)N(C)C(=O)N(C)C1c2ccc(Cl)cc2Cl,0.6,1,N,9.67,CNC(=O)NC,Clc1ccc(C=O)c(Cl)c1,COC(=O)CC(=O)C,C[Si](C)(C)Cl
2350,COC(=O)C1=C(C)N(C)C(=O)N(C)C1c2ccc(F)c(Br)c2,0.6,1,N,42.0,CNC(=O)NC,Fc1ccc(C=O)cc1Br,COC(=O)CC(=O)C,C[Si](C)(C)Cl
2351,COC(=O)C1=C(C)N(C)C(=O)N(C)C1c2ccc(F)cc2,0.6,1,N,47.0,CNC(=O)NC,Fc1ccc(C=O)cc1,COC(=O)CC(=O)C,C[Si](C)(C)Cl
2352,COC(=O)C1=C(C)N(C)C(=O)N(C)C1c2ccc(F)cc2F,0.6,1,N,8.17,CNC(=O)NC,Fc1ccc(C=O)c(F)c1,COC(=O)CC(=O)C,C[Si](C)(C)Cl
2353,COC(=O)C1=C(C)N(C)C(=O)N(C)C1c2ccc(OC(F)(F)F)cc2,0.6,1,N,49.17,CNC(=O)NC,FC(F)(F)Oc1ccc(C=O)cc1,COC(=O)CC(=O)C,C[Si](C)(C)Cl
2354,COC(=O)C1=C(C)N(C)C(=O)N(C)C1c2ccc(OC(F)F)c(OC)c2,0.6,1,N,64.0,CNC(=O)NC,COc1cc(C=O)ccc1OC(F)F,COC(=O)CC(=O)C,C[Si](C)(C)Cl
2355,COC(=O)C1=C(C)N(C)C(=O)N(C)C1c2ccc(OC(F)F)cc2,0.6,1,N,69.0,CNC(=O)NC,FC(F)Oc1ccc(C=O)cc1,COC(=O)CC(=O)C,C[Si](C)(C)Cl
2356,COC(=O)C1=C(C)N(C)C(=O)N(C)C1c2ccc(OC)c(OCc3cccnc3)c2,0.6,0,N,0.0,CNC(=O)NC,COc1ccc(C=O)cc1OCc2cccnc2,COC(=O)CC(=O)C,C[Si](C)(C)Cl
2357,COC(=O)C1=C(C)N(C)C(=O)N(C)C1c2ccc(cc2)C(=O)OC,0.6,1,N,87.17,CNC(=O)NC,COC(=O)c1ccc(C=O)cc1,COC(=O)CC(=O)C,C[Si](C)(C)Cl
2358,COC(=O)C1=C(C)N(C)C(=O)N(C)C1c2ccc(cc2)[N+](=O)[O-],0.6,1,N,28.0,CNC(=O)NC,[O-][N+](=O)c1ccc(C=O)cc1,COC(=O)CC(=O)C,C[Si](C)(C)Cl
2359,COC(=O)C1=C(C)N(C)C(=O)N(C)C1c2cccc(Br)c2,0.6,1,N,20.83,CNC(=O)NC,Brc1cccc(C=O)c1,COC(=O)CC(=O)C,C[Si](C)(C)Cl
2360,COC(=O)C1=C(C)N(C)C(=O)N(C)C1c2cccc(C#N)c2,0.6,1,N,37.67,CNC(=O)NC,O=Cc1cccc(C#N)c1,COC(=O)CC(=O)C,C[Si](C)(C)Cl
2361,COC(=O)C1=C(C)N(C)C(=O)N(C)C1c2cccc(Cl)c2Cl,0.6,1,N,27.17,CNC(=O)NC,Clc1cccc(C=O)c1Cl,COC(=O)CC(=O)C,C[Si](C)(C)Cl
2362,COC(=O)C1=C(C)N(C)C(=O)N(C)C1c2cccc(Cl)c2Cl,0.6,1,N,4.67,CNC(=O)NC,Clc1cccc(C=O)c1Cl,COC(=O)CC(=O)C,C[Si](C)(C)Cl
2363,COC(=O)C1=C(C)N(C)C(=O)N(C)C1c2cccc(F)c2,0.6,0,N,0.0,CNC(=O)NC,Fc1cccc(C=O)c1,COC(=O)CC(=O)C,C[Si](C)(C)Cl
2364,COC(=O)C1=C(C)N(C)C(=O)N(C)C1c2cccc(F)c2,0.6,1,N,36.67,CNC(=O)NC,Fc1cccc(C=O)c1,COC(=O)CC(=O)C,C[Si](C)(C)Cl
2365,COC(=O)C1=C(C)N(C)C(=O)N(C)C1c2cccc(c2)C(F)(F)F,0.6,1,N,59.67,CNC(=O)NC,FC(F)(F)c1cccc(C=O)c1,COC(=O)CC(=O)C,C[Si](C)(C)Cl
2366,COC(=O)C1=C(C)N(C)C(=O)N(C)C1c2ccccc2,0.6,1,N,14.83,CNC(=O)NC,O=Cc1ccccc1,COC(=O)CC(=O)C,C[Si](C)(C)Cl
2367,COC(=O)C1=C(C)N(C)C(=O)N(C)C1c2ccccc2C(F)(F)F,0.6,1,N,75.67,CNC(=O)NC,FC(F)(F)c1ccccc1C=O,COC(=O)CC(=O)C,C[Si](C)(C)Cl
2368,COC(=O)C1=C(C)N(C)C(=O)N(C)C1c2ccccc2F,0.6,1,N,35.0,CNC(=O)NC,Fc1ccccc1C=O,COC(=O)CC(=O)C,C[Si](C)(C)Cl
2369,COC(=O)C1=C(C)N(C)C(=O)N(C)C1c2ccccc2OC(F)F,0.6,1,N,37.33,CNC(=O)NC,FC(F)Oc1ccccc1C=O,COC(=O)CC(=O)C,C[Si](C)(C)Cl
2370,COC(=O)C1=C(C)N(C)C(=O)N(C)C1c2cccs2,0.6,1,N,78.33,CNC(=O)NC,O=Cc1cccs1,COC(=O)CC(=O)C,C[Si](C)(C)Cl
2371,COC(=O)C1=C(C)N(C)C(=O)N(C)C1c2cccs2,0.6,0,N,0.0,CNC(=O)NC,O=Cc1cccs1,COC(=O)CC(=O)C,C[Si](C)(C)Cl
2372,COC(=O)C1=C(C)N(C)C(=O)N(C)C1c2ccsc2,0.6,1,N,73.67,CNC(=O)NC,O=Cc1ccsc1,COC(=O)CC(=O)C,C[Si](C)(C)Cl
2373,COC(=O)C1=C(C)N(C)C(=O)NC1c2c(Cl)cccc2Cl,0.6,1,N,45.83,CNC(=O)N,Clc1cccc(Cl)c1C=O,COC(=O)CC(=O)C,C[Si](C)(C)Cl
2374,COC(=O)C1=C(C)N(C)C(=O)NC1c2c(F)cccc2Cl,0.6,1,N,50.0,CNC(=O)N,Fc1cccc(Cl)c1C=O,COC(=O)CC(=O)C,C[Si](C)(C)Cl
2375,COC(=O)C1=C(C)N(C)C(=O)NC1c2c(F)cccc2F,0.6,1,N,74.5,CNC(=O)N,Fc1cccc(F)c1C=O,COC(=O)CC(=O)C,C[Si](C)(C)Cl
2376,COC(=O)C1=C(C)N(C)C(=O)NC1c2cc(Br)ccc2F,0.6,0,N,0.0,CNC(=O)N,Fc1ccc(Br)cc1C=O,COC(=O)CC(=O)C,C[Si](C)(C)Cl
2377,COC(=O)C1=C(C)N(C)C(=O)NC1c2cc(Br)ccc2OC,0.6,0,N,0.0,CNC(=O)N,COc1ccc(Br)cc1C=O,COC(=O)CC(=O)C,C[Si](C)(C)Cl
2378,COC(=O)C1=C(C)N(C)C(=O)NC1c2cc(Br)ccc2OC,0.6,1,N,24.17,CNC(=O)N,COc1ccc(Br)cc1C=O,COC(=O)CC(=O)C,C[Si](C)(C)Cl
2379,COC(=O)C1=C(C)N(C)C(=O)NC1c2cc(Br)cs2,0.6,1,N,69.17,CNC(=O)N,Brc1csc(C=O)c1,COC(=O)CC(=O)C,C[Si](C)(C)Cl
2380,COC(=O)C1=C(C)N(C)C(=O)NC1c2cc(OC)c(O)c(OC)c2,0.6,0,N,0.0,CNC(=O)N,COc1cc(C=O)cc(OC)c1O,COC(=O)CC(=O)C,C[Si](C)(C)Cl
2381,COC(=O)C1=C(C)N(C)C(=O)NC1c2cc(OC)c(OC)c(OC)c2,0.6,0,N,0.0,CNC(=O)N,COc1cc(C=O)cc(OC)c1OC,COC(=O)CC(=O)C,C[Si](C)(C)Cl
2382,COC(=O)C1=C(C)N(C)C(=O)NC1c2cc(OC)c(OC)c(OC)c2,0.6,0,N,0.0,CNC(=O)N,COc1cc(C=O)cc(OC)c1OC,COC(=O)CC(=O)C,C[Si](C)(C)Cl
2383,COC(=O)C1=C(C)N(C)C(=O)NC1c2ccc(Br)cc2,0.6,1,N,78.17,CNC(=O)N,Brc1ccc(C=O)cc1,COC(=O)CC(=O)C,C[Si](C)(C)Cl
2384,COC(=O)C1=C(C)N(C)C(=O)NC1c2ccc(Br)cc2F,0.6,1,N,27.0,CNC(=O)N,Fc1cc(Br)ccc1C=O,COC(=O)CC(=O)C,C[Si](C)(C)Cl
2385,COC(=O)C1=C(C)N(C)C(=O)NC1c2ccc(Br)s2,0.6,1,N,43.17,CNC(=O)N,Brc1ccc(C=O)s1,COC(=O)CC(=O)C,C[Si](C)(C)Cl
2386,COC(=O)C1=C(C)N(C)C(=O)NC1c2ccc(C)cc2,0.6,1,N,42.67,CNC(=O)N,Cc1ccc(C=O)cc1,COC(=O)CC(=O)C,C[Si](C)(C)Cl
2387,COC(=O)C1=C(C)N(C)C(=O)NC1c2ccc(C)s2,0.6,0,N,0.0,CNC(=O)N,Cc1ccc(C=O)s1,COC(=O)CC(=O)C,C[Si](C)(C)Cl
2388,COC(=O)C1=C(C)N(C)C(=O)NC1c2ccc(Cl)c(Cl)c2,0.6,1,N,3.67,CNC(=O)N,Clc1ccc(C=O)cc1Cl,COC(=O)CC(=O)C,C[Si](C)(C)Cl
2389,COC(=O)C1=C(C)N(C)C(=O)NC1c2ccc(Cl)cc2,0.6,1,N,1.33,CNC(=O)N,Clc1ccc(C=O)cc1,COC(=O)CC(=O)C,C[Si](C)(C)Cl
2390,COC(=O)C1=C(C)N(C)C(=O)NC1c2ccc(Cl)cc2,0.6,1,N,51.33,CNC(=O)N,Clc1ccc(C=O)cc1,COC(=O)CC(=O)C,C[Si](C)(C)Cl
2391,COC(=O)C1=C(C)N(C)C(=O)NC1c2ccc(Cl)cc2Cl,0.6,1,N,2.33,CNC(=O)N,Clc1ccc(C=O)c(Cl)c1,COC(=O)CC(=O)C,C[Si](C)(C)Cl
2392,COC(=O)C1=C(C)N(C)C(=O)NC1c2ccc(F)c(Br)c2,0.6,1,N,47.5,CNC(=O)N,Fc1ccc(C=O)cc1Br,COC(=O)CC(=O)C,C[Si](C)(C)Cl
2393,COC(=O)C1=C(C)N(C)C(=O)NC1c2ccc(F)c(Br)c2,0.6,0,N,0.0,CNC(=O)N,Fc1ccc(C=O)cc1Br,COC(=O)CC(=O)C,C[Si](C)(C)Cl
2394,COC(=O)C1=C(C)N(C)C(=O)NC1c2ccc(F)c(F)c2,0.6,1,N,7.5,CNC(=O)N,Fc1ccc(C=O)cc1F,COC(=O)CC(=O)C,C[Si](C)(C)Cl
2395,COC(=O)C1=C(C)N(C)C(=O)NC1c2ccc(F)c(F)c2,0.6,0,N,0.0,CNC(=O)N,Fc1ccc(C=O)cc1F,COC(=O)CC(=O)C,C[Si](C)(C)Cl
2396,COC(=O)C1=C(C)N(C)C(=O)NC1c2ccc(F)cc2,0.6,1,N,37.0,CNC(=O)N,Fc1ccc(C=O)cc1,COC(=O)CC(=O)C,C[Si](C)(C)Cl
2397,COC(=O)C1=C(C)N(C)C(=O)NC1c2ccc(F)cc2F,0.6,1,N,9.83,CNC(=O)N,Fc1ccc(C=O)c(F)c1,COC(=O)CC(=O)C,C[Si](C)(C)Cl
2398,COC(=O)C1=C(C)N(C)C(=O)NC1c2ccc(OC(F)F)cc2,0.6,1,N,43.33,CNC(=O)N,FC(F)Oc1ccc(C=O)cc1,COC(=O)CC(=O)C,C[Si](C)(C)Cl
2399,COC(=O)C1=C(C)N(C)C(=O)NC1c2ccc(OC(F)F)cc2,0.6,0,N,0.0,CNC(=O)N,FC(F)Oc1ccc(C=O)cc1,COC(=O)CC(=O)C,C[Si](C)(C)Cl
2400,COC(=O)C1=C(C)N(C)C(=O)NC1c2ccc(OC)c(OC(F)F)c2,0.6,1,N,44.5,CNC(=O)N,COc1ccc(C=O)cc1OC(F)F,COC(=O)CC(=O)C,C[Si](C)(C)Cl
2401,COC(=O)C1=C(C)N(C)C(=O)NC1c2ccc(OC)cc2,0.6,0,N,0.0,CNC(=O)N,COc1ccc(C=O)cc1,COC(=O)CC(=O)C,C[Si](C)(C)Cl
2402,COC(=O)C1=C(C)N(C)C(=O)NC1c2ccc(cc2)C(=O)OC,0.6,0,N,0.0,CNC(=O)N,COC(=O)c1ccc(C=O)cc1,COC(=O)CC(=O)C,C[Si](C)(C)Cl
2403,COC(=O)C1=C(C)N(C)C(=O)NC1c2ccc(cc2)C(=O)OC,0.6,1,N,48.33,CNC(=O)N,COC(=O)c1ccc(C=O)cc1,COC(=O)CC(=O)C,C[Si](C)(C)Cl
2404,COC(=O)C1=C(C)N(C)C(=O)NC1c2ccc(cc2)C(C)(C)C,0.6,1,N,66.17,CNC(=O)N,CC(C)(C)c1ccc(C=O)cc1,COC(=O)CC(=O)C,C[Si](C)(C)Cl
2405,COC(=O)C1=C(C)N(C)C(=O)NC1c2ccc(cc2)C(C)C,0.6,1,N,13.5,CNC(=O)N,CC(C)c1ccc(C=O)cc1,COC(=O)CC(=O)C,C[Si](C)(C)Cl
2406,COC(=O)C1=C(C)N(C)C(=O)NC1c2ccc(cc2)c3ccccc3,0.6,1,N,45.67,CNC(=O)N,O=Cc1ccc(cc1)c2ccccc2,COC(=O)CC(=O)C,C[Si](C)(C)Cl
2407,COC(=O)C1=C(C)N(C)C(=O)NC1c2ccc(o2)c3ccccc3Cl,0.6,1,N,65.83,CNC(=O)N,Clc1ccccc1c2ccc(C=O)o2,COC(=O)CC(=O)C,C[Si](C)(C)Cl
2408,COC(=O)C1=C(C)N(C)C(=O)NC1c2ccc(s2)c3ccccc3Cl,0.6,1,N,50.17,CNC(=O)N,Clc1ccccc1c2ccc(C=O)s2,COC(=O)CC(=O)C,C[Si](C)(C)Cl
2409,COC(=O)C1=C(C)N(C)C(=O)NC1c2ccc3OCCc3c2,0.6,0,N,0.0,CNC(=O)N,O=Cc1ccc2OCCc2c1,COC(=O)CC(=O)C,C[Si](C)(C)Cl
2410,COC(=O)C1=C(C)N(C)C(=O)NC1c2ccc3ccccc3c2,0.6,0,N,0.0,CNC(=O)N,O=Cc1ccc2ccccc2c1,COC(=O)CC(=O)C,C[Si](C)(C)Cl
2411,COC(=O)C1=C(C)N(C)C(=O)NC1c2cccc(Br)c2,0.6,1,N,80.5,CNC(=O)N,Brc1cccc(C=O)c1,COC(=O)CC(=O)C,C[Si](C)(C)Cl
2412,COC(=O)C1=C(C)N(C)C(=O)NC1c2cccc(C)c2,0.6,1,N,28.33,CNC(=O)N,Cc1cccc(C=O)c1,COC(=O)CC(=O)C,C[Si](C)(C)Cl
2413,COC(=O)C1=C(C)N(C)C(=O)NC1c2cccc(Cl)c2,0.6,1,N,60.33,CNC(=O)N,Clc1cccc(C=O)c1,COC(=O)CC(=O)C,C[Si](C)(C)Cl
2414,COC(=O)C1=C(C)N(C)C(=O)NC1c2cccc(Cl)c2Cl,0.6,1,N,50.83,CNC(=O)N,Clc1cccc(C=O)c1Cl,COC(=O)CC(=O)C,C[Si](C)(C)Cl
2415,COC(=O)C1=C(C)N(C)C(=O)NC1c2cccc(F)c2,0.6,1,N,61.67,CNC(=O)N,Fc1cccc(C=O)c1,COC(=O)CC(=O)C,C[Si](C)(C)Cl
2416,COC(=O)C1=C(C)N(C)C(=O)NC1c2cccc(OC)c2OC,0.6,0,N,0.0,CNC(=O)N,COc1cccc(C=O)c1OC,COC(=O)CC(=O)C,C[Si](C)(C)Cl
2417,COC(=O)C1=C(C)N(C)C(=O)NC1c2cccc(OCC=C)c2,0.6,0,N,0.0,CNC(=O)N,C=CCOc1cccc(C=O)c1,COC(=O)CC(=O)C,C[Si](C)(C)Cl
2418,COC(=O)C1=C(C)N(C)C(=O)NC1c2cccc(c2)C(F)(F)F,0.6,1,N,64.0,CNC(=O)N,FC(F)(F)c1cccc(C=O)c1,COC(=O)CC(=O)C,C[Si](C)(C)Cl
2419,COC(=O)C1=C(C)N(C)C(=O)NC1c2ccccc2,0.6,1,N,40.5,CNC(=O)N,O=Cc1ccccc1,COC(=O)CC(=O)C,C[Si](C)(C)Cl
2420,COC(=O)C1=C(C)N(C)C(=O)NC1c2ccccc2Br,0.6,1,N,67.67,CNC(=O)N,Brc1ccccc1C=O,COC(=O)CC(=O)C,C[Si](C)(C)Cl
2421,COC(=O)C1=C(C)N(C)C(=O)NC1c2ccccc2C(F)(F)F,0.6,1,N,67.17,CNC(=O)N,FC(F)(F)c1ccccc1C=O,COC(=O)CC(=O)C,C[Si](C)(C)Cl
2422,COC(=O)C1=C(C)N(C)C(=O)NC1c2ccccc2Cl,0.6,1,N,39.33,CNC(=O)N,Clc1ccccc1C=O,COC(=O)CC(=O)C,C[Si](C)(C)Cl
2423,COC(=O)C1=C(C)N(C)C(=O)NC1c2ccccc2F,0.6,1,N,44.33,CNC(=O)N,Fc1ccccc1C=O,COC(=O)CC(=O)C,C[Si](C)(C)Cl
2424,COC(=O)C1=C(C)N(C)C(=O)NC1c2ccccc2OC(F)F,0.6,1,N,40.0,CNC(=O)N,FC(F)Oc1ccccc1C=O,COC(=O)CC(=O)C,C[Si](C)(C)Cl
2425,COC(=O)C1=C(C)N(C)C(=O)NC1c2ccccc2OC(F)F,0.6,0,N,0.0,CNC(=O)N,FC(F)Oc1ccccc1C=O,COC(=O)CC(=O)C,C[Si](C)(C)Cl
2426,COC(=O)C1=C(C)N(C)C(=O)NC1c2cccs2,0.6,1,N,100.0,CNC(=O)N,O=Cc1cccs1,COC(=O)CC(=O)C,C[Si](C)(C)Cl
2427,COC(=O)C1=C(C)N(C)C(=O)NC1c2cccs2,0.6,0,N,0.0,CNC(=O)N,O=Cc1cccs1,COC(=O)CC(=O)C,C[Si](C)(C)Cl
2428,COC(=O)C1=C(C)N(C)C(=O)NC1c2ccsc2,0.6,1,N,75.67,CNC(=O)N,O=Cc1ccsc1,COC(=O)CC(=O)C,C[Si](C)(C)Cl
2429,COC(=O)C1=C(C)N(C)C(=O)NC1c2cnc(nc2)c3ccccc3,0.6,0,N,0.0,CNC(=O)N,O=Cc1cnc(nc1)c2ccccc2,COC(=O)CC(=O)C,C[Si](C)(C)Cl
2430,COC(=O)C1=C(C)N(C)C(=S)N(C)C1c2c(Cl)cccc2Cl,0.6,0,N,0.0,CNC(=S)NC,Clc1cccc(Cl)c1C=O,COC(=O)CC(=O)C,
2431,COC(=O)C1=C(C)N(C)C(=S)N(C)C1c2cccc(Br)c2,0.6,1,N,0.0,CNC(=S)NC,Brc1cccc(C=O)c1,COC(=O)CC(=O)C,
2432,COC(=O)C1=C(C)N(C)C(=S)NC1c2c(F)cccc2F,0.6,1,N,71.33,CNC(=S)N,Fc1cccc(F)c1C=O,COC(=O)CC(=O)C,C[Si](C)(C)Cl
2433,COC(=O)C1=C(C)N(C)C(=S)NC1c2ccc(F)c(Br)c2,0.6,1,N,71.83,CNC(=S)N,Fc1ccc(C=O)cc1Br,COC(=O)CC(=O)C,C[Si](C)(C)Cl
2434,COC(=O)C1=C(C)N(C)C(=S)NC1c2ccc(Oc3ccc(F)cc3)c(c2)[N+](=O)[O-],0.6,1,N,71.67,CNC(=S)N,[O-][N+](=O)c1cc(C=O)ccc1Oc2ccc(F)cc2,COC(=O)CC(=O)C,C[Si](C)(C)Cl
2435,COC(=O)C1=C(C)N(C)C(=S)NC1c2ccc(cc2)C(=O)OC,0.6,1,N,67.5,CNC(=S)N,COC(=O)c1ccc(C=O)cc1,COC(=O)CC(=O)C,C[Si](C)(C)Cl
2436,COC(=O)C1=C(C)N(C)C(=S)NC1c2ccc(cc2)C(C)C,0.6,1,N,48.33,CNC(=S)N,CC(C)c1ccc(C=O)cc1,COC(=O)CC(=O)C,C[Si](C)(C)Cl
2437,COC(=O)C1=C(C)N(C)C(=S)NC1c2ccc(o2)c3ccccc3F,0.6,1,N,50.83,CNC(=S)N,Fc1ccccc1c2ccc(C=O)o2,COC(=O)CC(=O)C,C[Si](C)(C)Cl
2438,COC(=O)C1=C(C)N(C)C(=S)NC1c2cccc(c2)C(F)(F)F,0.6,1,N,74.5,CNC(=S)N,FC(F)(F)c1cccc(C=O)c1,COC(=O)CC(=O)C,C[Si](C)(C)Cl
2439,COC(=O)C1=C(C)N(C)C(=S)NC1c2ccccc2,0.6,1,N,66.33,CNC(=S)N,O=Cc1ccccc1,COC(=O)CC(=O)C,C[Si](C)(C)Cl
2440,COC(=O)C1=C(C)N(C)C(=S)NC1c2ccccc2Cl,0.6,1,N,90.33,CNC(=S)N,Clc1ccccc1C=O,COC(=O)CC(=O)C,C[Si](C)(C)Cl
2441,COC(=O)C1=C(C)N(C2CC2)C(=O)NC1c3c(C)n[nH]c3C,0.6,0,N,0.0,NC(=O)NC1CC1,Cc1n[nH]c(C)c1C=O,COC(=O)CC(=O)C,C[Si](C)(C)Cl
2442,COC(=O)C1=C(C)N(C2CC2)C(=O)NC1c3c(Cl)cccc3Cl,0.6,1,N,89.67,NC(=O)NC1CC1,Clc1cccc(Cl)c1C=O,COC(=O)CC(=O)C,C[Si](C)(C)Cl
2443,COC(=O)C1=C(C)N(C2CC2)C(=O)NC1c3c(F)cccc3Cl,0.6,1,N,68.0,NC(=O)NC1CC1,Fc1cccc(Cl)c1C=O,COC(=O)CC(=O)C,C[Si](C)(C)Cl
2444,COC(=O)C1=C(C)N(C2CC2)C(=O)NC1c3c(F)cccc3F,0.6,1,N,64.83,NC(=O)NC1CC1,Fc1cccc(F)c1C=O,COC(=O)CC(=O)C,C[Si](C)(C)Cl
2445,COC(=O)C1=C(C)N(C2CC2)C(=O)NC1c3cc(Br)ccc3F,0.6,1,N,54.33,NC(=O)NC1CC1,Fc1ccc(Br)cc1C=O,COC(=O)CC(=O)C,C[Si](C)(C)Cl
2446,COC(=O)C1=C(C)N(C2CC2)C(=O)NC1c3cc(Br)ccc3OC,0.6,1,N,56.67,NC(=O)NC1CC1,COc1ccc(Br)cc1C=O,COC(=O)CC(=O)C,C[Si](C)(C)Cl
2447,COC(=O)C1=C(C)N(C2CC2)C(=O)NC1c3cc(Br)ccc3OC,0.6,0,N,0.0,NC(=O)NC1CC1,COc1ccc(Br)cc1C=O,COC(=O)CC(=O)C,C[Si](C)(C)Cl
2448,COC(=O)C1=C(C)N(C2CC2)C(=O)NC1c3ccc(Br)cc3,0.6,1,N,78.17,NC(=O)NC1CC1,Brc1ccc(C=O)cc1,COC(=O)CC(=O)C,C[Si](C)(C)Cl
2449,COC(=O)C1=C(C)N(C2CC2)C(=O)NC1c3ccc(Br)cc3,0.6,1,N,1.83,NC(=O)NC1CC1,Brc1ccc(C=O)cc1,COC(=O)CC(=O)C,C[Si](C)(C)Cl
2450,COC(=O)C1=C(C)N(C2CC2)C(=O)NC1c3ccc(Br)cc3F,0.6,1,N,32.0,NC(=O)NC1CC1,Fc1cc(Br)ccc1C=O,COC(=O)CC(=O)C,C[Si](C)(C)Cl
2451,COC(=O)C1=C(C)N(C2CC2)C(=O)NC1c3ccc(Br)s3,0.6,1,N,39.33,NC(=O)NC1CC1,Brc1ccc(C=O)s1,COC(=O)CC(=O)C,C[Si](C)(C)Cl
2452,COC(=O)C1=C(C)N(C2CC2)C(=O)NC1c3ccc(C)cc3,0.6,1,N,7.5,NC(=O)NC1CC1,Cc1ccc(C=O)cc1,COC(=O)CC(=O)C,C[Si](C)(C)Cl
2453,COC(=O)C1=C(C)N(C2CC2)C(=O)NC1c3ccc(C)s3,0.6,0,N,0.0,NC(=O)NC1CC1,Cc1ccc(C=O)s1,COC(=O)CC(=O)C,C[Si](C)(C)Cl
2454,COC(=O)C1=C(C)N(C2CC2)C(=O)NC1c3ccc(Cl)c(Cl)c3,0.6,0,N,0.0,NC(=O)NC1CC1,Clc1ccc(C=O)cc1Cl,COC(=O)CC(=O)C,C[Si](C)(C)Cl
2455,COC(=O)C1=C(C)N(C2CC2)C(=O)NC1c3ccc(Cl)c(Cl)c3,0.6,1,N,31.67,NC(=O)NC1CC1,Clc1ccc(C=O)cc1Cl,COC(=O)CC(=O)C,C[Si](C)(C)Cl
2456,COC(=O)C1=C(C)N(C2CC2)C(=O)NC1c3ccc(Cl)c(c3)[N+](=O)[O-],0.6,1,N,9.33,NC(=O)NC1CC1,[O-][N+](=O)c1cc(C=O)ccc1Cl,COC(=O)CC(=O)C,C[Si](C)(C)Cl
2457,COC(=O)C1=C(C)N(C2CC2)C(=O)NC1c3ccc(Cl)c(c3)[N+](=O)[O-],0.6,1,N,28.5,NC(=O)NC1CC1,[O-][N+](=O)c1cc(C=O)ccc1Cl,COC(=O)CC(=O)C,C[Si](C)(C)Cl
2458,COC(=O)C1=C(C)N(C2CC2)C(=O)NC1c3ccc(Cl)cc3,0.6,1,N,36.83,NC(=O)NC1CC1,Clc1ccc(C=O)cc1,COC(=O)CC(=O)C,C[Si](C)(C)Cl
2459,COC(=O)C1=C(C)N(C2CC2)C(=O)NC1c3ccc(Cl)cc3Cl,0.6,1,N,74.17,NC(=O)NC1CC1,Clc1ccc(C=O)c(Cl)c1,COC(=O)CC(=O)C,C[Si](C)(C)Cl
2460,COC(=O)C1=C(C)N(C2CC2)C(=O)NC1c3ccc(F)c(Br)c3,0.6,1,N,60.0,NC(=O)NC1CC1,Fc1ccc(C=O)cc1Br,COC(=O)CC(=O)C,C[Si](C)(C)Cl
2461,COC(=O)C1=C(C)N(C2CC2)C(=O)NC1c3ccc(F)c(F)c3,0.6,1,N,31.67,NC(=O)NC1CC1,Fc1ccc(C=O)cc1F,COC(=O)CC(=O)C,C[Si](C)(C)Cl
2462,COC(=O)C1=C(C)N(C2CC2)C(=O)NC1c3ccc(F)c(F)c3,0.6,0,N,0.0,NC(=O)NC1CC1,Fc1ccc(C=O)cc1F,COC(=O)CC(=O)C,C[Si](C)(C)Cl
2463,COC(=O)C1=C(C)N(C2CC2)C(=O)NC1c3ccc(F)cc3,0.6,0,N,0.0,NC(=O)NC1CC1,Fc1ccc(C=O)cc1,COC(=O)CC(=O)C,C[Si](C)(C)Cl
2464,COC(=O)C1=C(C)N(C2CC2)C(=O)NC1c3ccc(F)cc3,0.6,1,N,45.0,NC(=O)NC1CC1,Fc1ccc(C=O)cc1,COC(=O)CC(=O)C,C[Si](C)(C)Cl
2465,COC(=O)C1=C(C)N(C2CC2)C(=O)NC1c3ccc(F)cc3F,0.6,1,N,27.67,NC(=O)NC1CC1,Fc1ccc(C=O)c(F)c1,COC(=O)CC(=O)C,C[Si](C)(C)Cl
2466,COC(=O)C1=C(C)N(C2CC2)C(=O)NC1c3ccc(OC(F)F)cc3,0.6,1,N,33.33,NC(=O)NC1CC1,FC(F)Oc1ccc(C=O)cc1,COC(=O)CC(=O)C,C[Si](C)(C)Cl
2467,COC(=O)C1=C(C)N(C2CC2)C(=O)NC1c3ccc(OC(F)F)cc3,0.6,0,N,0.0,NC(=O)NC1CC1,FC(F)Oc1ccc(C=O)cc1,COC(=O)CC(=O)C,C[Si](C)(C)Cl
2468,COC(=O)C1=C(C)N(C2CC2)C(=O)NC1c3ccc(c(F)c3)n4cncn4,0.6,0,N,0.0,NC(=O)NC1CC1,Fc1cc(C=O)ccc1n2cncn2,COC(=O)CC(=O)C,C[Si](C)(C)Cl
2469,COC(=O)C1=C(C)N(C2CC2)C(=O)NC1c3ccc(cc3)C(=O)OC,0.6,1,N,45.0,NC(=O)NC1CC1,COC(=O)c1ccc(C=O)cc1,COC(=O)CC(=O)C,C[Si](C)(C)Cl
2470,COC(=O)C1=C(C)N(C2CC2)C(=O)NC1c3ccc(cc3)C(=O)OC,0.6,0,N,0.0,NC(=O)NC1CC1,COC(=O)c1ccc(C=O)cc1,COC(=O)CC(=O)C,C[Si](C)(C)Cl
2471,COC(=O)C1=C(C)N(C2CC2)C(=O)NC1c3ccc(cc3)C(C)(C)C,0.6,1,N,34.5,NC(=O)NC1CC1,CC(C)(C)c1ccc(C=O)cc1,COC(=O)CC(=O)C,C[Si](C)(C)Cl
2472,COC(=O)C1=C(C)N(C2CC2)C(=O)NC1c3ccc(cc3)[N+](=O)[O-],0.6,1,N,10.83,NC(=O)NC1CC1,[O-][N+](=O)c1ccc(C=O)cc1,COC(=O)CC(=O)C,C[Si](C)(C)Cl
2473,COC(=O)C1=C(C)N(C2CC2)C(=O)NC1c3ccc(cc3)[N+](=O)[O-],0.6,1,N,39.67,NC(=O)NC1CC1,[O-][N+](=O)c1ccc(C=O)cc1,COC(=O)CC(=O)C,C[Si](C)(C)Cl
2474,COC(=O)C1=C(C)N(C2CC2)C(=O)NC1c3ccc(cc3)c4ccccc4,0.6,1,N,60.33,NC(=O)NC1CC1,O=Cc1ccc(cc1)c2ccccc2,COC(=O)CC(=O)C,C[Si](C)(C)Cl
2475,COC(=O)C1=C(C)N(C2CC2)C(=O)NC1c3ccc(s3)c4ccccc4,0.6,1,N,36.67,NC(=O)NC1CC1,O=Cc1ccc(s1)c2ccccc2,COC(=O)CC(=O)C,C[Si](C)(C)Cl
2476,COC(=O)C1=C(C)N(C2CC2)C(=O)NC1c3cccc(Br)c3,0.6,1,N,71.0,NC(=O)NC1CC1,Brc1cccc(C=O)c1,COC(=O)CC(=O)C,C[Si](C)(C)Cl
2477,COC(=O)C1=C(C)N(C2CC2)C(=O)NC1c3cccc(C)c3,0.6,1,N,17.17,NC(=O)NC1CC1,Cc1cccc(C=O)c1,COC(=O)CC(=O)C,C[Si](C)(C)Cl
2478,COC(=O)C1=C(C)N(C2CC2)C(=O)NC1c3cccc(Cl)c3,0.6,1,N,37.0,NC(=O)NC1CC1,Clc1cccc(C=O)c1,COC(=O)CC(=O)C,C[Si](C)(C)Cl
2479,COC(=O)C1=C(C)N(C2CC2)C(=O)NC1c3cccc(Cl)c3Cl,0.6,1,N,48.33,NC(=O)NC1CC1,Clc1cccc(C=O)c1Cl,COC(=O)CC(=O)C,C[Si](C)(C)Cl
2480,COC(=O)C1=C(C)N(C2CC2)C(=O)NC1c3cccc(F)c3,0.6,1,N,16.67,NC(=O)NC1CC1,Fc1cccc(C=O)c1,COC(=O)CC(=O)C,C[Si](C)(C)Cl
2481,COC(=O)C1=C(C)N(C2CC2)C(=O)NC1c3cccc(F)c3,0.6,0,N,0.0,NC(=O)NC1CC1,Fc1cccc(C=O)c1,COC(=O)CC(=O)C,C[Si](C)(C)Cl
2482,COC(=O)C1=C(C)N(C2CC2)C(=O)NC1c3cccc(OC)c3OC,0.6,1,N,34.17,NC(=O)NC1CC1,COc1cccc(C=O)c1OC,COC(=O)CC(=O)C,C[Si](C)(C)Cl
2483,COC(=O)C1=C(C)N(C2CC2)C(=O)NC1c3cccc(c3)C(F)(F)F,0.6,1,N,56.67,NC(=O)NC1CC1,FC(F)(F)c1cccc(C=O)c1,COC(=O)CC(=O)C,C[Si](C)(C)Cl
2484,COC(=O)C1=C(C)N(C2CC2)C(=O)NC1c3ccccc3,0.6,1,N,35.83,NC(=O)NC1CC1,O=Cc1ccccc1,COC(=O)CC(=O)C,C[Si](C)(C)Cl
2485,COC(=O)C1=C(C)N(C2CC2)C(=O)NC1c3ccccc3Br,0.6,1,N,23.5,NC(=O)NC1CC1,Brc1ccccc1C=O,COC(=O)CC(=O)C,C[Si](C)(C)Cl
2486,COC(=O)C1=C(C)N(C2CC2)C(=O)NC1c3ccccc3C(F)(F)F,0.6,1,N,63.5,NC(=O)NC1CC1,FC(F)(F)c1ccccc1C=O,COC(=O)CC(=O)C,C[Si](C)(C)Cl
2487,COC(=O)C1=C(C)N(C2CC2)C(=O)NC1c3ccccc3Cl,0.6,1,N,36.67,NC(=O)NC1CC1,Clc1ccccc1C=O,COC(=O)CC(=O)C,C[Si](C)(C)Cl
2488,COC(=O)C1=C(C)N(C2CC2)C(=O)NC1c3ccccc3Cl,0.6,0,N,0.0,NC(=O)NC1CC1,Clc1ccccc1C=O,COC(=O)CC(=O)C,C[Si](C)(C)Cl
2489,COC(=O)C1=C(C)N(C2CC2)C(=O)NC1c3ccccc3F,0.6,1,N,53.17,NC(=O)NC1CC1,Fc1ccccc1C=O,COC(=O)CC(=O)C,C[Si](C)(C)Cl
2490,COC(=O)C1=C(C)N(C2CC2)C(=O)NC1c3ccccc3OC(F)F,0.6,1,N,55.17,NC(=O)NC1CC1,FC(F)Oc1ccccc1C=O,COC(=O)CC(=O)C,C[Si](C)(C)Cl
2491,COC(=O)C1=C(C)N(C2CC2)C(=O)NC1c3cccs3,0.6,0,N,0.0,NC(=O)NC1CC1,O=Cc1cccs1,COC(=O)CC(=O)C,C[Si](C)(C)Cl
2492,COC(=O)C1=C(C)N(C2CC2)C(=S)NC1c3cc(OC)c(OC)cc3OC,0.6,1,N,35.0,NC(=S)NC1CC1,COc1cc(OC)c(C=O)cc1OC,COC(=O)CC(=O)C,C[Si](C)(C)Cl
2493,COC(=O)C1=C(C)N(C2CC2)C(=S)NC1c3ccc(F)cc3F,0.6,1,N,57.67,NC(=S)NC1CC1,Fc1ccc(C=O)c(F)c1,COC(=O)CC(=O)C,C[Si](C)(C)Cl
2494,COC(=O)C1=C(C)N(C2CC2)C(=S)NC1c3ccc(O)c(OC)c3,0.6,1,N,69.83,NC(=S)NC1CC1,COc1cc(C=O)ccc1O,COC(=O)CC(=O)C,C[Si](C)(C)Cl
2495,COC(=O)C1=C(C)N(C2CC2)C(=S)NC1c3ccc(OCc4cccnc4)cc3,0.6,0,N,0.0,NC(=S)NC1CC1,O=Cc1ccc(OCc2cccnc2)cc1,COC(=O)CC(=O)C,C[Si](C)(C)Cl
2496,COC(=O)C1=C(C)N(C2CC2)C(=S)NC1c3ccc(cc3)C(=O)OC,0.6,1,N,30.5,NC(=S)NC1CC1,COC(=O)c1ccc(C=O)cc1,COC(=O)CC(=O)C,C[Si](C)(C)Cl
2497,COC(=O)C1=C(C)N(C2CC2)C(=S)NC1c3ccc(cc3)[N+](=O)[O-],0.6,1,N,34.17,NC(=S)NC1CC1,[O-][N+](=O)c1ccc(C=O)cc1,COC(=O)CC(=O)C,C[Si](C)(C)Cl
2498,COC(=O)C1=C(C)N(C2CC2)C(=S)NC1c3ccccc3,0.6,1,N,28.67,NC(=S)NC1CC1,O=Cc1ccccc1,COC(=O)CC(=O)C,C[Si](C)(C)Cl
2499,COC(=O)C1=C(C)N(C2CC2)C(=S)NC1c3cccs3,0.6,1,N,34.83,NC(=S)NC1CC1,O=Cc1cccs1,COC(=O)CC(=O)C,C[Si](C)(C)Cl
2500,COC(=O)C1=C(C)N(C2CCCCC2)C(=S)NC1c3cccc(c3)C(F)(F)F,0.6,0,N,0.0,NC(=S)NC1CCCCC1,FC(F)(F)c1cccc(C=O)c1,COC(=O)CC(=O)C,
2501,COC(=O)C1=C(C)N(C2CCCCC2C)C(=O)NC1c3cccc(c3)[N+](=O)[O-],0.6,0,N,0.0,CC1CCCCC1NC(=O)N,[O-][N+](=O)c1cccc(C=O)c1,COC(=O)CC(=O)C,C[Si](C)(C)Cl
2502,COC(=O)C1=C(C)N(C2CCS(=O)(=O)C2)C(=O)NC1c3c(Cl)cccc3Cl,0.6,1,N,20.0,NC(=O)NC1CCS(=O)(=O)C1,Clc1cccc(Cl)c1C=O,COC(=O)CC(=O)C,C[Si](C)(C)Cl
2503,COC(=O)C1=C(C)N(C2CCS(=O)(=O)C2)C(=O)NC1c3c(F)cccc3Cl,0.6,0,N,0.0,NC(=O)NC1CCS(=O)(=O)C1,Fc1cccc(Cl)c1C=O,COC(=O)CC(=O)C,C[Si](C)(C)Cl
2504,COC(=O)C1=C(C)N(C2CCS(=O)(=O)C2)C(=O)NC1c3c(F)cccc3F,0.6,0,N,0.0,NC(=O)NC1CCS(=O)(=O)C1,Fc1cccc(F)c1C=O,COC(=O)CC(=O)C,C[Si](C)(C)Cl
2505,COC(=O)C1=C(C)N(C2CCS(=O)(=O)C2)C(=O)NC1c3c(F)cccc3F,0.6,1,N,28.33,NC(=O)NC1CCS(=O)(=O)C1,Fc1cccc(F)c1C=O,COC(=O)CC(=O)C,C[Si](C)(C)Cl
2506,COC(=O)C1=C(C)N(C2CCS(=O)(=O)C2)C(=O)NC1c3cc(Br)ccc3OC,0.6,0,N,0.0,NC(=O)NC1CCS(=O)(=O)C1,COc1ccc(Br)cc1C=O,COC(=O)CC(=O)C,C[Si](C)(C)Cl
2507,COC(=O)C1=C(C)N(C2CCS(=O)(=O)C2)C(=O)NC1c3cc(Br)ccc3OC,0.6,0,N,0.0,NC(=O)NC1CCS(=O)(=O)C1,COc1ccc(Br)cc1C=O,COC(=O)CC(=O)C,C[Si](C)(C)Cl
2508,COC(=O)C1=C(C)N(C2CCS(=O)(=O)C2)C(=O)NC1c3cc(Br)ccc3OC,0.6,0,N,0.0,NC(=O)NC1CCS(=O)(=O)C1,COc1ccc(Br)cc1C=O,COC(=O)CC(=O)C,C[Si](C)(C)Cl
2509,COC(=O)C1=C(C)N(C2CCS(=O)(=O)C2)C(=O)NC1c3ccc(Br)cc3,0.6,1,N,43.83,NC(=O)NC1CCS(=O)(=O)C1,Brc1ccc(C=O)cc1,COC(=O)CC(=O)C,C[Si](C)(C)Cl
2510,COC(=O)C1=C(C)N(C2CCS(=O)(=O)C2)C(=O)NC1c3ccc(Br)s3,0.6,0,N,0.0,NC(=O)NC1CCS(=O)(=O)C1,Brc1ccc(C=O)s1,COC(=O)CC(=O)C,C[Si](C)(C)Cl
2511,COC(=O)C1=C(C)N(C2CCS(=O)(=O)C2)C(=O)NC1c3ccc(Cl)c(Cl)c3,0.6,0,N,0.0,NC(=O)NC1CCS(=O)(=O)C1,Clc1ccc(C=O)cc1Cl,COC(=O)CC(=O)C,C[Si](C)(C)Cl
2512,COC(=O)C1=C(C)N(C2CCS(=O)(=O)C2)C(=O)NC1c3ccc(Cl)c(Cl)c3,0.6,1,N,12.67,NC(=O)NC1CCS(=O)(=O)C1,Clc1ccc(C=O)cc1Cl,COC(=O)CC(=O)C,C[Si](C)(C)Cl
2513,COC(=O)C1=C(C)N(C2CCS(=O)(=O)C2)C(=O)NC1c3ccc(Cl)cc3,0.6,1,N,20.83,NC(=O)NC1CCS(=O)(=O)C1,Clc1ccc(C=O)cc1,COC(=O)CC(=O)C,C[Si](C)(C)Cl
2514,COC(=O)C1=C(C)N(C2CCS(=O)(=O)C2)C(=O)NC1c3ccc(Cl)cc3Cl,0.6,0,N,0.0,NC(=O)NC1CCS(=O)(=O)C1,Clc1ccc(C=O)c(Cl)c1,COC(=O)CC(=O)C,C[Si](C)(C)Cl
2515,COC(=O)C1=C(C)N(C2CCS(=O)(=O)C2)C(=O)NC1c3ccc(Cl)cc3Cl,0.6,1,N,20.83,NC(=O)NC1CCS(=O)(=O)C1,Clc1ccc(C=O)c(Cl)c1,COC(=O)CC(=O)C,C[Si](C)(C)Cl
2516,COC(=O)C1=C(C)N(C2CCS(=O)(=O)C2)C(=O)NC1c3ccc(F)c(Br)c3,0.6,1,N,10.0,NC(=O)NC1CCS(=O)(=O)C1,Fc1ccc(C=O)cc1Br,COC(=O)CC(=O)C,C[Si](C)(C)Cl
2517,COC(=O)C1=C(C)N(C2CCS(=O)(=O)C2)C(=O)NC1c3ccc(F)cc3,0.6,1,N,15.0,NC(=O)NC1CCS(=O)(=O)C1,Fc1ccc(C=O)cc1,COC(=O)CC(=O)C,C[Si](C)(C)Cl
2518,COC(=O)C1=C(C)N(C2CCS(=O)(=O)C2)C(=O)NC1c3ccc(F)cc3F,0.6,1,N,12.67,NC(=O)NC1CCS(=O)(=O)C1,Fc1ccc(C=O)c(F)c1,COC(=O)CC(=O)C,C[Si](C)(C)Cl
2519,COC(=O)C1=C(C)N(C2CCS(=O)(=O)C2)C(=O)NC1c3ccc(F)cc3F,0.6,0,N,0.0,NC(=O)NC1CCS(=O)(=O)C1,Fc1ccc(C=O)c(F)c1,COC(=O)CC(=O)C,C[Si](C)(C)Cl
2520,COC(=O)C1=C(C)N(C2CCS(=O)(=O)C2)C(=O)NC1c3ccc(OC(F)F)c(OC)c3,0.6,0,N,0.0,NC(=O)NC1CCS(=O)(=O)C1,COc1cc(C=O)ccc1OC(F)F,COC(=O)CC(=O)C,C[Si](C)(C)Cl
2521,COC(=O)C1=C(C)N(C2CCS(=O)(=O)C2)C(=O)NC1c3ccc(OC(F)F)cc3,0.6,1,N,21.33,NC(=O)NC1CCS(=O)(=O)C1,FC(F)Oc1ccc(C=O)cc1,COC(=O)CC(=O)C,C[Si](C)(C)Cl
2522,COC(=O)C1=C(C)N(C2CCS(=O)(=O)C2)C(=O)NC1c3ccc(cc3)C(=O)OC,0.6,1,N,14.33,NC(=O)NC1CCS(=O)(=O)C1,COC(=O)c1ccc(C=O)cc1,COC(=O)CC(=O)C,C[Si](C)(C)Cl
2523,COC(=O)C1=C(C)N(C2CCS(=O)(=O)C2)C(=O)NC1c3ccc(cc3)C(C)(C)C,0.6,0,N,0.0,NC(=O)NC1CCS(=O)(=O)C1,CC(C)(C)c1ccc(C=O)cc1,COC(=O)CC(=O)C,C[Si](C)(C)Cl
2524,COC(=O)C1=C(C)N(C2CCS(=O)(=O)C2)C(=O)NC1c3ccc(cc3)c4ccccc4,0.6,0,N,0.0,NC(=O)NC1CCS(=O)(=O)C1,O=Cc1ccc(cc1)c2ccccc2,COC(=O)CC(=O)C,C[Si](C)(C)Cl
2525,COC(=O)C1=C(C)N(C2CCS(=O)(=O)C2)C(=O)NC1c3cccc(Br)c3,0.6,1,N,21.67,NC(=O)NC1CCS(=O)(=O)C1,Brc1cccc(C=O)c1,COC(=O)CC(=O)C,C[Si](C)(C)Cl
2526,COC(=O)C1=C(C)N(C2CCS(=O)(=O)C2)C(=O)NC1c3cccc(Cl)c3Cl,0.6,1,N,41.67,NC(=O)NC1CCS(=O)(=O)C1,Clc1cccc(C=O)c1Cl,COC(=O)CC(=O)C,C[Si](C)(C)Cl
2527,COC(=O)C1=C(C)N(C2CCS(=O)(=O)C2)C(=O)NC1c3cccc(F)c3,0.6,1,N,35.0,NC(=O)NC1CCS(=O)(=O)C1,Fc1cccc(C=O)c1,COC(=O)CC(=O)C,C[Si](C)(C)Cl
2528,COC(=O)C1=C(C)N(C2CCS(=O)(=O)C2)C(=O)NC1c3cccc(c3)C(F)(F)F,0.6,1,N,21.67,NC(=O)NC1CCS(=O)(=O)C1,FC(F)(F)c1cccc(C=O)c1,COC(=O)CC(=O)C,C[Si](C)(C)Cl
2529,COC(=O)C1=C(C)N(C2CCS(=O)(=O)C2)C(=O)NC1c3ccccc3,0.6,1,N,24.17,NC(=O)NC1CCS(=O)(=O)C1,O=Cc1ccccc1,COC(=O)CC(=O)C,C[Si](C)(C)Cl
2530,COC(=O)C1=C(C)N(C2CCS(=O)(=O)C2)C(=O)NC1c3ccccc3,0.6,0,N,0.0,NC(=O)NC1CCS(=O)(=O)C1,O=Cc1ccccc1,COC(=O)CC(=O)C,C[Si](C)(C)Cl
2531,COC(=O)C1=C(C)N(C2CCS(=O)(=O)C2)C(=O)NC1c3ccccc3Br,0.6,1,N,12.83,NC(=O)NC1CCS(=O)(=O)C1,Brc1ccccc1C=O,COC(=O)CC(=O)C,C[Si](C)(C)Cl
2532,COC(=O)C1=C(C)N(C2CCS(=O)(=O)C2)C(=O)NC1c3ccccc3C(F)(F)F,0.6,1,N,30.83,NC(=O)NC1CCS(=O)(=O)C1,FC(F)(F)c1ccccc1C=O,COC(=O)CC(=O)C,C[Si](C)(C)Cl
2533,COC(=O)C1=C(C)N(C2CCS(=O)(=O)C2)C(=O)NC1c3ccccc3Cl,0.6,0,N,0.0,NC(=O)NC1CCS(=O)(=O)C1,Clc1ccccc1C=O,COC(=O)CC(=O)C,C[Si](C)(C)Cl
2534,COC(=O)C1=C(C)N(C2CCS(=O)(=O)C2)C(=O)NC1c3ccccc3Cl,0.6,1,N,17.5,NC(=O)NC1CCS(=O)(=O)C1,Clc1ccccc1C=O,COC(=O)CC(=O)C,C[Si](C)(C)Cl
2535,COC(=O)C1=C(C)N(C2CCS(=O)(=O)C2)C(=O)NC1c3ccccc3F,0.6,1,N,46.67,NC(=O)NC1CCS(=O)(=O)C1,Fc1ccccc1C=O,COC(=O)CC(=O)C,C[Si](C)(C)Cl
2536,COC(=O)C1=C(C)N(C2CCS(=O)(=O)C2)C(=O)NC1c3cccs3,0.6,0,N,0.0,NC(=O)NC1CCS(=O)(=O)C1,O=Cc1cccs1,COC(=O)CC(=O)C,C[Si](C)(C)Cl
2537,COC(=O)C1=C(C)N(CC(C)C)C(=O)NC1c2c(F)cccc2Cl,0.6,1,N,65.0,CC(C)CNC(=O)N,Fc1cccc(Cl)c1C=O,COC(=O)CC(=O)C,C[Si](C)(C)Cl
2538,COC(=O)C1=C(C)N(CC(C)C)C(=O)NC1c2ccc(Br)cc2,0.6,1,N,1.83,CC(C)CNC(=O)N,Brc1ccc(C=O)cc1,COC(=O)CC(=O)C,C[Si](C)(C)Cl
2539,COC(=O)C1=C(C)N(CC(C)C)C(=O)NC1c2ccc(Br)cc2,0.6,1,N,68.67,CC(C)CNC(=O)N,Brc1ccc(C=O)cc1,COC(=O)CC(=O)C,C[Si](C)(C)Cl
2540,COC(=O)C1=C(C)N(CC(C)C)C(=O)NC1c2ccc(Br)cc2,0.6,0,N,0.0,CC(C)CNC(=O)N,Brc1ccc(C=O)cc1,COC(=O)CC(=O)C,C[Si](C)(C)Cl
2541,COC(=O)C1=C(C)N(CC(C)C)C(=O)NC1c2ccc(Br)s2,0.6,1,N,26.67,CC(C)CNC(=O)N,Brc1ccc(C=O)s1,COC(=O)CC(=O)C,C[Si](C)(C)Cl
2542,COC(=O)C1=C(C)N(CC(C)C)C(=O)NC1c2ccc(C)cc2,0.6,1,N,51.0,CC(C)CNC(=O)N,Cc1ccc(C=O)cc1,COC(=O)CC(=O)C,C[Si](C)(C)Cl
2543,COC(=O)C1=C(C)N(CC(C)C)C(=O)NC1c2ccc(C)s2,0.6,0,N,0.0,CC(C)CNC(=O)N,Cc1ccc(C=O)s1,COC(=O)CC(=O)C,C[Si](C)(C)Cl
2544,COC(=O)C1=C(C)N(CC(C)C)C(=O)NC1c2ccc(Cl)cc2,0.6,0,N,0.0,CC(C)CNC(=O)N,Clc1ccc(C=O)cc1,COC(=O)CC(=O)C,C[Si](C)(C)Cl
2545,COC(=O)C1=C(C)N(CC(C)C)C(=O)NC1c2ccc(F)c(F)c2,0.6,1,N,5.0,CC(C)CNC(=O)N,Fc1ccc(C=O)cc1F,COC(=O)CC(=O)C,C[Si](C)(C)Cl
2546,COC(=O)C1=C(C)N(CC(C)C)C(=O)NC1c2ccc(F)cc2F,0.6,0,N,0.0,CC(C)CNC(=O)N,Fc1ccc(C=O)c(F)c1,COC(=O)CC(=O)C,C[Si](C)(C)Cl
2547,COC(=O)C1=C(C)N(CC(C)C)C(=O)NC1c2ccc(F)cc2F,0.6,1,N,0.83,CC(C)CNC(=O)N,Fc1ccc(C=O)c(F)c1,COC(=O)CC(=O)C,C[Si](C)(C)Cl
2548,COC(=O)C1=C(C)N(CC(C)C)C(=O)NC1c2ccc(OC(F)F)cc2,0.6,0,N,0.0,CC(C)CNC(=O)N,FC(F)Oc1ccc(C=O)cc1,COC(=O)CC(=O)C,C[Si](C)(C)Cl
2549,COC(=O)C1=C(C)N(CC(C)C)C(=O)NC1c2ccc(OC)cc2,0.6,1,N,14.5,CC(C)CNC(=O)N,COc1ccc(C=O)cc1,COC(=O)CC(=O)C,C[Si](C)(C)Cl
2550,COC(=O)C1=C(C)N(CC(C)C)C(=O)NC1c2ccc(c(F)c2)n3cncn3,0.6,0,N,0.0,CC(C)CNC(=O)N,Fc1cc(C=O)ccc1n2cncn2,COC(=O)CC(=O)C,C[Si](C)(C)Cl
2551,COC(=O)C1=C(C)N(CC(C)C)C(=O)NC1c2ccc(c(F)c2)n3cncn3,0.6,1,N,51.67,CC(C)CNC(=O)N,Fc1cc(C=O)ccc1n2cncn2,COC(=O)CC(=O)C,C[Si](C)(C)Cl
2552,COC(=O)C1=C(C)N(CC(C)C)C(=O)NC1c2ccc(c(F)c2)n3cncn3,0.6,0,N,0.0,CC(C)CNC(=O)N,Fc1cc(C=O)ccc1n2cncn2,COC(=O)CC(=O)C,C[Si](C)(C)Cl
2553,COC(=O)C1=C(C)N(CC(C)C)C(=O)NC1c2cccc(Br)c2,0.6,0,N,0.0,CC(C)CNC(=O)N,Brc1cccc(C=O)c1,COC(=O)CC(=O)C,C[Si](C)(C)Cl
2554,COC(=O)C1=C(C)N(CC(C)C)C(=O)NC1c2cccc(C)c2,0.6,1,N,14.83,CC(C)CNC(=O)N,Cc1cccc(C=O)c1,COC(=O)CC(=O)C,C[Si](C)(C)Cl
2555,COC(=O)C1=C(C)N(CC(C)C)C(=O)NC1c2cccc(F)c2,0.6,1,N,30.5,CC(C)CNC(=O)N,Fc1cccc(C=O)c1,COC(=O)CC(=O)C,C[Si](C)(C)Cl
2556,COC(=O)C1=C(C)N(CC(C)C)C(=O)NC1c2ccccc2,0.6,0,N,0.0,CC(C)CNC(=O)N,O=Cc1ccccc1,COC(=O)CC(=O)C,C[Si](C)(C)Cl
2557,COC(=O)C1=C(C)N(CC(C)C)C(=O)NC1c2ccccc2C(F)(F)F,0.6,1,N,36.5,CC(C)CNC(=O)N,FC(F)(F)c1ccccc1C=O,COC(=O)CC(=O)C,C[Si](C)(C)Cl
2558,COC(=O)C1=C(C)N(CC(C)C)C(=O)NC1c2ccccc2Cl,0.6,0,N,0.0,CC(C)CNC(=O)N,Clc1ccccc1C=O,COC(=O)CC(=O)C,C[Si](C)(C)Cl
2559,COC(=O)C1=C(C)N(CC(C)C)C(=O)NC1c2ccccc2Cl,0.6,1,N,35.17,CC(C)CNC(=O)N,Clc1ccccc1C=O,COC(=O)CC(=O)C,C[Si](C)(C)Cl
2560,COC(=O)C1=C(C)N(CC(C)C)C(=O)NC1c2ccccc2F,0.6,1,N,29.5,CC(C)CNC(=O)N,Fc1ccccc1C=O,COC(=O)CC(=O)C,C[Si](C)(C)Cl
2561,COC(=O)C1=C(C)N(CC(C)C)C(=O)NC1c2ccccc2OC(F)F,0.6,1,N,31.33,CC(C)CNC(=O)N,FC(F)Oc1ccccc1C=O,COC(=O)CC(=O)C,C[Si](C)(C)Cl
2562,COC(=O)C1=C(C)N(CC(C)C)C(=O)NC1c2cccs2,0.6,0,N,0.0,CC(C)CNC(=O)N,O=Cc1cccs1,COC(=O)CC(=O)C,C[Si](C)(C)Cl
2563,COC(=O)C1=C(C)N(CC(C)C)C(=O)NC1c2ccsc2,0.6,0,N,0.0,CC(C)CNC(=O)N,O=Cc1ccsc1,COC(=O)CC(=O)C,C[Si](C)(C)Cl
2564,COC(=O)C1=C(C)N(CC(F)(F)F)C(=O)NC1c2ccc(C)cc2,0.6,0,N,0.0,NC(=O)NCC(F)(F)F,Cc1ccc(C=O)cc1,COC(=O)CC(=O)C,C[Si](C)(C)Cl
2565,COC(=O)C1=C(C)N(CC(F)(F)F)C(=O)NC1c2ccc(C)s2,0.6,0,N,0.0,NC(=O)NCC(F)(F)F,Cc1ccc(C=O)s1,COC(=O)CC(=O)C,C[Si](C)(C)Cl
2566,COC(=O)C1=C(C)N(CC(F)(F)F)C(=O)NC1c2ccc(Cl)cc2,0.6,0,N,0.0,NC(=O)NCC(F)(F)F,Clc1ccc(C=O)cc1,COC(=O)CC(=O)C,C[Si](C)(C)Cl
2567,COC(=O)C1=C(C)N(CC(F)(F)F)C(=O)NC1c2ccc(F)c(F)c2,0.6,0,N,0.0,NC(=O)NCC(F)(F)F,Fc1ccc(C=O)cc1F,COC(=O)CC(=O)C,C[Si](C)(C)Cl
2568,COC(=O)C1=C(C)N(CC(F)(F)F)C(=O)NC1c2ccc(F)cc2,0.6,1,N,37.83,NC(=O)NCC(F)(F)F,Fc1ccc(C=O)cc1,COC(=O)CC(=O)C,C[Si](C)(C)Cl
2569,COC(=O)C1=C(C)N(CC(F)(F)F)C(=O)NC1c2ccc(F)cc2F,0.6,0,N,0.0,NC(=O)NCC(F)(F)F,Fc1ccc(C=O)c(F)c1,COC(=O)CC(=O)C,C[Si](C)(C)Cl
2570,COC(=O)C1=C(C)N(CC(F)(F)F)C(=O)NC1c2ccc(OC)cc2,0.6,0,N,0.0,NC(=O)NCC(F)(F)F,COc1ccc(C=O)cc1,COC(=O)CC(=O)C,C[Si](C)(C)Cl
2571,COC(=O)C1=C(C)N(CC(F)(F)F)C(=O)NC1c2ccc(cc2)[N+](=O)[O-],0.6,0,N,0.0,NC(=O)NCC(F)(F)F,[O-][N+](=O)c1ccc(C=O)cc1,COC(=O)CC(=O)C,C[Si](C)(C)Cl
2572,COC(=O)C1=C(C)N(CC(F)(F)F)C(=O)NC1c2cccc(C#N)c2,0.6,1,N,10.33,NC(=O)NCC(F)(F)F,O=Cc1cccc(C#N)c1,COC(=O)CC(=O)C,C[Si](C)(C)Cl
2573,COC(=O)C1=C(C)N(CC(F)(F)F)C(=O)NC1c2cccc(C)c2,0.6,0,N,0.0,NC(=O)NCC(F)(F)F,Cc1cccc(C=O)c1,COC(=O)CC(=O)C,C[Si](C)(C)Cl
2574,COC(=O)C1=C(C)N(CC(F)(F)F)C(=O)NC1c2cccc(Cl)c2,0.6,1,N,21.17,NC(=O)NCC(F)(F)F,Clc1cccc(C=O)c1,COC(=O)CC(=O)C,C[Si](C)(C)Cl
2575,COC(=O)C1=C(C)N(CC(F)(F)F)C(=O)NC1c2cccc(F)c2,0.6,0,N,0.0,NC(=O)NCC(F)(F)F,Fc1cccc(C=O)c1,COC(=O)CC(=O)C,C[Si](C)(C)Cl
2576,COC(=O)C1=C(C)N(CC(F)(F)F)C(=O)NC1c2ccccc2,0.6,0,N,0.0,NC(=O)NCC(F)(F)F,O=Cc1ccccc1,COC(=O)CC(=O)C,C[Si](C)(C)Cl
2577,COC(=O)C1=C(C)N(CC(F)(F)F)C(=O)NC1c2ccccc2C(F)(F)F,0.6,0,N,0.0,NC(=O)NCC(F)(F)F,FC(F)(F)c1ccccc1C=O,COC(=O)CC(=O)C,C[Si](C)(C)Cl
2578,COC(=O)C1=C(C)N(CC(F)(F)F)C(=O)NC1c2ccccc2C(F)(F)F,0.9,1,N,13.33,NC(=O)NCC(F)(F)F,FC(F)(F)c1ccccc1C=O,COC(=O)CC(=O)C,C[Si](C)(C)Cl
2579,COC(=O)C1=C(C)N(CC(F)(F)F)C(=O)NC1c2ccccc2Cl,0.6,1,N,13.0,NC(=O)NCC(F)(F)F,Clc1ccccc1C=O,COC(=O)CC(=O)C,C[Si](C)(C)Cl
2580,COC(=O)C1=C(C)N(CC(F)(F)F)C(=O)NC1c2ccccc2F,0.6,0,N,0.0,NC(=O)NCC(F)(F)F,Fc1ccccc1C=O,COC(=O)CC(=O)C,C[Si](C)(C)Cl
2581,COC(=O)C1=C(C)N(CC(F)(F)F)C(=O)NC1c2cccs2,0.6,0,N,0.0,NC(=O)NCC(F)(F)F,O=Cc1cccs1,COC(=O)CC(=O)C,C[Si](C)(C)Cl
2582,COC(=O)C1=C(C)N(CC(F)(F)F)C(=O)NC1c2ccsc2,0.6,0,N,0.0,NC(=O)NCC(F)(F)F,O=Cc1ccsc1,COC(=O)CC(=O)C,C[Si](C)(C)Cl
2583,COC(=O)C1=C(C)N(CC2CCCO2)C(=S)NC1c3ccc(F)cc3F,0.6,0,N,0.0,NC(=S)NCC1CCCO1,Fc1ccc(C=O)c(F)c1,COC(=O)CC(=O)C,C[Si](C)(C)Cl
2584,COC(=O)C1=C(C)N(CC2CCCO2)C(=S)NC1c3ccc(OC(F)F)c(OC)c3,0.6,0,N,0.0,NC(=S)NCC1CCCO1,COc1cc(C=O)ccc1OC(F)F,COC(=O)CC(=O)C,C[Si](C)(C)Cl
2585,COC(=O)C1=C(C)N(CC2CCCO2)C(=S)NC1c3ccccc3,0.6,0,N,0.0,NC(=S)NCC1CCCO1,O=Cc1ccccc1,COC(=O)CC(=O)C,C[Si](C)(C)Cl
2586,COC(=O)C1=C(C)N(CC2CCCO2)C(=S)NC1c3ccccc3OC(F)F,0.6,0,N,0.0,NC(=S)NCC1CCCO1,FC(F)Oc1ccccc1C=O,COC(=O)CC(=O)C,C[Si](C)(C)Cl
2587,COC(=O)C1=C(C)N(CC2CCCO2)C(=S)NC1c3ccccc3OC(F)F,0.6,0,N,0.0,NC(=S)NCC1CCCO1,FC(F)Oc1ccccc1C=O,COC(=O)CC(=O)C,C[Si](C)(C)Cl
2588,COC(=O)C1=C(C)N(CC=C)C(=O)NC1c2c(F)cccc2F,0.6,1,N,42.17,NC(=O)NCC=C,Fc1cccc(F)c1C=O,COC(=O)CC(=O)C,C[Si](C)(C)Cl
2589,COC(=O)C1=C(C)N(CC=C)C(=O)NC1c2cc(Br)ccc2OC,0.6,1,N,75.83,NC(=O)NCC=C,COc1ccc(Br)cc1C=O,COC(=O)CC(=O)C,C[Si](C)(C)Cl
2590,COC(=O)C1=C(C)N(CC=C)C(=O)NC1c2ccc(Br)cc2,0.6,1,N,57.33,NC(=O)NCC=C,Brc1ccc(C=O)cc1,COC(=O)CC(=O)C,C[Si](C)(C)Cl
2591,COC(=O)C1=C(C)N(CC=C)C(=O)NC1c2ccc(Cl)c(c2)[N+](=O)[O-],0.6,1,N,43.83,NC(=O)NCC=C,[O-][N+](=O)c1cc(C=O)ccc1Cl,COC(=O)CC(=O)C,C[Si](C)(C)Cl
2592,COC(=O)C1=C(C)N(CC=C)C(=O)NC1c2ccc(Cl)cc2,0.6,1,N,4.83,NC(=O)NCC=C,Clc1ccc(C=O)cc1,COC(=O)CC(=O)C,C[Si](C)(C)Cl
2593,COC(=O)C1=C(C)N(CC=C)C(=O)NC1c2ccc(Cl)cc2Cl,0.6,1,N,37.17,NC(=O)NCC=C,Clc1ccc(C=O)c(Cl)c1,COC(=O)CC(=O)C,C[Si](C)(C)Cl
2594,COC(=O)C1=C(C)N(CC=C)C(=O)NC1c2ccc(F)cc2,0.6,1,N,58.0,NC(=O)NCC=C,Fc1ccc(C=O)cc1,COC(=O)CC(=O)C,C[Si](C)(C)Cl
2595,COC(=O)C1=C(C)N(CC=C)C(=O)NC1c2ccc(F)cc2F,0.6,1,N,12.5,NC(=O)NCC=C,Fc1ccc(C=O)c(F)c1,COC(=O)CC(=O)C,C[Si](C)(C)Cl
2596,COC(=O)C1=C(C)N(CC=C)C(=O)NC1c2ccc(OC(F)F)cc2,0.6,1,N,13.33,NC(=O)NCC=C,FC(F)Oc1ccc(C=O)cc1,COC(=O)CC(=O)C,C[Si](C)(C)Cl
2597,COC(=O)C1=C(C)N(CC=C)C(=O)NC1c2ccc(OC(F)F)cc2,0.6,0,N,0.0,NC(=O)NCC=C,FC(F)Oc1ccc(C=O)cc1,COC(=O)CC(=O)C,C[Si](C)(C)Cl
2598,COC(=O)C1=C(C)N(CC=C)C(=O)NC1c2ccc(cc2)C(=O)OC,0.6,0,N,0.0,NC(=O)NCC=C,COC(=O)c1ccc(C=O)cc1,COC(=O)CC(=O)C,C[Si](C)(C)Cl
2599,COC(=O)C1=C(C)N(CC=C)C(=O)NC1c2ccc(cc2)C(=O)OC,0.6,1,N,26.67,NC(=O)NCC=C,COC(=O)c1ccc(C=O)cc1,COC(=O)CC(=O)C,C[Si](C)(C)Cl
2600,COC(=O)C1=C(C)N(CC=C)C(=O)NC1c2ccc(cc2)[N+](=O)[O-],0.6,1,N,73.5,NC(=O)NCC=C,[O-][N+](=O)c1ccc(C=O)cc1,COC(=O)CC(=O)C,C[Si](C)(C)Cl
2601,COC(=O)C1=C(C)N(CC=C)C(=O)NC1c2cccc(Br)c2,0.6,1,N,14.33,NC(=O)NCC=C,Brc1cccc(C=O)c1,COC(=O)CC(=O)C,C[Si](C)(C)Cl
2602,COC(=O)C1=C(C)N(CC=C)C(=O)NC1c2cccc(C#N)c2,0.6,1,N,52.83,NC(=O)NCC=C,O=Cc1cccc(C#N)c1,COC(=O)CC(=O)C,C[Si](C)(C)Cl
2603,COC(=O)C1=C(C)N(CC=C)C(=O)NC1c2cccc(F)c2,0.6,0,N,0.0,NC(=O)NCC=C,Fc1cccc(C=O)c1,COC(=O)CC(=O)C,C[Si](C)(C)Cl
2604,COC(=O)C1=C(C)N(CC=C)C(=O)NC1c2cccc(F)c2,0.6,1,N,31.67,NC(=O)NCC=C,Fc1cccc(C=O)c1,COC(=O)CC(=O)C,C[Si](C)(C)Cl
2605,COC(=O)C1=C(C)N(CC=C)C(=O)NC1c2cccc(OC)c2OC,0.6,0,N,0.0,NC(=O)NCC=C,COc1cccc(C=O)c1OC,COC(=O)CC(=O)C,C[Si](C)(C)Cl
2606,COC(=O)C1=C(C)N(CC=C)C(=O)NC1c2ccccc2,0.6,1,N,26.5,NC(=O)NCC=C,O=Cc1ccccc1,COC(=O)CC(=O)C,C[Si](C)(C)Cl
2607,COC(=O)C1=C(C)N(CC=C)C(=O)NC1c2ccccc2C(F)(F)F,0.6,1,N,30.0,NC(=O)NCC=C,FC(F)(F)c1ccccc1C=O,COC(=O)CC(=O)C,C[Si](C)(C)Cl
2608,COC(=O)C1=C(C)N(CC=C)C(=O)NC1c2ccccc2Cl,0.6,1,N,28.5,NC(=O)NCC=C,Clc1ccccc1C=O,COC(=O)CC(=O)C,C[Si](C)(C)Cl
2609,COC(=O)C1=C(C)N(CC=C)C(=O)NC1c2ccccc2F,0.6,1,N,63.33,NC(=O)NCC=C,Fc1ccccc1C=O,COC(=O)CC(=O)C,C[Si](C)(C)Cl
2610,COC(=O)C1=C(C)N(CC=C)C(=O)NC1c2ccccc2F,0.6,0,N,0.0,NC(=O)NCC=C,Fc1ccccc1C=O,COC(=O)CC(=O)C,C[Si](C)(C)Cl
2611,COC(=O)C1=C(C)N(CC=C)C(=O)NC1c2ccccc2OC(F)F,0.6,1,N,54.17,NC(=O)NCC=C,FC(F)Oc1ccccc1C=O,COC(=O)CC(=O)C,C[Si](C)(C)Cl
2612,COC(=O)C1=C(C)N(CC=C)C(=O)NC1c2cccs2,0.6,0,N,0.0,NC(=O)NCC=C,O=Cc1cccs1,COC(=O)CC(=O)C,C[Si](C)(C)Cl
2613,COC(=O)C1=C(C)N(CC=C)C(=O)NC1c2ccsc2,0.6,1,N,38.67,NC(=O)NCC=C,O=Cc1ccsc1,COC(=O)CC(=O)C,C[Si](C)(C)Cl
2614,COC(=O)C1=C(C)N(CC=C)C(=S)NC1c2ccccc2OC(F)F,0.6,0,N,0.0,NC(=S)NCC=C,FC(F)Oc1ccccc1C=O,COC(=O)CC(=O)C,C[Si](C)(C)Cl
2615,COC(=O)C1=C(C)N(CCC(C)C)C(=O)NC1c2cc([N+](=O)[O-])c(F)cc2F,0.6,1,N,49.67,CC(C)CCNC(=O)N,[O-][N+](=O)c1cc(C=O)c(F)cc1F,COC(=O)CC(=O)C,C[Si](C)(C)Cl
2616,COC(=O)C1=C(C)N(CCC(C)C)C(=O)NC1c2ccc(F)cc2,0.6,1,N,32.33,CC(C)CCNC(=O)N,Fc1ccc(C=O)cc1,COC(=O)CC(=O)C,C[Si](C)(C)Cl
2617,COC(=O)C1=C(C)N(CCC(C)C)C(=O)NC1c2ccc(cc2)C(=O)OC,0.6,1,N,73.17,CC(C)CCNC(=O)N,COC(=O)c1ccc(C=O)cc1,COC(=O)CC(=O)C,C[Si](C)(C)Cl
2618,COC(=O)C1=C(C)N(CCC(C)C)C(=O)NC1c2cccc(C#N)c2,0.6,1,N,83.83,CC(C)CCNC(=O)N,O=Cc1cccc(C#N)c1,COC(=O)CC(=O)C,C[Si](C)(C)Cl
2619,COC(=O)C1=C(C)N(CCC(C)C)C(=O)NC1c2ccccc2,0.6,1,N,26.83,CC(C)CCNC(=O)N,O=Cc1ccccc1,COC(=O)CC(=O)C,C[Si](C)(C)Cl
2620,COC(=O)C1=C(C)N(CCC(C)C)C(=O)NC1c2ccccc2F,0.6,1,N,24.83,CC(C)CCNC(=O)N,Fc1ccccc1C=O,COC(=O)CC(=O)C,C[Si](C)(C)Cl
2621,COC(=O)C1=C(C)N(CCC(C)C)C(=O)NC1c2cccs2,0.6,0,N,0.0,CC(C)CCNC(=O)N,O=Cc1cccs1,COC(=O)CC(=O)C,C[Si](C)(C)Cl
2622,COC(=O)C1=C(C)N(CCC(C)C)C(=O)NC1c2ccsc2,0.6,1,N,29.5,CC(C)CCNC(=O)N,O=Cc1ccsc1,COC(=O)CC(=O)C,C[Si](C)(C)Cl
2623,COC(=O)C1=C(C)N(CCCC(=O)O)C(=O)NC1c2ccc(Cl)c(Cl)c2,0.6,1,N,73.33,NC(=O)NCCCC(=O)O,Clc1ccc(C=O)cc1Cl,COC(=O)CC(=O)C,C[Si](C)(C)Cl
2624,COC(=O)C1=C(C)N(CCCC(=O)O)C(=O)NC1c2ccc(Cl)cc2Cl,0.6,1,N,63.33,NC(=O)NCCCC(=O)O,Clc1ccc(C=O)c(Cl)c1,COC(=O)CC(=O)C,C[Si](C)(C)Cl
2625,COC(=O)C1=C(C)N(CCCCCC(=O)O)C(=O)NC1c2c(F)cccc2F,0.6,1,N,63.0,NC(=O)NCCCCCC(=O)O,Fc1cccc(F)c1C=O,COC(=O)CC(=O)C,C[Si](C)(C)Cl
2626,COC(=O)C1=C(C)N(CCCCCC(=O)O)C(=O)NC1c2cccc(Cl)c2,0.6,1,N,46.17,NC(=O)NCCCCCC(=O)O,Clc1cccc(C=O)c1,COC(=O)CC(=O)C,C[Si](C)(C)Cl
2627,COC(=O)C1=C(C)N(CCCCCC(=O)O)C(=O)NC1c2ccccc2Br,0.6,1,N,74.83,NC(=O)NCCCCCC(=O)O,Brc1ccccc1C=O,COC(=O)CC(=O)C,C[Si](C)(C)Cl
2628,COC(=O)C1=C(C)N(CCCN(C)C)C(=S)NC1c2c(F)cccc2F,0.6,0,N,0.0,CN(C)CCCNC(=S)N,Fc1cccc(F)c1C=O,COC(=O)CC(=O)C,C[Si](C)(C)Cl
2629,COC(=O)C1=C(C)N(CCCN(C)C)C(=S)NC1c2ccc(F)cc2,0.6,1,N,14.17,CN(C)CCCNC(=S)N,Fc1ccc(C=O)cc1,COC(=O)CC(=O)C,C[Si](C)(C)Cl
2630,COC(=O)C1=C(C)N(CCCN(C)C)C(=S)NC1c2ccc(F)cc2F,0.6,0,N,0.0,CN(C)CCCNC(=S)N,Fc1ccc(C=O)c(F)c1,COC(=O)CC(=O)C,C[Si](C)(C)Cl
2631,COC(=O)C1=C(C)N(CCCN(C)C)C(=S)NC1c2cccc(F)c2,0.6,0,N,0.0,CN(C)CCCNC(=S)N,Fc1cccc(C=O)c1,COC(=O)CC(=O)C,C[Si](C)(C)Cl
2632,COC(=O)C1=C(C)N(CCc2cccs2)C(=O)NC1c3cc(OC)c(O)c(OC)c3,0.6,0,N,0.0,NC(=O)NCCc1cccs1,COc1cc(C=O)cc(OC)c1O,COC(=O)CC(=O)C,C[Si](C)(C)Cl
2633,COC(=O)C1=C(C)N(CCc2cccs2)C(=O)NC1c3ccc(F)cc3,0.6,1,N,60.33,NC(=O)NCCc1cccs1,Fc1ccc(C=O)cc1,COC(=O)CC(=O)C,C[Si](C)(C)Cl
2634,COC(=O)C1=C(C)N(CCc2cccs2)C(=O)NC1c3ccc(F)cc3F,0.6,1,N,20.83,NC(=O)NCCc1cccs1,Fc1ccc(C=O)c(F)c1,COC(=O)CC(=O)C,C[Si](C)(C)Cl
2635,COC(=O)C1=C(C)N(CCc2cccs2)C(=O)NC1c3cccc(C#N)c3,0.6,0,N,0.0,NC(=O)NCCc1cccs1,O=Cc1cccc(C#N)c1,COC(=O)CC(=O)C,C[Si](C)(C)Cl
2636,COC(=O)C1=C(C)N(CCc2cccs2)C(=O)NC1c3cccs3,0.6,1,N,49.5,NC(=O)NCCc1cccs1,O=Cc1cccs1,COC(=O)CC(=O)C,C[Si](C)(C)Cl
2637,COC(=O)C1=C(C)N(CCc2cccs2)C(=O)NC1c3ccsc3,0.6,1,N,71.0,NC(=O)NCCc1cccs1,O=Cc1ccsc1,COC(=O)CC(=O)C,C[Si](C)(C)Cl
2638,COC(=O)C1=C(C)N(Cc2ccc(cc2)C(=O)O)C(=O)NC1c3ccccc3Cl,0.6,1,N,51.5,NC(=O)NCc1ccc(cc1)C(=O)O,Clc1ccccc1C=O,COC(=O)CC(=O)C,C[Si](C)(C)Cl
2639,COC(=O)C1=C(C)N(Cc2ccccc2)C(=O)NC1c3cc4OCOc4c(OC)c3,0.6,1,N,24.0,NC(=O)NCc1ccccc1,COc1cc(C=O)cc2OCOc21,COC(=O)CC(=O)C,C[Si](C)(C)Cl
2640,COC(=O)C1=C(C)N(Cc2ccccc2)C(=O)NC1c3ccc(OC)cc3,0.6,1,N,9.17,NC(=O)NCc1ccccc1,COc1ccc(C=O)cc1,COC(=O)CC(=O)C,C[Si](C)(C)Cl
2641,COC(=O)C1=C(C)N(Cc2ccccc2)C(=O)NC1c3ccccc3,0.6,1,N,34.5,NC(=O)NCc1ccccc1,O=Cc1ccccc1,COC(=O)CC(=O)C,C[Si](C)(C)Cl
2642,COC(=O)C1=C(C)N(Cc2ccccc2)C(=O)NC1c3ccccc3F,0.6,1,N,20.0,NC(=O)NCc1ccccc1,Fc1ccccc1C=O,COC(=O)CC(=O)C,C[Si](C)(C)Cl
2643,COC(=O)C1=C(C)N(Cc2ccccc2)C(=O)NC1c3cccs3,0.6,1,N,49.67,NC(=O)NCc1ccccc1,O=Cc1cccs1,COC(=O)CC(=O)C,C[Si](C)(C)Cl
2644,COC(=O)C1=C(C)N(Cc2ccccc2)C(=O)NC1c3ccsc3,0.6,1,N,10.5,NC(=O)NCc1ccccc1,O=Cc1ccsc1,COC(=O)CC(=O)C,C[Si](C)(C)Cl
2645,COC(=O)C1=C(C)N(Cc2ccccn2)C(=O)NC1c3ccc(OCc4ccncc4)cc3,0.6,0,N,0.0,NC(=O)NCc1ccccn1,O=Cc1ccc(OCc2ccncc2)cc1,COC(=O)CC(=O)C,C[Si](C)(C)Cl
2646,COC(=O)C1=C(C)N(Cc2ccccn2)C(=O)NC1c3ccccc3,0.6,0,N,0.0,NC(=O)NCc1ccccn1,O=Cc1ccccc1,COC(=O)CC(=O)C,C[Si](C)(C)Cl
2647,COC(=O)C1=C(C)N(Cc2ccccn2)C(=O)NC1c3cccs3,0.6,0,N,0.0,NC(=O)NCc1ccccn1,O=Cc1cccs1,COC(=O)CC(=O)C,C[Si](C)(C)Cl
2648,COC(=O)C1=C(C)N(Cc2cccnc2)C(=O)NC1c3cc4OCOc4c(OC)c3,0.6,0,N,0.0,NC(=O)NCc1cccnc1,COc1cc(C=O)cc2OCOc21,COC(=O)CC(=O)C,C[Si](C)(C)Cl
2649,COC(=O)C1=C(C)N(Cc2cccnc2)C(=O)NC1c3ccc(Br)cc3,0.6,1,N,7.33,NC(=O)NCc1cccnc1,Brc1ccc(C=O)cc1,COC(=O)CC(=O)C,C[Si](C)(C)Cl
2650,COC(=O)C1=C(C)N(Cc2cccnc2)C(=O)NC1c3ccc(cc3)C(C)C,0.6,0,N,0.0,NC(=O)NCc1cccnc1,CC(C)c1ccc(C=O)cc1,COC(=O)CC(=O)C,C[Si](C)(C)Cl
2651,COC(=O)C1=C(C)N(Cc2ccco2)C(=O)NC1c3c(F)cccc3F,0.6,0,N,0.0,NC(=O)NCc1ccco1,Fc1cccc(F)c1C=O,COC(=O)CC(=O)C,C[Si](C)(C)Cl
2652,COC(=O)C1=C(C)N(Cc2ccco2)C(=O)NC1c3ccc(F)cc3F,0.6,0,N,0.0,NC(=O)NCc1ccco1,Fc1ccc(C=O)c(F)c1,COC(=O)CC(=O)C,C[Si](C)(C)Cl
2653,COC(=O)C1=C(C)N(Cc2ccco2)C(=O)NC1c3ccccc3,0.6,0,N,0.0,NC(=O)NCc1ccco1,O=Cc1ccccc1,COC(=O)CC(=O)C,C[Si](C)(C)Cl
2654,COC(=O)C1=C(C)N(Cc2ccco2)C(=O)NC1c3ccccc3F,0.6,0,N,0.0,NC(=O)NCc1ccco1,Fc1ccccc1C=O,COC(=O)CC(=O)C,C[Si](C)(C)Cl
2655,COC(=O)C1=C(C)N(Cc2ccco2)C(=S)NC1c3cccc(F)c3,0.6,0,N,0.0,NC(=S)NCc1ccco1,Fc1cccc(C=O)c1,COC(=O)CC(=O)C,C[Si](C)(C)Cl
2656,COC(=O)C1=C(C)N(Cc2cccs2)C(=O)NC1c3ccc(C)cc3,0.6,1,N,14.0,NC(=O)NCc1cccs1,Cc1ccc(C=O)cc1,COC(=O)CC(=O)C,C[Si](C)(C)Cl
2657,COC(=O)C1=C(C)N(Cc2cccs2)C(=O)NC1c3ccc(F)cc3F,0.6,1,N,37.67,NC(=O)NCc1cccs1,Fc1ccc(C=O)c(F)c1,COC(=O)CC(=O)C,C[Si](C)(C)Cl
2658,COC(=O)C1=C(C)N(Cc2cccs2)C(=O)NC1c3cccc(C)c3,0.6,1,N,49.5,NC(=O)NCc1cccs1,Cc1cccc(C=O)c1,COC(=O)CC(=O)C,C[Si](C)(C)Cl
2659,COC(=O)C1=C(C)N(Cc2cccs2)C(=O)NC1c3ccccc3C(F)(F)F,0.6,1,N,59.5,NC(=O)NCc1cccs1,FC(F)(F)c1ccccc1C=O,COC(=O)CC(=O)C,C[Si](C)(C)Cl
2660,COC(=O)C1=C(C)N(Cc2cccs2)C(=O)NC1c3ccccc3Cl,0.6,1,N,53.5,NC(=O)NCc1cccs1,Clc1ccccc1C=O,COC(=O)CC(=O)C,C[Si](C)(C)Cl
2661,COC(=O)C1=C(C)N(Cc2cccs2)C(=O)NC1c3ccccc3F,0.6,1,N,32.5,NC(=O)NCc1cccs1,Fc1ccccc1C=O,COC(=O)CC(=O)C,C[Si](C)(C)Cl
2662,COC(=O)C1=C(C)NC(=O)NC1c2c(Cl)cccc2Cl,0.6,1,N,0.0,NC(=O)N,Clc1cccc(Cl)c1C=O,COC(=O)CC(=O)C,
2663,COC(=O)C1=C(C)NC(=O)NC1c2c(F)cccc2F,0.6,1,N,0.0,NC(=O)N,Fc1cccc(F)c1C=O,COC(=O)CC(=O)C,
2664,COC(=O)C1=C(C)NC(=O)NC1c2cc(Br)ccc2F,0.6,1,N,74.67,NC(=O)N,Fc1ccc(Br)cc1C=O,COC(=O)CC(=O)C,C[Si](C)(C)Cl
2665,COC(=O)C1=C(C)NC(=O)NC1c2cc(Br)ccc2OC,0.6,1,N,0.0,NC(=O)N,COc1ccc(Br)cc1C=O,COC(=O)CC(=O)C,
2666,COC(=O)C1=C(C)NC(=O)NC1c2cc(Br)cs2,0.6,1,N,34.17,NC(=O)N,Brc1csc(C=O)c1,COC(=O)CC(=O)C,C[Si](C)(C)Cl
2667,COC(=O)C1=C(C)NC(=O)NC1c2cc(C)ccc2C,0.6,1,N,0.0,NC(=O)N,Cc1ccc(C)c(C=O)c1,COC(=O)CC(=O)C,
2668,COC(=O)C1=C(C)NC(=O)NC1c2cc(C)ccc2C,0.6,1,N,49.0,NC(=O)N,Cc1ccc(C)c(C=O)c1,COC(=O)CC(=O)C,C[Si](C)(C)Cl
2669,COC(=O)C1=C(C)NC(=O)NC1c2cc(OC)c(O)c(OC)c2,0.6,0,N,0.0,NC(=O)N,COc1cc(C=O)cc(OC)c1O,COC(=O)CC(=O)C,C[Si](C)(C)Cl
2670,COC(=O)C1=C(C)NC(=O)NC1c2cc(OC)c(OC)c(OC)c2,0.6,1,N,11.17,NC(=O)N,COc1cc(C=O)cc(OC)c1OC,COC(=O)CC(=O)C,C[Si](C)(C)Cl
2671,COC(=O)C1=C(C)NC(=O)NC1c2cc(OC)ccc2OC,0.6,1,N,21.5,NC(=O)N,COc1ccc(OC)c(C=O)c1,COC(=O)CC(=O)C,C[Si](C)(C)Cl
2672,COC(=O)C1=C(C)NC(=O)NC1c2ccc(Br)cc2F,0.6,1,N,55.33,NC(=O)N,Fc1cc(Br)ccc1C=O,COC(=O)CC(=O)C,C[Si](C)(C)Cl
2673,COC(=O)C1=C(C)NC(=O)NC1c2ccc(Br)s2,0.6,0,N,0.0,NC(=O)N,Brc1ccc(C=O)s1,COC(=O)CC(=O)C,C[Si](C)(C)Cl
2674,COC(=O)C1=C(C)NC(=O)NC1c2ccc(C)cc2C,0.6,1,N,0.0,NC(=O)N,Cc1ccc(C=O)c(C)c1,COC(=O)CC(=O)C,
2675,COC(=O)C1=C(C)NC(=O)NC1c2ccc(C)s2,0.6,1,N,19.0,NC(=O)N,Cc1ccc(C=O)s1,COC(=O)CC(=O)C,C[Si](C)(C)Cl
2676,COC(=O)C1=C(C)NC(=O)NC1c2ccc(Cl)c(Cl)c2,0.6,1,N,0.0,NC(=O)N,Clc1ccc(C=O)cc1Cl,COC(=O)CC(=O)C,
2677,COC(=O)C1=C(C)NC(=O)NC1c2ccc(Cl)c(c2)[N+](=O)[O-],0.6,1,N,0.0,NC(=O)N,[O-][N+](=O)c1cc(C=O)ccc1Cl,COC(=O)CC(=O)C,
2678,COC(=O)C1=C(C)NC(=O)NC1c2ccc(F)c(Br)c2,0.6,1,N,85.5,NC(=O)N,Fc1ccc(C=O)cc1Br,COC(=O)CC(=O)C,C[Si](C)(C)Cl
2679,COC(=O)C1=C(C)NC(=O)NC1c2ccc(F)c(F)c2,0.6,1,N,43.5,NC(=O)N,Fc1ccc(C=O)cc1F,COC(=O)CC(=O)C,C[Si](C)(C)Cl
2680,COC(=O)C1=C(C)NC(=O)NC1c2ccc(F)cc2,0.6,1,N,78.83,NC(=O)N,Fc1ccc(C=O)cc1,COC(=O)CC(=O)C,C[Si](C)(C)Cl
2681,COC(=O)C1=C(C)NC(=O)NC1c2ccc(OC(F)(F)F)cc2,0.6,1,N,6.83,NC(=O)N,FC(F)(F)Oc1ccc(C=O)cc1,COC(=O)CC(=O)C,C[Si](C)(C)Cl
2682,COC(=O)C1=C(C)NC(=O)NC1c2ccc(OC(F)(F)F)cc2,0.6,1,N,28.17,NC(=O)N,FC(F)(F)Oc1ccc(C=O)cc1,COC(=O)CC(=O)C,C[Si](C)(C)Cl
2683,COC(=O)C1=C(C)NC(=O)NC1c2ccc(OC(F)F)cc2,0.6,0,N,0.0,NC(=O)N,FC(F)Oc1ccc(C=O)cc1,COC(=O)CC(=O)C,
2684,COC(=O)C1=C(C)NC(=O)NC1c2ccc(OC)c(OC(F)F)c2,0.6,1,N,41.33,NC(=O)N,COc1ccc(C=O)cc1OC(F)F,COC(=O)CC(=O)C,C[Si](C)(C)Cl
2685,COC(=O)C1=C(C)NC(=O)NC1c2ccc(OC)c(OC)c2,0.6,1,N,0.0,NC(=O)N,COc1ccc(C=O)cc1OC,COC(=O)CC(=O)C,
2686,COC(=O)C1=C(C)NC(=O)NC1c2ccc(OC)c(OCc3ccccc3)c2,0.6,1,N,0.0,NC(=O)N,COc1ccc(C=O)cc1OCc2ccccc2,COC(=O)CC(=O)C,
2687,COC(=O)C1=C(C)NC(=O)NC1c2ccc(OC)cc2,0.6,1,N,39.67,NC(=O)N,COc1ccc(C=O)cc1,COC(=O)CC(=O)C,C[Si](C)(C)Cl
2688,COC(=O)C1=C(C)NC(=O)NC1c2ccc(OCc3ccc(Cl)cc3)c(OC)c2,0.6,1,N,0.0,NC(=O)N,COc1cc(C=O)ccc1OCc2ccc(Cl)cc2,COC(=O)CC(=O)C,
2689,COC(=O)C1=C(C)NC(=O)NC1c2ccc(OCc3ccc(Cl)cc3Cl)c(OC)c2,0.6,1,N,0.0,NC(=O)N,COc1cc(C=O)ccc1OCc2ccc(Cl)cc2Cl,COC(=O)CC(=O)C,
2690,COC(=O)C1=C(C)NC(=O)NC1c2ccc(OCc3ccc(F)cc3)c(OC)c2,0.6,1,N,0.0,NC(=O)N,COc1cc(C=O)ccc1OCc2ccc(F)cc2,COC(=O)CC(=O)C,
2691,COC(=O)C1=C(C)NC(=O)NC1c2ccc(OCc3ccc(cc3)C(=O)OC)c(OC)c2,0.6,1,N,21.17,NC(=O)N,COC(=O)c1ccc(COc2ccc(C=O)cc2OC)cc1,COC(=O)CC(=O)C,C[Si](C)(C)Cl
2692,COC(=O)C1=C(C)NC(=O)NC1c2ccc(OCc3ccc(cc3)C(=O)OC)cc2,0.6,1,N,0.0,NC(=O)N,COC(=O)c1ccc(COc2ccc(C=O)cc2)cc1,COC(=O)CC(=O)C,
2693,COC(=O)C1=C(C)NC(=O)NC1c2ccc(OCc3cccc(c3)C(F)(F)F)c(OC)c2,0.6,1,N,0.0,NC(=O)N,COc1cc(C=O)ccc1OCc2cccc(c2)C(F)(F)F,COC(=O)CC(=O)C,
2694,COC(=O)C1=C(C)NC(=O)NC1c2ccc(OCc3ccccc3Cl)c(OC)c2,0.6,1,N,0.0,NC(=O)N,COc1cc(C=O)ccc1OCc2ccccc2Cl,COC(=O)CC(=O)C,
2695,COC(=O)C1=C(C)NC(=O)NC1c2ccc(SC)cc2,0.6,1,N,79.17,NC(=O)N,CSc1ccc(C=O)cc1,COC(=O)CC(=O)C,C[Si](C)(C)Cl
2696,COC(=O)C1=C(C)NC(=O)NC1c2ccc(cc2)C(=O)OC,0.6,1,N,0.0,NC(=O)N,COC(=O)c1ccc(C=O)cc1,COC(=O)CC(=O)C,
2697,COC(=O)C1=C(C)NC(=O)NC1c2ccc(cc2)C(C)C,0.6,1,N,87.83,NC(=O)N,CC(C)c1ccc(C=O)cc1,COC(=O)CC(=O)C,C[Si](C)(C)Cl
2698,COC(=O)C1=C(C)NC(=O)NC1c2ccc(cc2)N3CCOCC3,0.6,0,N,0.0,NC(=O)N,O=Cc1ccc(cc1)N2CCOCC2,COC(=O)CC(=O)C,
2699,COC(=O)C1=C(C)NC(=O)NC1c2ccc(cc2)c3ccccc3,0.6,1,N,58.5,NC(=O)N,O=Cc1ccc(cc1)c2ccccc2,COC(=O)CC(=O)C,C[Si](C)(C)Cl
2700,COC(=O)C1=C(C)NC(=O)NC1c2ccc(cc2)n3cccn3,0.6,1,N,67.17,NC(=O)N,O=Cc1ccc(cc1)n2cccn2,COC(=O)CC(=O)C,C[Si](C)(C)Cl
2701,COC(=O)C1=C(C)NC(=O)NC1c2ccc(o2)c3ccc(F)cc3,0.6,1,N,8.33,NC(=O)N,Fc1ccc(cc1)c2ccc(C=O)o2,COC(=O)CC(=O)C,C[Si](C)(C)Cl
2702,COC(=O)C1=C(C)NC(=O)NC1c2ccc(s2)c3ccc(Br)cc3,0.6,1,N,31.17,NC(=O)N,Brc1ccc(cc1)c2ccc(C=O)s2,COC(=O)CC(=O)C,C[Si](C)(C)Cl
2703,COC(=O)C1=C(C)NC(=O)NC1c2ccc(s2)c3ccccc3,0.6,1,N,50.83,NC(=O)N,O=Cc1ccc(s1)c2ccccc2,COC(=O)CC(=O)C,C[Si](C)(C)Cl
2704,COC(=O)C1=C(C)NC(=O)NC1c2ccc(s2)c3ccccc3Cl,0.6,1,N,49.33,NC(=O)N,Clc1ccccc1c2ccc(C=O)s2,COC(=O)CC(=O)C,C[Si](C)(C)Cl
2705,COC(=O)C1=C(C)NC(=O)NC1c2ccc(s2)c3ccccc3[N+](=O)[O-],0.6,1,N,22.5,NC(=O)N,[O-][N+](=O)c1ccccc1c2ccc(C=O)s2,COC(=O)CC(=O)C,C[Si](C)(C)Cl
2706,COC(=O)C1=C(C)NC(=O)NC1c2ccc3cc(OC)ccc3c2,0.6,1,N,36.67,NC(=O)N,COc1ccc2cc(C=O)ccc2c1,COC(=O)CC(=O)C,C[Si](C)(C)Cl
2707,COC(=O)C1=C(C)NC(=O)NC1c2ccc3ccccc3c2,0.6,1,N,73.33,NC(=O)N,O=Cc1ccc2ccccc2c1,COC(=O)CC(=O)C,C[Si](C)(C)Cl
2708,COC(=O)C1=C(C)NC(=O)NC1c2cccc(Br)c2,0.6,1,N,74.33,NC(=O)N,Brc1cccc(C=O)c1,COC(=O)CC(=O)C,C[Si](C)(C)Cl
2709,COC(=O)C1=C(C)NC(=O)NC1c2cccc(C)c2,0.6,1,N,62.33,NC(=O)N,Cc1cccc(C=O)c1,COC(=O)CC(=O)C,C[Si](C)(C)Cl
2710,COC(=O)C1=C(C)NC(=O)NC1c2cccc(Cl)c2,0.6,1,N,70.0,NC(=O)N,Clc1cccc(C=O)c1,COC(=O)CC(=O)C,C[Si](C)(C)Cl
2711,COC(=O)C1=C(C)NC(=O)NC1c2cccc(F)c2,0.6,1,N,75.83,NC(=O)N,Fc1cccc(C=O)c1,COC(=O)CC(=O)C,C[Si](C)(C)Cl
2712,COC(=O)C1=C(C)NC(=O)NC1c2cccc(OCc3ccccc3)c2,0.6,1,N,96.0,NC(=O)N,O=Cc1cccc(OCc2ccccc2)c1,COC(=O)CC(=O)C,C[Si](C)(C)Cl
2713,COC(=O)C1=C(C)NC(=O)NC1c2cccc(Oc3ccc(Cl)cc3)c2,0.6,1,N,0.0,NC(=O)N,Clc1ccc(Oc2cccc(C=O)c2)cc1,COC(=O)CC(=O)C,
2714,COC(=O)C1=C(C)NC(=O)NC1c2cccc(c2)C(F)(F)F,0.6,1,N,0.0,NC(=O)N,FC(F)(F)c1cccc(C=O)c1,COC(=O)CC(=O)C,
2715,COC(=O)C1=C(C)NC(=O)NC1c2ccccc2Br,0.6,1,N,14.5,NC(=O)N,Brc1ccccc1C=O,COC(=O)CC(=O)C,C[Si](C)(C)Cl
2716,COC(=O)C1=C(C)NC(=O)NC1c2ccccc2C,0.6,1,N,0.0,NC(=O)N,Cc1ccccc1C=O,COC(=O)CC(=O)C,
2717,COC(=O)C1=C(C)NC(=O)NC1c2ccccc2C(=O)OC,0.6,1,N,33.17,NC(=O)N,COC(=O)c1ccccc1C=O,COC(=O)CC(=O)C,C[Si](C)(C)Cl
2718,COC(=O)C1=C(C)NC(=O)NC1c2ccccc2C(F)(F)F,0.6,1,N,34.33,NC(=O)N,FC(F)(F)c1ccccc1C=O,COC(=O)CC(=O)C,
2719,COC(=O)C1=C(C)NC(=O)NC1c2ccccc2F,0.6,1,N,69.33,NC(=O)N,Fc1ccccc1C=O,COC(=O)CC(=O)C,C[Si](C)(C)Cl
2720,COC(=O)C1=C(C)NC(=O)NC1c2ccccc2OC(F)F,0.6,1,N,0.0,NC(=O)N,FC(F)Oc1ccccc1C=O,COC(=O)CC(=O)C,
2721,COC(=O)C1=C(C)NC(=O)NC1c2ccccc2[N+](=O)[O-],0.6,0,N,0.0,NC(=O)N,[O-][N+](=O)c1ccccc1C=O,COC(=O)CC(=O)C,
2722,COC(=O)C1=C(C)NC(=O)NC1c2cccs2,0.6,1,N,59.33,NC(=O)N,O=Cc1cccs1,COC(=O)CC(=O)C,C[Si](C)(C)Cl
2723,COC(=O)C1=C(C)NC(=O)NC1c2ccsc2,0.6,1,N,66.67,NC(=O)N,O=Cc1ccsc1,COC(=O)CC(=O)C,C[Si](C)(C)Cl
2724,COC(=O)C1=C(C)NC(=S)NC1c2c(Br)cccc2[N+](=O)[O-],0.6,0,N,0.0,NC(=S)N,[O-][N+](=O)c1cccc(Br)c1C=O,COC(=O)CC(=O)C,C[Si](C)(C)Cl
2725,COC(=O)C1=C(C)NC(=S)NC1c2c(Cl)cccc2Cl,0.6,1,N,32.5,NC(=S)N,Clc1cccc(Cl)c1C=O,COC(=O)CC(=O)C,C[Si](C)(C)Cl
2726,COC(=O)C1=C(C)NC(=S)NC1c2c(F)cccc2F,0.6,1,N,0.0,NC(=S)N,Fc1cccc(F)c1C=O,COC(=O)CC(=O)C,
2727,COC(=O)C1=C(C)NC(=S)NC1c2c(OC)cc(OC)cc2OC,0.6,0,N,0.0,NC(=S)N,COc1cc(OC)c(C=O)c(OC)c1,COC(=O)CC(=O)C,C[Si](C)(C)Cl
2728,COC(=O)C1=C(C)NC(=S)NC1c2cc(Br)c(O)c(OC)c2,0.6,1,N,57.33,NC(=S)N,COc1cc(C=O)cc(Br)c1O,COC(=O)CC(=O)C,C[Si](C)(C)Cl
2729,COC(=O)C1=C(C)NC(=S)NC1c2cc(OC)c(OC)cc2OC,0.6,1,N,0.0,NC(=S)N,COc1cc(OC)c(C=O)cc1OC,COC(=O)CC(=O)C,
2730,COC(=O)C1=C(C)NC(=S)NC1c2cc(cc3COCOc23)[N+](=O)[O-],0.6,1,N,49.83,NC(=S)N,[O-][N+](=O)c1cc(C=O)c2OCOCc2c1,COC(=O)CC(=O)C,C[Si](C)(C)Cl
2731,COC(=O)C1=C(C)NC(=S)NC1c2cc3OCOc3cc2[N+](=O)[O-],0.6,0,N,0.0,NC(=S)N,[O-][N+](=O)c1cc2OCOc2cc1C=O,COC(=O)CC(=O)C,
2732,COC(=O)C1=C(C)NC(=S)NC1c2cc3OCOc3cc2[N+](=O)[O-],0.6,0,N,0.0,NC(=S)N,[O-][N+](=O)c1cc2OCOc2cc1C=O,COC(=O)CC(=O)C,C[Si](C)(C)Cl
2733,COC(=O)C1=C(C)NC(=S)NC1c2ccc(C)cc2,0.6,1,N,18.5,NC(=S)N,Cc1ccc(C=O)cc1,COC(=O)CC(=O)C,C[Si](C)(C)Cl
2734,COC(=O)C1=C(C)NC(=S)NC1c2ccc(C)s2,0.6,1,N,56.83,NC(=S)N,Cc1ccc(C=O)s1,COC(=O)CC(=O)C,C[Si](C)(C)Cl
2735,COC(=O)C1=C(C)NC(=S)NC1c2ccc(F)c(Br)c2,0.6,1,N,27.5,NC(=S)N,Fc1ccc(C=O)cc1Br,COC(=O)CC(=O)C,C[Si](C)(C)Cl
2736,COC(=O)C1=C(C)NC(=S)NC1c2ccc(F)c(F)c2,0.6,1,N,40.17,NC(=S)N,Fc1ccc(C=O)cc1F,COC(=O)CC(=O)C,C[Si](C)(C)Cl
2737,COC(=O)C1=C(C)NC(=S)NC1c2ccc(F)cc2,0.6,1,N,80.83,NC(=S)N,Fc1ccc(C=O)cc1,COC(=O)CC(=O)C,C[Si](C)(C)Cl
2738,COC(=O)C1=C(C)NC(=S)NC1c2ccc(F)cc2F,0.6,1,N,26.33,NC(=S)N,Fc1ccc(C=O)c(F)c1,COC(=O)CC(=O)C,C[Si](C)(C)Cl
2739,COC(=O)C1=C(C)NC(=S)NC1c2ccc(NC(=O)C)cc2,0.6,0,N,0.0,NC(=S)N,CC(=O)Nc1ccc(C=O)cc1,COC(=O)CC(=O)C,C[Si](C)(C)Cl
2740,COC(=O)C1=C(C)NC(=S)NC1c2ccc(NC(=O)C)cc2,0.6,0,N,0.0,NC(=S)N,CC(=O)Nc1ccc(C=O)cc1,COC(=O)CC(=O)C,C[Si](C)(C)Cl
2741,COC(=O)C1=C(C)NC(=S)NC1c2ccc(O)cc2,0.6,1,N,0.0,NC(=S)N,Oc1ccc(C=O)cc1,COC(=O)CC(=O)C,
2742,COC(=O)C1=C(C)NC(=S)NC1c2ccc(OC(F)(F)F)cc2,0.6,1,N,46.5,NC(=S)N,FC(F)(F)Oc1ccc(C=O)cc1,COC(=O)CC(=O)C,C[Si](C)(C)Cl
2743,COC(=O)C1=C(C)NC(=S)NC1c2ccc(OC)c(O)c2,0.6,1,N,48.67,NC(=S)N,COc1ccc(C=O)cc1O,COC(=O)CC(=O)C,C[Si](C)(C)Cl
2744,COC(=O)C1=C(C)NC(=S)NC1c2ccc(OC)c(OC)c2,0.6,1,N,38.5,NC(=S)N,COc1ccc(C=O)cc1OC,COC(=O)CC(=O)C,C[Si](C)(C)Cl
2745,COC(=O)C1=C(C)NC(=S)NC1c2ccc(OCCC(C)C)cc2,0.6,1,N,49.0,NC(=S)N,CC(C)CCOc1ccc(C=O)cc1,COC(=O)CC(=O)C,C[Si](C)(C)Cl
2746,COC(=O)C1=C(C)NC(=S)NC1c2ccc(OCc3c(C)cc(cc3C)C(C)(C)C)c(OC)c2,0.6,0,N,0.0,NC(=S)N,COc1cc(C=O)ccc1OCc2c(C)cc(cc2C)C(C)(C)C,COC(=O)CC(=O)C,
2747,COC(=O)C1=C(C)NC(=S)NC1c2ccc(OCc3ccc(cc3)C(=O)OC)c(OC)c2,0.6,0,N,0.0,NC(=S)N,COC(=O)c1ccc(COc2ccc(C=O)cc2OC)cc1,COC(=O)CC(=O)C,
2748,COC(=O)C1=C(C)NC(=S)NC1c2ccc(OCc3ccc(cc3OC)C(=O)C)c(OC)c2,0.6,1,N,0.0,NC(=S)N,COc1cc(ccc1COc2ccc(C=O)cc2OC)C(=O)C,COC(=O)CC(=O)C,
2749,COC(=O)C1=C(C)NC(=S)NC1c2ccc(Oc3ccc(F)cc3)c(c2)[N+](=O)[O-],0.6,1,N,80.0,NC(=S)N,[O-][N+](=O)c1cc(C=O)ccc1Oc2ccc(F)cc2,COC(=O)CC(=O)C,C[Si](C)(C)Cl
2750,COC(=O)C1=C(C)NC(=S)NC1c2ccc(Oc3ccc(cc3)C(C)(C)C)c(c2)[N+](=O)[O-],0.6,1,N,62.17,NC(=S)N,CC(C)(C)c1ccc(Oc2ccc(C=O)cc2[N+](=O)[O-])cc1,COC(=O)CC(=O)C,
2751,COC(=O)C1=C(C)NC(=S)NC1c2ccc(cc2)C(=O)OC,0.6,1,N,26.33,NC(=S)N,COC(=O)c1ccc(C=O)cc1,COC(=O)CC(=O)C,C[Si](C)(C)Cl
2752,COC(=O)C1=C(C)NC(=S)NC1c2ccc(cc2)[N+](=O)[O-],0.6,1,N,1.83,NC(=S)N,[O-][N+](=O)c1ccc(C=O)cc1,COC(=O)CC(=O)C,C[Si](C)(C)Cl
2753,COC(=O)C1=C(C)NC(=S)NC1c2ccc(cc2)c3ccccc3,0.6,1,N,73.83,NC(=S)N,O=Cc1ccc(cc1)c2ccccc2,COC(=O)CC(=O)C,C[Si](C)(C)Cl
2754,COC(=O)C1=C(C)NC(=S)NC1c2ccc(cc2)c3ccccc3,0.6,0,N,0.0,NC(=S)N,O=Cc1ccc(cc1)c2ccccc2,COC(=O)CC(=O)C,C[Si](C)(C)Cl
2755,COC(=O)C1=C(C)NC(=S)NC1c2ccc(cc2)n3ccnc3,0.6,1,N,75.0,NC(=S)N,O=Cc1ccc(cc1)n2ccnc2,COC(=O)CC(=O)C,C[Si](C)(C)Cl
2756,COC(=O)C1=C(C)NC(=S)NC1c2ccc(o2)c3cc(Cl)ccc3Cl,0.6,1,N,0.0,NC(=S)N,Clc1ccc(Cl)c(c1)c2ccc(C=O)o2,COC(=O)CC(=O)C,
2757,COC(=O)C1=C(C)NC(=S)NC1c2ccc(o2)c3ccc(Cl)cc3[N+](=O)[O-],0.6,1,N,0.0,NC(=S)N,[O-][N+](=O)c1cc(Cl)ccc1c2ccc(C=O)o2,COC(=O)CC(=O)C,
2758,COC(=O)C1=C(C)NC(=S)NC1c2ccc(o2)c3ccccc3C(=O)OC,0.6,1,N,0.0,NC(=S)N,COC(=O)c1ccccc1c2ccc(C=O)o2,COC(=O)CC(=O)C,
2759,COC(=O)C1=C(C)NC(=S)NC1c2ccc(s2)c3cccc(Cl)c3,0.6,1,N,76.67,NC(=S)N,Clc1cccc(c1)c2ccc(C=O)s2,COC(=O)CC(=O)C,C[Si](C)(C)Cl
2760,COC(=O)C1=C(C)NC(=S)NC1c2ccc(s2)c3ccccc3F,0.6,1,N,81.83,NC(=S)N,Fc1ccccc1c2ccc(C=O)s2,COC(=O)CC(=O)C,C[Si](C)(C)Cl
2761,COC(=O)C1=C(C)NC(=S)NC1c2ccc3OCCOc3c2,0.6,1,N,64.83,NC(=S)N,O=Cc1ccc2OCCOc2c1,COC(=O)CC(=O)C,C[Si](C)(C)Cl
2762,COC(=O)C1=C(C)NC(=S)NC1c2ccc3cc(OC)ccc3c2,0.6,1,N,27.0,NC(=S)N,COc1ccc2cc(C=O)ccc2c1,COC(=O)CC(=O)C,C[Si](C)(C)Cl
2763,COC(=O)C1=C(C)NC(=S)NC1c2ccc3ccccc3c2,0.6,1,N,80.67,NC(=S)N,O=Cc1ccc2ccccc2c1,COC(=O)CC(=O)C,C[Si](C)(C)Cl
2764,COC(=O)C1=C(C)NC(=S)NC1c2cccc(C)c2,0.6,1,N,33.17,NC(=S)N,Cc1cccc(C=O)c1,COC(=O)CC(=O)C,C[Si](C)(C)Cl
2765,COC(=O)C1=C(C)NC(=S)NC1c2cccc(F)c2,0.6,1,N,29.0,NC(=S)N,Fc1cccc(C=O)c1,COC(=O)CC(=O)C,C[Si](C)(C)Cl
2766,COC(=O)C1=C(C)NC(=S)NC1c2cccc(OC)c2,0.6,1,N,83.17,NC(=S)N,COc1cccc(C=O)c1,COC(=O)CC(=O)C,C[Si](C)(C)Cl
2767,COC(=O)C1=C(C)NC(=S)NC1c2cccc(OC)c2OC,0.6,1,N,69.33,NC(=S)N,COc1cccc(C=O)c1OC,COC(=O)CC(=O)C,C[Si](C)(C)Cl
2768,COC(=O)C1=C(C)NC(=S)NC1c2cccc(c2)[N+](=O)[O-],0.6,1,N,37.33,NC(=S)N,[O-][N+](=O)c1cccc(C=O)c1,COC(=O)CC(=O)C,C[Si](C)(C)Cl
2769,COC(=O)C1=C(C)NC(=S)NC1c2cccc3cccnc23,0.6,1,N,10.0,NC(=S)N,O=Cc1cccc2cccnc12,COC(=O)CC(=O)C,C[Si](C)(C)Cl
2770,COC(=O)C1=C(C)NC(=S)NC1c2ccccc2Br,0.6,1,N,17.33,NC(=S)N,Brc1ccccc1C=O,COC(=O)CC(=O)C,C[Si](C)(C)Cl
2771,COC(=O)C1=C(C)NC(=S)NC1c2ccccc2C,0.6,1,N,65.0,NC(=S)N,Cc1ccccc1C=O,COC(=O)CC(=O)C,C[Si](C)(C)Cl
2772,COC(=O)C1=C(C)NC(=S)NC1c2ccccc2C,0.6,0,N,0.0,NC(=S)N,Cc1ccccc1C=O,COC(=O)CC(=O)C,C[Si](C)(C)Cl
2773,COC(=O)C1=C(C)NC(=S)NC1c2ccccc2C(=O)OC,0.6,1,N,50.33,NC(=S)N,COC(=O)c1ccccc1C=O,COC(=O)CC(=O)C,C[Si](C)(C)Cl
2774,COC(=O)C1=C(C)NC(=S)NC1c2ccccc2Cl,0.6,1,N,75.67,NC(=S)N,Clc1ccccc1C=O,COC(=O)CC(=O)C,C[Si](C)(C)Cl
2775,COC(=O)C1=C(C)NC(=S)NC1c2ccccc2F,0.6,1,N,67.83,NC(=S)N,Fc1ccccc1C=O,COC(=O)CC(=O)C,C[Si](C)(C)Cl
2776,COC(=O)C1=C(C)NC(=S)NC1c2ccccc2OC,0.6,1,N,58.83,NC(=S)N,COc1ccccc1C=O,COC(=O)CC(=O)C,C[Si](C)(C)Cl
2777,COC(=O)C1=C(C)NC(=S)NC1c2ccccc2OC(F)(F)F,0.6,1,N,55.0,NC(=S)N,FC(F)(F)Oc1ccccc1C=O,COC(=O)CC(=O)C,C[Si](C)(C)Cl
2778,COC(=O)C1=C(C)NC(=S)NC1c2ccccc2OCC=C,0.6,1,N,72.0,NC(=S)N,C=CCOc1ccccc1C=O,COC(=O)CC(=O)C,C[Si](C)(C)Cl
2779,COC(=O)C1=C(C)NC(=S)NC1c2cccs2,0.6,1,N,94.67,NC(=S)N,O=Cc1cccs1,COC(=O)CC(=O)C,C[Si](C)(C)Cl
2780,COC(=O)C1=C(C)NC(=S)NC1c2ccsc2,0.6,1,N,74.5,NC(=S)N,O=Cc1ccsc1,COC(=O)CC(=O)C,C[Si](C)(C)Cl
2781,COC(=O)C1=C(C)NC(=S)NC1c2cn(C)nc2c3ccc4OCCCOc4c3,0.6,1,N,49.33,NC(=S)N,Cn1cc(C=O)c(n1)c2ccc3OCCCOc3c2,COC(=O)CC(=O)C,C[Si](C)(C)Cl
2782,COC(=O)C1=C(C)NC(=S)NC1c2sccc2C,0.6,1,N,8.83,NC(=S)N,Cc1ccsc1C=O,COC(=O)CC(=O)C,C[Si](C)(C)Cl
2783,COC(=O)C1=C(NC(=S)NC1c2ccc(F)cc2F)c3ccc(Cl)cc3,0.6,1,N,63.33,NC(=S)N,Fc1ccc(C=O)c(F)c1,COC(=O)CC(=O)c1ccc(Cl)cc1,C[Si](C)(C)Cl
2784,COC(=O)C1=C(NC(=S)NC1c2ccc(OC)cc2)c3ccc(Cl)cc3,0.6,1,N,75.5,NC(=S)N,COc1ccc(C=O)cc1,COC(=O)CC(=O)c1ccc(Cl)cc1,C[Si](C)(C)Cl
2785,COC(=O)C1=C(NC(=S)NC1c2ccc(SC)cc2)C(C)C,0.6,0,N,0.0,NC(=S)N,CSc1ccc(C=O)cc1,COC(=O)CC(=O)C(C)C,C[Si](C)(C)Cl
2786,COC(=O)C1=C(NC(=S)NC1c2ccc(cc2)[N+](=O)[O-])C(C)C,0.6,0,N,0.0,NC(=S)N,[O-][N+](=O)c1ccc(C=O)cc1,COC(=O)CC(=O)C(C)C,C[Si](C)(C)Cl
2787,COC(=O)C1=C(NC(=S)NC1c2ccccc2)C(C)C,0.6,0,N,0.0,NC(=S)N,O=Cc1ccccc1,COC(=O)CC(=O)C(C)C,C[Si](C)(C)Cl
2788,COC(=O)C1=C(NC(=S)NC1c2ccccc2C(F)(F)F)c3ccc(Cl)cc3,0.6,0,N,0.0,NC(=S)N,FC(F)(F)c1ccccc1C=O,COC(=O)CC(=O)c1ccc(Cl)cc1,C[Si](C)(C)Cl
2789,COC(=O)C1=C(NC(=S)NC1c2ccccc2Cl)c3ccc(Cl)cc3,0.6,1,N,50.33,NC(=S)N,Clc1ccccc1C=O,COC(=O)CC(=O)c1ccc(Cl)cc1,C[Si](C)(C)Cl
2790,COC(=O)C1=C(NC(=S)NC1c2ccsc2)c3ccc(Cl)cc3,0.6,0,N,0.0,NC(=S)N,O=Cc1ccsc1,COC(=O)CC(=O)c1ccc(Cl)cc1,C[Si](C)(C)Cl
2791,COC(=O)c1c(NC(=O)C2=C(C)N(Cc3ccccc3)C(=S)NC2c4ccc(cc4)C(=O)OC)sc5CCCc15,0.6,0,N,0.0,NC(=S)NCc1ccccc1,COC(=O)c1ccc(C=O)cc1,COC(=O)c1c(NC(=O)CC(=O)C)sc2CCCc12,
2792,COC(=O)c1c(NC(=O)C2=C(C)NC(=S)NC2c3ccc(Cl)cc3)sc4CCCc14,0.6,1,N,18.67,NC(=S)N,Clc1ccc(C=O)cc1,COC(=O)c1c(NC(=O)CC(=O)C)sc2CCCc12,
2793,COC(=O)c1c(NC(=O)C2=C(C)NC(=S)NC2c3ccc(cc3)C(=O)OC)sc4CCCc14,0.6,1,N,96.17,NC(=S)N,COC(=O)c1ccc(C=O)cc1,COC(=O)c1c(NC(=O)CC(=O)C)sc2CCCc12,
2794,COC(=O)c1c(NC(=O)C2=C(C)NC(=S)NC2c3ccc(cc3)[N+](=O)[O-])sc4CCCc14,0.6,1,N,47.67,NC(=S)N,[O-][N+](=O)c1ccc(C=O)cc1,COC(=O)c1c(NC(=O)CC(=O)C)sc2CCCc12,
2795,COC(=O)c1ccc(COc2ccc(cc2)C3NC(=O)NC(=C3C(=O)N4CCOCC4)C)cc1,0.6,1,N,0.0,NC(=O)N,COC(=O)c1ccc(COc2ccc(C=O)cc2)cc1,CC(=O)CC(=O)N1CCOCC1,
2796,COC(=O)c1ccc(COc2ccc(cc2)C3NC(=O)NC(=C3C(=O)c4ccc(Cl)cc4)C)cc1,0.6,0,N,0.0,NC(=O)N,COC(=O)c1ccc(COc2ccc(C=O)cc2)cc1,CC(=O)CC(=O)c1ccc(Cl)cc1,
2797,COC(=O)c1ccc(COc2ccc(cc2)C3NC(=S)N(C(=C3C(=O)N4CCOCC4)C)c5ccccc5)cc1,0.9,0,N,0.0,NC(=S)Nc1ccccc1,COC(=O)c1ccc(COc2ccc(C=O)cc2)cc1,CC(=O)CC(=O)N1CCOCC1,
2798,COC(=O)c1ccc(COc2ccc(cc2)C3NC(=S)NC(=C3C(=O)N4CCOCC4)C)cc1,0.6,1,N,58.33,NC(=S)N,COC(=O)c1ccc(COc2ccc(C=O)cc2)cc1,CC(=O)CC(=O)N1CCOCC1,C[Si](C)(C)Cl
2799,COC(=O)c1ccc(COc2ccc(cc2OC)C3NC(=O)NC(=C3C(=O)N4CCOCC4)C)cc1,0.6,0,N,0.0,NC(=O)N,COC(=O)c1ccc(COc2ccc(C=O)cc2OC)cc1,CC(=O)CC(=O)N1CCOCC1,
2800,COC(=O)c1ccc(COc2ccc(cc2OC)C3NC(=O)NC(=C3C(=O)N4CCOCC4)C)cc1,0.6,0,N,0.0,NC(=O)N,COC(=O)c1ccc(COc2ccc(C=O)cc2OC)cc1,CC(=O)CC(=O)N1CCOCC1,C[Si](C)(C)Cl
2801,COC(=O)c1ccc(COc2ccc(cc2OC)C3NC(=O)NC(=C3C(=O)c4ccc(Cl)cc4)C)cc1,0.6,0,N,0.0,NC(=O)N,COC(=O)c1ccc(COc2ccc(C=O)cc2OC)cc1,CC(=O)CC(=O)c1ccc(Cl)cc1,
2802,COC(=O)c1ccc(COc2ccc(cc2OC)C3NC(=O)NC(=C3C(=O)c4ccccc4)C)cc1,0.6,0,N,0.0,NC(=O)N,COC(=O)c1ccc(COc2ccc(C=O)cc2OC)cc1,CC(=O)CC(=O)c1ccccc1,
2803,COC(=O)c1ccc(COc2ccc(cc2OC)C3NC(=S)NC(=C3C(=O)OCC(C)C)C)cc1,0.9,1,N,30.44,NC(=S)N,COC(=O)c1ccc(COc2ccc(C=O)cc2OC)cc1,CC(C)COC(=O)CC(=O)C,
2804,COC(=O)c1ccc(cc1)C2N(C)C(=O)N(C)C(=C2C(=O)N3CCOCC3)C,0.6,0,N,0.0,CNC(=O)NC,COC(=O)c1ccc(C=O)cc1,CC(=O)CC(=O)N1CCOCC1,C[Si](C)(C)Cl
2805,COC(=O)c1ccc(cc1)C2N(C)C(=O)N(C)C(=C2C(=O)Nc3cc(C)on3)C,0.6,0,N,0.0,CNC(=O)NC,COC(=O)c1ccc(C=O)cc1,CC(=O)CC(=O)Nc1cc(C)on1,C[Si](C)(C)Cl
2806,COC(=O)c1ccc(cc1)C2NC(=O)N(C(=C2C(=O)Nc3ccccc3)C)c4ccccc4,0.6,1,N,15.0,NC(=O)Nc1ccccc1,COC(=O)c1ccc(C=O)cc1,CC(=O)CC(=O)Nc1ccccc1,C[Si](C)(C)Cl
2807,COC(=O)c1ccc(cc1)C2NC(=O)N(C(=C2C(=O)Nc3ccccc3)C)c4ccccc4,0.6,0,N,0.0,NC(=O)Nc1ccccc1,COC(=O)c1ccc(C=O)cc1,CC(=O)CC(=O)Nc1ccccc1,C[Si](C)(C)Cl
2808,COC(=O)c1ccc(cc1)C2NC(=O)N(C(=C2C(=O)Nc3ccccc3OC)C)c4ccccc4,0.6,0,N,0.0,NC(=O)Nc1ccccc1,COC(=O)c1ccc(C=O)cc1,COc1ccccc1NC(=O)CC(=O)C,C[Si](C)(C)Cl
2809,COC(=O)c1ccc(cc1)C2NC(=O)N(C(=C2C(=O)Nc3ccccc3OC)C)c4ccccc4,0.6,0,N,0.0,NC(=O)Nc1ccccc1,COC(=O)c1ccc(C=O)cc1,COc1ccccc1NC(=O)CC(=O)C,C[Si](C)(C)Cl
2810,COC(=O)c1ccc(cc1)C2NC(=O)N(C(=C2C(=O)Nc3ccccc3OC)C)c4ccccc4,0.6,0,N,0.0,NC(=O)Nc1ccccc1,COC(=O)c1ccc(C=O)cc1,COc1ccccc1NC(=O)CC(=O)C,C[Si](C)(C)Cl
2811,COC(=O)c1ccc(cc1)C2NC(=O)N(C(=C2C(=O)Nc3ccccc3OC)C)c4ccccc4,0.6,0,N,0.0,NC(=O)Nc1ccccc1,COC(=O)c1ccc(C=O)cc1,COc1ccccc1NC(=O)CC(=O)C,C[Si](C)(C)Cl
2812,COC(=O)c1ccc(cc1)C2NC(=O)N(C(=C2C(=O)OC(C)C)C)c3ccc(C#N)cc3,0.6,1,N,38.33,NC(=O)Nc1ccc(C#N)cc1,COC(=O)c1ccc(C=O)cc1,CC(C)OC(=O)CC(=O)C,C[Si](C)(C)Cl
2813,COC(=O)c1ccc(cc1)C2NC(=O)N(C(=C2C(=O)OC(C)C)C)c3ccc4OCOc4c3,0.6,1,N,1.83,NC(=O)Nc1ccc2OCOc2c1,COC(=O)c1ccc(C=O)cc1,CC(C)OC(=O)CC(=O)C,C[Si](C)(C)Cl
2814,COC(=O)c1ccc(cc1)C2NC(=O)N(C(=C2C(=O)OC(C)C)C)c3ccc4OCOc4c3,0.6,0,N,0.0,NC(=O)Nc1ccc2OCOc2c1,COC(=O)c1ccc(C=O)cc1,CC(C)OC(=O)CC(=O)C,C[Si](C)(C)Cl
2815,COC(=O)c1ccc(cc1)C2NC(=O)N(C(C)C)C(=C2C(=O)N3CCOCC3)C,0.6,0,N,0.0,CC(C)NC(=O)N,COC(=O)c1ccc(C=O)cc1,CC(=O)CC(=O)N1CCOCC1,C[Si](C)(C)Cl
2816,COC(=O)c1ccc(cc1)C2NC(=O)N(C(C)C)C(=C2C(=O)N3CCOCC3)C,0.6,0,N,0.0,CC(C)NC(=O)N,COC(=O)c1ccc(C=O)cc1,CC(=O)CC(=O)N1CCOCC1,C[Si](C)(C)Cl
2817,COC(=O)c1ccc(cc1)C2NC(=O)N(C(C)C)C(=C2C(=O)N3CCOCC3)C,0.6,0,N,0.0,CC(C)NC(=O)N,COC(=O)c1ccc(C=O)cc1,CC(=O)CC(=O)N1CCOCC1,C[Si](C)(C)Cl
2818,COC(=O)c1ccc(cc1)C2NC(=O)N(C(C)C)C(=C2C(=O)N3CCOCC3)C,0.6,0,N,0.0,CC(C)NC(=O)N,COC(=O)c1ccc(C=O)cc1,CC(=O)CC(=O)N1CCOCC1,C[Si](C)(C)Cl
2819,COC(=O)c1ccc(cc1)C2NC(=O)N(C(C)C)C(=C2C(=O)N3CCOCC3)C,0.6,0,N,0.0,CC(C)NC(=O)N,COC(=O)c1ccc(C=O)cc1,CC(=O)CC(=O)N1CCOCC1,C[Si](C)(C)Cl
2820,COC(=O)c1ccc(cc1)C2NC(=O)N(C(C)C)C(=C2C(=O)N3CCOCC3)C,0.6,0,N,0.0,CC(C)NC(=O)N,COC(=O)c1ccc(C=O)cc1,CC(=O)CC(=O)N1CCOCC1,C[Si](C)(C)Cl
2821,COC(=O)c1ccc(cc1)C2NC(=O)N(C)C(=C2C(=O)N3CCOCC3)C,0.6,0,N,0.0,CNC(=O)N,COC(=O)c1ccc(C=O)cc1,CC(=O)CC(=O)N1CCOCC1,C[Si](C)(C)Cl
2822,COC(=O)c1ccc(cc1)C2NC(=O)N(C)C(=C2C(=O)Nc3ccccc3)C,0.6,0,N,0.0,CNC(=O)N,COC(=O)c1ccc(C=O)cc1,CC(=O)CC(=O)Nc1ccccc1,C[Si](C)(C)Cl
2823,COC(=O)c1ccc(cc1)C2NC(=O)N(C3CC3)C(=C2C(=O)N4CCOCC4)C,0.6,1,N,78.83,NC(=O)NC1CC1,COC(=O)c1ccc(C=O)cc1,CC(=O)CC(=O)N1CCOCC1,C[Si](C)(C)Cl
2824,COC(=O)c1ccc(cc1)C2NC(=O)N(C3CC3)C(=C2C(=O)Nc4ccc(F)c(F)c4)C,0.6,1,N,28.33,NC(=O)NC1CC1,COC(=O)c1ccc(C=O)cc1,CC(=O)CC(=O)Nc1ccc(F)c(F)c1,C[Si](C)(C)Cl
2825,COC(=O)c1ccc(cc1)C2NC(=O)N(CC(C)C)C(=C2C(=O)Nc3ccccc3OC)C,0.6,0,N,0.0,CC(C)CNC(=O)N,COC(=O)c1ccc(C=O)cc1,COc1ccccc1NC(=O)CC(=O)C,C[Si](C)(C)Cl
2826,COC(=O)c1ccc(cc1)C2NC(=O)N(CC(C)C)C(=C2C(=O)Nc3ccccc3OC)C,0.6,0,N,0.0,CC(C)CNC(=O)N,COC(=O)c1ccc(C=O)cc1,COc1ccccc1NC(=O)CC(=O)C,C[Si](C)(C)Cl
2827,COC(=O)c1ccc(cc1)C2NC(=O)N(CC=C)C(=C2C(=O)N3CCOCC3)C,0.6,1,N,20.67,NC(=O)NCC=C,COC(=O)c1ccc(C=O)cc1,CC(=O)CC(=O)N1CCOCC1,C[Si](C)(C)Cl
2828,COC(=O)c1ccc(cc1)C2NC(=O)N(CC=C)C(=C2C(=O)Nc3ccccc3OC)C,0.6,1,N,40.17,NC(=O)NCC=C,COC(=O)c1ccc(C=O)cc1,COc1ccccc1NC(=O)CC(=O)C,C[Si](C)(C)Cl
2829,COC(=O)c1ccc(cc1)C2NC(=O)N(CCC(C)C)C(=C2C(=O)N3CCOCC3)C,0.6,0,N,0.0,CC(C)CCNC(=O)N,COC(=O)c1ccc(C=O)cc1,CC(=O)CC(=O)N1CCOCC1,C[Si](C)(C)Cl
2830,COC(=O)c1ccc(cc1)C2NC(=O)N(CCC(C)C)C(=C2C(=O)N3CCOCC3)C,0.6,1,N,20.83,CC(C)CCNC(=O)N,COC(=O)c1ccc(C=O)cc1,CC(=O)CC(=O)N1CCOCC1,C[Si](C)(C)Cl
2831,COC(=O)c1ccc(cc1)C2NC(=O)NC(=C2C(=O)N(C)C)C,0.6,1,N,0.0,NC(=O)N,COC(=O)c1ccc(C=O)cc1,CN(C)C(=O)CC(=O)C,
2832,COC(=O)c1ccc(cc1)C2NC(=O)NC(=C2C(=O)N3CCOCC3)C,0.6,0,N,0.0,NC(=O)N,COC(=O)c1ccc(C=O)cc1,CC(=O)CC(=O)N1CCOCC1,C[Si](C)(C)Cl
2833,COC(=O)c1ccc(cc1)C2NC(=O)NC(=C2C(=O)N3CCOCC3)C,0.6,0,N,0.0,NC(=O)N,COC(=O)c1ccc(C=O)cc1,CC(=O)CC(=O)N1CCOCC1,C[Si](C)(C)Cl
2834,COC(=O)c1ccc(cc1)C2NC(=O)NC(=C2C(=O)N3CCOCC3)C,0.6,0,N,0.0,NC(=O)N,COC(=O)c1ccc(C=O)cc1,CC(=O)CC(=O)N1CCOCC1,C[Si](C)(C)Cl
2835,COC(=O)c1ccc(cc1)C2NC(=O)NC(=C2C(=O)N3CCOCC3)C,0.6,0,N,0.0,NC(=O)N,COC(=O)c1ccc(C=O)cc1,CC(=O)CC(=O)N1CCOCC1,C[Si](C)(C)Cl
2836,COC(=O)c1ccc(cc1)C2NC(=O)NC(=C2C(=O)N3CCOCC3)C,0.6,0,N,0.0,NC(=O)N,COC(=O)c1ccc(C=O)cc1,CC(=O)CC(=O)N1CCOCC1,C[Si](C)(C)Cl
2837,COC(=O)c1ccc(cc1)C2NC(=O)NC(=C2C(=O)N3CCOCC3)C,0.6,1,N,68.33,NC(=O)N,COC(=O)c1ccc(C=O)cc1,CC(=O)CC(=O)N1CCOCC1,C[Si](C)(C)Cl
2838,COC(=O)c1ccc(cc1)C2NC(=O)NC(=C2C(=O)Nc3cc(C)on3)C,0.6,0,N,0.0,NC(=O)N,COC(=O)c1ccc(C=O)cc1,CC(=O)CC(=O)Nc1cc(C)on1,C[Si](C)(C)Cl
2839,COC(=O)c1ccc(cc1)C2NC(=O)NC(=C2C(=O)Nc3ccc(Br)cc3)C,0.6,0,N,0.0,NC(=O)N,COC(=O)c1ccc(C=O)cc1,CC(=O)CC(=O)Nc1ccc(Br)cc1,
2840,COC(=O)c1ccc(cc1)C2NC(=O)NC(=C2C(=O)Nc3ccc(OC)cc3)C,0.6,1,N,0.0,NC(=O)N,COC(=O)c1ccc(C=O)cc1,COc1ccc(NC(=O)CC(=O)C)cc1,
2841,COC(=O)c1ccc(cc1)C2NC(=O)NC(=C2C(=O)Nc3ccc(cc3)[N+](=O)[O-])C,0.6,1,N,0.0,NC(=O)N,COC(=O)c1ccc(C=O)cc1,CC(=O)CC(=O)Nc1ccc(cc1)[N+](=O)[O-],
2842,COC(=O)c1ccc(cc1)C2NC(=O)NC(=C2C(=O)Nc3cccc(c3)C(F)(F)F)C,0.6,1,N,0.0,NC(=O)N,COC(=O)c1ccc(C=O)cc1,CC(=O)CC(=O)Nc1cccc(c1)C(F)(F)F,
2843,COC(=O)c1ccc(cc1)C2NC(=O)NC(=C2C(=O)Nc3ccccc3C(F)(F)F)C,0.6,1,N,0.0,NC(=O)N,COC(=O)c1ccc(C=O)cc1,CC(=O)CC(=O)Nc1ccccc1C(F)(F)F,
2844,COC(=O)c1ccc(cc1)C2NC(=O)NC(=C2C(=O)Nc3ccccc3OC)C,0.6,1,N,0.0,NC(=O)N,COC(=O)c1ccc(C=O)cc1,COc1ccccc1NC(=O)CC(=O)C,
2845,COC(=O)c1ccc(cc1)C2NC(=O)NC(=C2C(=O)OC(C)(C)C)C,0.6,0,N,0.0,NC(=O)N,COC(=O)c1ccc(C=O)cc1,CC(=O)CC(=O)OC(C)(C)C,
2846,COC(=O)c1ccc(cc1)C2NC(=O)NC(=C2C(=O)c3ccc(Cl)cc3)C,0.6,1,N,0.0,NC(=O)N,COC(=O)c1ccc(C=O)cc1,CC(=O)CC(=O)c1ccc(Cl)cc1,
2847,COC(=O)c1ccc(cc1)C2NC(=O)NC(=C2C(=O)c3ccccc3)C,0.6,1,N,0.0,NC(=O)N,COC(=O)c1ccc(C=O)cc1,CC(=O)CC(=O)c1ccccc1,
2848,COC(=O)c1ccc(cc1)C2NC(=S)N(C(=C2C(=O)N(C)C)C)c3ccc(OC)cc3,0.6,1,N,1.5,COc1ccc(NC(=S)N)cc1,COC(=O)c1ccc(C=O)cc1,CN(C)C(=O)CC(=O)C,C[Si](C)(C)Cl
2849,COC(=O)c1ccc(cc1)C2NC(=S)N(C(=C2C(=O)N3CCOCC3)C)c4ccc(F)c(Cl)c4,0.6,1,N,78.0,NC(=S)Nc1ccc(F)c(Cl)c1,COC(=O)c1ccc(C=O)cc1,CC(=O)CC(=O)N1CCOCC1,
2850,COC(=O)c1ccc(cc1)C2NC(=S)N(C)C(=C2C(=O)Nc3cc(C)on3)C,0.6,1,N,43.33,CNC(=S)N,COC(=O)c1ccc(C=O)cc1,CC(=O)CC(=O)Nc1cc(C)on1,C[Si](C)(C)Cl
2851,COC(=O)c1ccc(cc1)C2NC(=S)N(C3CC3)C(=C2C(=O)Nc4ccccc4)C,0.6,1,N,59.5,NC(=S)NC1CC1,COC(=O)c1ccc(C=O)cc1,CC(=O)CC(=O)Nc1ccccc1,C[Si](C)(C)Cl
2852,COC(=O)c1ccc(cc1)C2NC(=S)N(CC(C)C)C(=C2C(=O)Nc3cc(C)on3)C,0.6,1,N,30.0,CC(C)CNC(=S)N,COC(=O)c1ccc(C=O)cc1,CC(=O)CC(=O)Nc1cc(C)on1,C[Si](C)(C)Cl
2853,COC(=O)c1ccc(cc1)C2NC(=S)N(CC3CCCO3)C(=C2C(=O)Nc4ccccc4)C,0.6,0,N,0.0,NC(=S)NCC1CCCO1,COC(=O)c1ccc(C=O)cc1,CC(=O)CC(=O)Nc1ccccc1,C[Si](C)(C)Cl
2854,COC(=O)c1ccc(cc1)C2NC(=S)NC(=C2C(=O)C)c3ccc(C)cc3,0.6,0,N,0.0,NC(=S)N,COC(=O)c1ccc(C=O)cc1,CC(=O)CC(=O)c1ccc(C)cc1,C[Si](C)(C)Cl
2855,COC(=O)c1ccc(cc1)C2NC(=S)NC(=C2C(=O)C)c3ccccc3,0.6,0,N,0.0,NC(=S)N,COC(=O)c1ccc(C=O)cc1,CC(=O)CC(=O)c1ccccc1,C[Si](C)(C)Cl
2856,COC(=O)c1ccc(cc1)C2NC(=S)NC(=C2C(=O)N(C)C)C,0.6,0,N,0.0,NC(=S)N,COC(=O)c1ccc(C=O)cc1,CN(C)C(=O)CC(=O)C,C[Si](C)(C)Cl
2857,COC(=O)c1ccc(cc1)C2NC(=S)NC(=C2C(=O)OC(C)C)C,0.6,1,N,30.67,NC(=S)N,COC(=O)c1ccc(C=O)cc1,CC(C)OC(=O)CC(=O)C,C[Si](C)(C)Cl
2858,COC(=O)c1ccc(cc1)C2NC(=S)NC(=C2C(=O)OCC(C)C)C,0.6,0,N,0.0,NC(=S)N,COC(=O)c1ccc(C=O)cc1,CC(C)COC(=O)CC(=O)C,C[Si](C)(C)Cl
2859,COC(=O)c1ccc(cc1)C2NC(=S)NC(=C2C(=O)OCC(C)C)C,0.6,1,N,32.5,NC(=S)N,COC(=O)c1ccc(C=O)cc1,CC(C)COC(=O)CC(=O)C,C[Si](C)(C)Cl
2860,COC(=O)c1ccc(cc1)C2NC(=S)NC(=C2C(=O)OCC=C)C,0.6,1,N,25.83,NC(=S)N,COC(=O)c1ccc(C=O)cc1,CC(=O)CC(=O)OCC=C,C[Si](C)(C)Cl
2861,COC(=O)c1ccc(cc1)C2NC(=S)NC(=C2C(=O)OCC=C)C,0.6,0,N,0.0,NC(=S)N,COC(=O)c1ccc(C=O)cc1,CC(=O)CC(=O)OCC=C,C[Si](C)(C)Cl
2862,COC(=O)c1ccc(cc1)C2NC(=S)NC(=C2C(=O)c3ccccc3)C,0.6,1,N,0.0,NC(=S)N,COC(=O)c1ccc(C=O)cc1,CC(=O)CC(=O)c1ccccc1,
2863,COC(=O)c1ccccc1C2NC(=O)N(C3CC3)C(=C2C(=O)OC(C)C)C,0.6,1,N,32.5,NC(=O)NC1CC1,COC(=O)c1ccccc1C=O,CC(C)OC(=O)CC(=O)C,C[Si](C)(C)Cl
2864,COC(=O)c1ccccc1C2NC(=O)N(Cc3cccs3)C(=C2C(=O)OC(C)C)C,0.6,1,N,28.67,NC(=O)NCc1cccs1,COC(=O)c1ccccc1C=O,CC(C)OC(=O)CC(=O)C,C[Si](C)(C)Cl
2865,COC(=O)c1ccccc1C2NC(=S)N(C(=C2C(=O)Nc3cc(C)on3)C)c4ccc(OC)cc4,0.6,1,N,65.0,COc1ccc(NC(=S)N)cc1,COC(=O)c1ccccc1C=O,CC(=O)CC(=O)Nc1cc(C)on1,C[Si](C)(C)Cl
2866,COC(=O)c1ccccc1C2NC(=S)N(C(=C2C(=O)Nc3cc(C)on3)C)c4ccccc4,0.6,1,N,26.67,NC(=S)Nc1ccccc1,COC(=O)c1ccccc1C=O,CC(=O)CC(=O)Nc1cc(C)on1,C[Si](C)(C)Cl
2867,COC(=O)c1ccccc1C2NC(=S)N(C(=C2C(=O)Nc3cc(C)on3)C)c4ccccc4OC,0.6,1,N,42.5,COc1ccccc1NC(=S)N,COC(=O)c1ccccc1C=O,CC(=O)CC(=O)Nc1cc(C)on1,C[Si](C)(C)Cl
2868,COC(=O)c1ccccc1C2NC(=S)NC(=C2C(=O)Nc3ccc(C)cc3)C,0.6,1,N,53.33,NC(=S)N,COC(=O)c1ccccc1C=O,CC(=O)CC(=O)Nc1ccc(C)cc1,C[Si](C)(C)Cl
2869,COCC(C)N1C(=C(C(NC1=O)c2ccc(Cl)cc2)C(=O)N3CCOCC3)C,0.6,0,N,0.0,COCC(C)NC(=O)N,Clc1ccc(C=O)cc1,CC(=O)CC(=O)N1CCOCC1,C[Si](C)(C)Cl
2870,COCC(C)N1C(=C(C(NC1=O)c2ccc(Cl)cc2)C(=O)OC)C,0.6,0,N,0.0,COCC(C)NC(=O)N,Clc1ccc(C=O)cc1,COC(=O)CC(=O)C,C[Si](C)(C)Cl
2871,COCC(C)N1C(=C(C(NC1=O)c2ccc(Cl)cc2)C(=O)OC)C,0.6,0,N,0.0,COCC(C)NC(=O)N,Clc1ccc(C=O)cc1,COC(=O)CC(=O)C,C[Si](C)(C)Cl
2872,COCC(C)N1C(=C(C(NC1=O)c2ccc(cc2)C(=O)OC)C(=O)N3CCOCC3)C,0.6,0,N,0.0,COCC(C)NC(=O)N,COC(=O)c1ccc(C=O)cc1,CC(=O)CC(=O)N1CCOCC1,C[Si](C)(C)Cl
2873,COCC(C)N1C(=C(C(NC1=O)c2ccc(cc2)C(=O)OC)C(=O)N3CCOCC3)C,0.6,0,N,0.0,COCC(C)NC(=O)N,COC(=O)c1ccc(C=O)cc1,CC(=O)CC(=O)N1CCOCC1,C[Si](C)(C)Cl
2874,COCC(C)N1C(=C(C(NC1=O)c2ccc(cc2)C(=O)OC)C(=O)N3CCOCC3)C,0.6,0,N,0.0,COCC(C)NC(=O)N,COC(=O)c1ccc(C=O)cc1,CC(=O)CC(=O)N1CCOCC1,C[Si](C)(C)Cl
2875,COCC(C)N1C(=C(C(NC1=O)c2ccc(cc2)C(=O)OC)C(=O)Nc3ccc(Cl)cc3)C,0.6,0,N,0.0,COCC(C)NC(=O)N,COC(=O)c1ccc(C=O)cc1,CC(=O)CC(=O)Nc1ccc(Cl)cc1,C[Si](C)(C)Cl
2876,COCC(C)N1C(=C(C(NC1=O)c2ccc(cc2)C(=O)OC)C(=O)Nc3ccc(Cl)cc3)C,0.6,0,N,0.0,COCC(C)NC(=O)N,COC(=O)c1ccc(C=O)cc1,CC(=O)CC(=O)Nc1ccc(Cl)cc1,C[Si](C)(C)Cl
2877,COCC(C)N1C(=C(C(NC1=O)c2ccc(cc2)C(=O)OC)C(=O)Nc3ccccc3C)C,0.6,0,N,0.0,COCC(C)NC(=O)N,COC(=O)c1ccc(C=O)cc1,CC(=O)CC(=O)Nc1ccccc1C,C[Si](C)(C)Cl
2878,COCC(C)N1C(=C(C(NC1=O)c2ccc(cc2)C(=O)OC)C(=O)Nc3ccccc3C)C,0.6,0,N,0.0,COCC(C)NC(=O)N,COC(=O)c1ccc(C=O)cc1,CC(=O)CC(=O)Nc1ccccc1C,C[Si](C)(C)Cl
2879,COCC(C)N1C(=C(C(NC1=O)c2ccc(cc2)C(=O)OC)C(=O)Nc3ccccc3OC)C,0.6,0,N,0.0,COCC(C)NC(=O)N,COC(=O)c1ccc(C=O)cc1,COc1ccccc1NC(=O)CC(=O)C,C[Si](C)(C)Cl
2880,COCC(C)N1C(=C(C(NC1=O)c2ccc(cc2)C(=O)OC)C(=O)OC)C,0.6,0,N,0.0,COCC(C)NC(=O)N,COC(=O)c1ccc(C=O)cc1,COC(=O)CC(=O)C,C[Si](C)(C)Cl
2881,COCC(C)N1C(=C(C(NC1=O)c2ccc(cc2)C(=O)OC)C(=O)OC)C,0.6,0,N,0.0,COCC(C)NC(=O)N,COC(=O)c1ccc(C=O)cc1,COC(=O)CC(=O)C,C[Si](C)(C)Cl
2882,COCC(C)N1C(=C(C(NC1=O)c2ccc(cc2)c3ccccc3)C(=O)N4CCOCC4)C,0.6,0,N,0.0,COCC(C)NC(=O)N,O=Cc1ccc(cc1)c2ccccc2,CC(=O)CC(=O)N1CCOCC1,C[Si](C)(C)Cl
2883,COCC(C)N1C(=C(C(NC1=O)c2ccc(cc2)c3ccccc3)C(=O)N4CCOCC4)C,0.6,0,N,0.0,COCC(C)NC(=O)N,O=Cc1ccc(cc1)c2ccccc2,CC(=O)CC(=O)N1CCOCC1,C[Si](C)(C)Cl
2884,COCC(C)N1C(=C(C(NC1=O)c2ccc3ccccc3c2)C(=O)Nc4ccccc4C)C,0.6,0,N,0.0,COCC(C)NC(=O)N,O=Cc1ccc2ccccc2c1,CC(=O)CC(=O)Nc1ccccc1C,C[Si](C)(C)Cl
2885,COCC(C)N1C(=C(C(NC1=O)c2ccc3ccccc3c2)C(=O)Nc4ccccc4C)C,0.6,0,N,0.0,COCC(C)NC(=O)N,O=Cc1ccc2ccccc2c1,CC(=O)CC(=O)Nc1ccccc1C,C[Si](C)(C)Cl
2886,COCC(C)N1C(=C(C(NC1=O)c2ccc3ccccc3c2)C(=O)Nc4ccccc4OC)C,0.6,0,N,0.0,COCC(C)NC(=O)N,O=Cc1ccc2ccccc2c1,COc1ccccc1NC(=O)CC(=O)C,C[Si](C)(C)Cl
2887,COCC(C)N1C(=C(C(NC1=O)c2ccc3ccccc3c2)C(=O)Nc4ccccc4OC)C,0.6,0,N,0.0,COCC(C)NC(=O)N,O=Cc1ccc2ccccc2c1,COc1ccccc1NC(=O)CC(=O)C,C[Si](C)(C)Cl
2888,COCC(C)N1C(=C(C(NC1=O)c2ccc3ccccc3c2)C(=O)Nc4ccccc4OC)C,0.6,0,N,0.0,COCC(C)NC(=O)N,O=Cc1ccc2ccccc2c1,COc1ccccc1NC(=O)CC(=O)C,C[Si](C)(C)Cl
2889,COCC(C)N1C(=C(C(NC1=O)c2ccccc2C(F)(F)F)C(=O)N3CCOCC3)C,0.6,0,N,0.0,COCC(C)NC(=O)N,FC(F)(F)c1ccccc1C=O,CC(=O)CC(=O)N1CCOCC1,C[Si](C)(C)Cl
2890,COCC(C)N1C(=C(C(NC1=O)c2ccccc2C(F)(F)F)C(=O)N3CCOCC3)C,0.6,0,N,0.0,COCC(C)NC(=O)N,FC(F)(F)c1ccccc1C=O,CC(=O)CC(=O)N1CCOCC1,C[Si](C)(C)Cl
2891,COCC(C)N1C(=C(C(NC1=O)c2ccccc2C(F)(F)F)C(=O)N3CCOCC3)C,0.6,0,N,0.0,COCC(C)NC(=O)N,FC(F)(F)c1ccccc1C=O,CC(=O)CC(=O)N1CCOCC1,C[Si](C)(C)Cl
2892,COCC(C)N1C(=C(C(NC1=O)c2ccccc2C(F)(F)F)C(=O)N3CCOCC3)C,0.6,0,N,0.0,COCC(C)NC(=O)N,FC(F)(F)c1ccccc1C=O,CC(=O)CC(=O)N1CCOCC1,C[Si](C)(C)Cl
2893,COCC(C)N1C(=C(C(NC1=O)c2ccccc2C(F)(F)F)C(=O)Nc3ccccc3OC)C,0.6,1,N,8.83,COCC(C)NC(=O)N,FC(F)(F)c1ccccc1C=O,COc1ccccc1NC(=O)CC(=O)C,C[Si](C)(C)Cl
2894,COCC(C)N1C(=C(C(NC1=O)c2ccccc2Cl)C(=O)N3CCOCC3)C,0.6,0,N,0.0,COCC(C)NC(=O)N,Clc1ccccc1C=O,CC(=O)CC(=O)N1CCOCC1,C[Si](C)(C)Cl
2895,COCC(C)N1C(=C(C(NC1=O)c2ccccc2Cl)C(=O)N3CCOCC3)C,0.6,0,N,0.0,COCC(C)NC(=O)N,Clc1ccccc1C=O,CC(=O)CC(=O)N1CCOCC1,C[Si](C)(C)Cl
2896,COCC(C)N1C(=C(C(NC1=O)c2ccccc2OC(F)F)C(=O)Nc3ccccc3OC)C,0.6,0,N,0.0,COCC(C)NC(=O)N,FC(F)Oc1ccccc1C=O,COc1ccccc1NC(=O)CC(=O)C,C[Si](C)(C)Cl
2897,COCC(C)N1C(=C(C(NC1=O)c2ccccc2OC(F)F)C(=O)Nc3ccccc3OC)C,0.6,0,N,0.0,COCC(C)NC(=O)N,FC(F)Oc1ccccc1C=O,COc1ccccc1NC(=O)CC(=O)C,C[Si](C)(C)Cl
2898,COCC(C)N1C(=C(C(NC1=S)c2c(F)cccc2F)C(=O)Nc3cc(C)on3)C,0.6,0,N,0.0,COCC(C)NC(=S)N,Fc1cccc(F)c1C=O,CC(=O)CC(=O)Nc1cc(C)on1,C[Si](C)(C)Cl
2899,COCC(C)N1C(=C(C(NC1=S)c2ccc(Cl)c(Cl)c2)C(=O)Nc3cc(C)on3)C,0.6,0,N,0.0,COCC(C)NC(=S)N,Clc1ccc(C=O)cc1Cl,CC(=O)CC(=O)Nc1cc(C)on1,C[Si](C)(C)Cl
2900,COCC(C)N1C(=C(C(NC1=S)c2ccc(Cl)c(Cl)c2)C(=O)Nc3cc(C)on3)C,0.6,0,N,0.0,COCC(C)NC(=S)N,Clc1ccc(C=O)cc1Cl,CC(=O)CC(=O)Nc1cc(C)on1,C[Si](C)(C)Cl
2901,COCC(C)N1C(=C(C(NC1=S)c2ccc(Cl)c(c2)[N+](=O)[O-])C(=O)Nc3cc(C)on3)C,0.6,0,N,0.0,COCC(C)NC(=S)N,[O-][N+](=O)c1cc(C=O)ccc1Cl,CC(=O)CC(=O)Nc1cc(C)on1,C[Si](C)(C)Cl
2902,COCC(C)N1C(=C(C(NC1=S)c2ccc(Cl)cc2)C(=O)Nc3cc(C)on3)C,0.6,0,N,0.0,COCC(C)NC(=S)N,Clc1ccc(C=O)cc1,CC(=O)CC(=O)Nc1cc(C)on1,C[Si](C)(C)Cl
2903,COCC(C)N1C(=C(C(NC1=S)c2ccc(Cl)cc2)C(=O)Nc3cc(C)on3)C,0.6,0,N,0.0,COCC(C)NC(=S)N,Clc1ccc(C=O)cc1,CC(=O)CC(=O)Nc1cc(C)on1,C[Si](C)(C)Cl
2904,COCC(C)N1C(=C(C(NC1=S)c2ccc(F)cc2)C(=O)OC)C,0.6,0,N,0.0,COCC(C)NC(=S)N,Fc1ccc(C=O)cc1,COC(=O)CC(=O)C,
2905,COCC(C)N1C(=C(C(NC1=S)c2ccc(F)cc2F)C(=O)Nc3cc(C)on3)C,0.6,0,N,0.0,COCC(C)NC(=S)N,Fc1ccc(C=O)c(F)c1,CC(=O)CC(=O)Nc1cc(C)on1,C[Si](C)(C)Cl
2906,COCC(C)N1C(=C(C(NC1=S)c2ccc(cc2)C(=O)OC)C(=O)OC)C,0.6,0,N,0.0,COCC(C)NC(=S)N,COC(=O)c1ccc(C=O)cc1,COC(=O)CC(=O)C,C[Si](C)(C)Cl
2907,COCC(C)N1C(=C(C(NC1=S)c2ccc(cc2)[N+](=O)[O-])C(=O)Nc3cc(C)on3)C,0.6,0,N,0.0,COCC(C)NC(=S)N,[O-][N+](=O)c1ccc(C=O)cc1,CC(=O)CC(=O)Nc1cc(C)on1,C[Si](C)(C)Cl
2908,COCC(C)N1C(=C(C(NC1=S)c2cccc(Br)c2)C(=O)Nc3cc(C)on3)C,0.6,0,N,0.0,COCC(C)NC(=S)N,Brc1cccc(C=O)c1,CC(=O)CC(=O)Nc1cc(C)on1,C[Si](C)(C)Cl
2909,COCC(C)N1C(=C(C(NC1=S)c2cccc(Br)c2)C(=O)OC)C,0.6,0,N,0.0,COCC(C)NC(=S)N,Brc1cccc(C=O)c1,COC(=O)CC(=O)C,C[Si](C)(C)Cl
2910,COCC(C)N1C(=C(C(NC1=S)c2cccc(Cl)c2Cl)C(=O)Nc3cc(C)on3)C,0.6,0,N,0.0,COCC(C)NC(=S)N,Clc1cccc(C=O)c1Cl,CC(=O)CC(=O)Nc1cc(C)on1,C[Si](C)(C)Cl
2911,COCC(C)N1C(=C(C(NC1=S)c2cccc(F)c2)C(=O)Nc3cc(C)on3)C,0.6,0,N,0.0,COCC(C)NC(=S)N,Fc1cccc(C=O)c1,CC(=O)CC(=O)Nc1cc(C)on1,C[Si](C)(C)Cl
2912,COCC(C)N1C(=C(C(NC1=S)c2cccc(c2)C(F)(F)F)C(=O)Nc3cc(C)on3)C,0.6,0,N,0.0,COCC(C)NC(=S)N,FC(F)(F)c1cccc(C=O)c1,CC(=O)CC(=O)Nc1cc(C)on1,C[Si](C)(C)Cl
2913,COCC(C)N1C(=C(C(NC1=S)c2ccccc2)C(=O)Nc3cc(C)on3)C,0.6,0,N,0.0,COCC(C)NC(=S)N,O=Cc1ccccc1,CC(=O)CC(=O)Nc1cc(C)on1,C[Si](C)(C)Cl
2914,COCC(C)N1C(=C(C(NC1=S)c2ccccc2F)C(=O)Nc3cc(C)on3)C,0.6,0,N,0.0,COCC(C)NC(=S)N,Fc1ccccc1C=O,CC(=O)CC(=O)Nc1cc(C)on1,C[Si](C)(C)Cl
2915,COCC(C)N1C(=C(C(NC1=S)c2ccccc2OC(F)F)C(=O)OC)C,0.6,0,N,0.0,COCC(C)NC(=S)N,FC(F)Oc1ccccc1C=O,COC(=O)CC(=O)C,C[Si](C)(C)Cl
2916,COCC(C)N1C(=C(C(NC1=S)c2cccs2)C(=O)OC)C,0.6,0,N,0.0,COCC(C)NC(=S)N,O=Cc1cccs1,COC(=O)CC(=O)C,C[Si](C)(C)Cl
2917,COCCN1C(=C(C(NC1=O)c2c(F)cccc2Cl)C(=O)OC)C,0.6,1,N,62.67,COCCNC(=O)N,Fc1cccc(Cl)c1C=O,COC(=O)CC(=O)C,C[Si](C)(C)Cl
2918,COCCN1C(=C(C(NC1=O)c2c(F)cccc2F)C(=O)Nc3cc(C)on3)C,0.6,0,N,0.0,COCCNC(=O)N,Fc1cccc(F)c1C=O,CC(=O)CC(=O)Nc1cc(C)on1,C[Si](C)(C)Cl
2919,COCCN1C(=C(C(NC1=O)c2c(F)cccc2F)C(=O)Nc3cc(C)on3)C,0.6,0,N,0.0,COCCNC(=O)N,Fc1cccc(F)c1C=O,CC(=O)CC(=O)Nc1cc(C)on1,C[Si](C)(C)Cl
2920,COCCN1C(=C(C(NC1=O)c2c(F)cccc2F)C(=O)Nc3cc(C)on3)C,0.6,0,N,0.0,COCCNC(=O)N,Fc1cccc(F)c1C=O,CC(=O)CC(=O)Nc1cc(C)on1,C[Si](C)(C)Cl
2921,COCCN1C(=C(C(NC1=O)c2c(F)cccc2F)C(=O)OC)C,0.6,1,N,8.17,COCCNC(=O)N,Fc1cccc(F)c1C=O,COC(=O)CC(=O)C,C[Si](C)(C)Cl
2922,COCCN1C(=C(C(NC1=O)c2c(F)cccc2F)C(=O)OC)C,0.6,1,N,2.17,COCCNC(=O)N,Fc1cccc(F)c1C=O,COC(=O)CC(=O)C,C[Si](C)(C)Cl
2923,COCCN1C(=C(C(NC1=O)c2cc(Br)ccc2F)C(=O)OC)C,0.6,1,N,36.17,COCCNC(=O)N,Fc1ccc(Br)cc1C=O,COC(=O)CC(=O)C,C[Si](C)(C)Cl
2924,COCCN1C(=C(C(NC1=O)c2cc(Br)ccc2OC)C(=O)Nc3cc(C)on3)C,0.6,0,N,0.0,COCCNC(=O)N,COc1ccc(Br)cc1C=O,CC(=O)CC(=O)Nc1cc(C)on1,C[Si](C)(C)Cl
2925,COCCN1C(=C(C(NC1=O)c2cc(Br)ccc2OC)C(=O)Nc3ccccc3)C,0.6,0,N,0.0,COCCNC(=O)N,COc1ccc(Br)cc1C=O,CC(=O)CC(=O)Nc1ccccc1,C[Si](C)(C)Cl
2926,COCCN1C(=C(C(NC1=O)c2cc(Br)ccc2OC)C(=O)OC)C,0.6,1,N,19.83,COCCNC(=O)N,COc1ccc(Br)cc1C=O,COC(=O)CC(=O)C,C[Si](C)(C)Cl
2927,COCCN1C(=C(C(NC1=O)c2cc(Br)cs2)C(=O)OC)C,0.6,1,N,58.83,COCCNC(=O)N,Brc1csc(C=O)c1,COC(=O)CC(=O)C,C[Si](C)(C)Cl
2928,COCCN1C(=C(C(NC1=O)c2cc(OC)c(OC)c(OC)c2)C(=O)OC)C,0.6,1,N,4.5,COCCNC(=O)N,COc1cc(C=O)cc(OC)c1OC,COC(=O)CC(=O)C,C[Si](C)(C)Cl
2929,COCCN1C(=C(C(NC1=O)c2cc(OC)c(OC)c(OC)c2)C(=O)OC)C,0.6,0,N,0.0,COCCNC(=O)N,COc1cc(C=O)cc(OC)c1OC,COC(=O)CC(=O)C,C[Si](C)(C)Cl
2930,COCCN1C(=C(C(NC1=O)c2ccc(Br)cc2)C(=O)OC)C,0.6,1,N,16.17,COCCNC(=O)N,Brc1ccc(C=O)cc1,COC(=O)CC(=O)C,C[Si](C)(C)Cl
2931,COCCN1C(=C(C(NC1=O)c2ccc(Br)cc2F)C(=O)OC)C,0.6,1,N,49.5,COCCNC(=O)N,Fc1cc(Br)ccc1C=O,COC(=O)CC(=O)C,C[Si](C)(C)Cl
2932,COCCN1C(=C(C(NC1=O)c2ccc(Br)s2)C(=O)OC)C,0.6,0,N,0.0,COCCNC(=O)N,Brc1ccc(C=O)s1,COC(=O)CC(=O)C,C[Si](C)(C)Cl
2933,COCCN1C(=C(C(NC1=O)c2ccc(C#N)cc2)C(=O)Nc3cccc(c3)C(F)(F)F)C,0.6,1,N,5.67,COCCNC(=O)N,O=Cc1ccc(C#N)cc1,CC(=O)CC(=O)Nc1cccc(c1)C(F)(F)F,C[Si](C)(C)Cl
2934,COCCN1C(=C(C(NC1=O)c2ccc(C)cc2)C(=O)OC)C,0.6,1,N,17.33,COCCNC(=O)N,Cc1ccc(C=O)cc1,COC(=O)CC(=O)C,C[Si](C)(C)Cl
2935,COCCN1C(=C(C(NC1=O)c2ccc(C)cc2C)C(=O)OC)C,0.6,1,N,42.33,COCCNC(=O)N,Cc1ccc(C=O)c(C)c1,COC(=O)CC(=O)C,C[Si](C)(C)Cl
2936,COCCN1C(=C(C(NC1=O)c2ccc(C)s2)C(=O)OC)C,0.6,0,N,0.0,COCCNC(=O)N,Cc1ccc(C=O)s1,COC(=O)CC(=O)C,C[Si](C)(C)Cl
2937,COCCN1C(=C(C(NC1=O)c2ccc(Cl)c(Cl)c2)C(=O)Nc3cc(C)on3)C,0.6,1,N,5.83,COCCNC(=O)N,Clc1ccc(C=O)cc1Cl,CC(=O)CC(=O)Nc1cc(C)on1,C[Si](C)(C)Cl
2938,COCCN1C(=C(C(NC1=O)c2ccc(Cl)c(Cl)c2)C(=O)Nc3cc(C)on3)C,0.6,0,N,0.0,COCCNC(=O)N,Clc1ccc(C=O)cc1Cl,CC(=O)CC(=O)Nc1cc(C)on1,C[Si](C)(C)Cl
2939,COCCN1C(=C(C(NC1=O)c2ccc(Cl)c(Cl)c2)C(=O)Nc3cc(C)on3)C,0.6,1,N,19.17,COCCNC(=O)N,Clc1ccc(C=O)cc1Cl,CC(=O)CC(=O)Nc1cc(C)on1,C[Si](C)(C)Cl
2940,COCCN1C(=C(C(NC1=O)c2ccc(Cl)cc2)C(=O)N3CCOCC3)C,0.6,0,N,0.0,COCCNC(=O)N,Clc1ccc(C=O)cc1,CC(=O)CC(=O)N1CCOCC1,C[Si](C)(C)Cl
2941,COCCN1C(=C(C(NC1=O)c2ccc(Cl)cc2)C(=O)Nc3ccc(F)c(F)c3)C,0.6,1,N,18.33,COCCNC(=O)N,Clc1ccc(C=O)cc1,CC(=O)CC(=O)Nc1ccc(F)c(F)c1,C[Si](C)(C)Cl
2942,COCCN1C(=C(C(NC1=O)c2ccc(Cl)cc2)C(=O)OC)C,0.6,0,N,0.0,COCCNC(=O)N,Clc1ccc(C=O)cc1,COC(=O)CC(=O)C,C[Si](C)(C)Cl
2943,COCCN1C(=C(C(NC1=O)c2ccc(Cl)cc2)C(=O)OC)C,0.6,1,N,48.33,COCCNC(=O)N,Clc1ccc(C=O)cc1,COC(=O)CC(=O)C,C[Si](C)(C)Cl
2944,COCCN1C(=C(C(NC1=O)c2ccc(Cl)cc2Cl)C(=O)OC)C,0.6,1,N,64.0,COCCNC(=O)N,Clc1ccc(C=O)c(Cl)c1,COC(=O)CC(=O)C,C[Si](C)(C)Cl
2945,COCCN1C(=C(C(NC1=O)c2ccc(F)c(Br)c2)C(=O)Nc3cc(C)on3)C,0.6,1,N,10.0,COCCNC(=O)N,Fc1ccc(C=O)cc1Br,CC(=O)CC(=O)Nc1cc(C)on1,C[Si](C)(C)Cl
2946,COCCN1C(=C(C(NC1=O)c2ccc(F)c(Br)c2)C(=O)Nc3cc(C)on3)C,0.6,1,N,8.5,COCCNC(=O)N,Fc1ccc(C=O)cc1Br,CC(=O)CC(=O)Nc1cc(C)on1,C[Si](C)(C)Cl
2947,COCCN1C(=C(C(NC1=O)c2ccc(F)c(Br)c2)C(=O)OC)C,0.6,1,N,60.33,COCCNC(=O)N,Fc1ccc(C=O)cc1Br,COC(=O)CC(=O)C,C[Si](C)(C)Cl
2948,COCCN1C(=C(C(NC1=O)c2ccc(F)c(F)c2)C(=O)N3CCOCC3)C,0.6,0,N,0.0,COCCNC(=O)N,Fc1ccc(C=O)cc1F,CC(=O)CC(=O)N1CCOCC1,C[Si](C)(C)Cl
2949,COCCN1C(=C(C(NC1=O)c2ccc(F)c(F)c2)C(=O)OC)C,0.6,1,N,31.17,COCCNC(=O)N,Fc1ccc(C=O)cc1F,COC(=O)CC(=O)C,C[Si](C)(C)Cl
2950,COCCN1C(=C(C(NC1=O)c2ccc(F)cc2)C(=O)Nc3ccccc3)C,0.6,1,N,27.0,COCCNC(=O)N,Fc1ccc(C=O)cc1,CC(=O)CC(=O)Nc1ccccc1,C[Si](C)(C)Cl
2951,COCCN1C(=C(C(NC1=O)c2ccc(F)cc2)C(=O)OC)C,0.6,1,N,64.33,COCCNC(=O)N,Fc1ccc(C=O)cc1,COC(=O)CC(=O)C,C[Si](C)(C)Cl
2952,COCCN1C(=C(C(NC1=O)c2ccc(F)cc2F)C(=O)Nc3cc(C)on3)C,0.6,1,N,3.0,COCCNC(=O)N,Fc1ccc(C=O)c(F)c1,CC(=O)CC(=O)Nc1cc(C)on1,C[Si](C)(C)Cl
2953,COCCN1C(=C(C(NC1=O)c2ccc(F)cc2F)C(=O)Nc3cc(C)on3)C,0.6,0,N,0.0,COCCNC(=O)N,Fc1ccc(C=O)c(F)c1,CC(=O)CC(=O)Nc1cc(C)on1,C[Si](C)(C)Cl
2954,COCCN1C(=C(C(NC1=O)c2ccc(F)cc2F)C(=O)Nc3cc(C)on3)C,0.6,0,N,0.0,COCCNC(=O)N,Fc1ccc(C=O)c(F)c1,CC(=O)CC(=O)Nc1cc(C)on1,C[Si](C)(C)Cl
2955,COCCN1C(=C(C(NC1=O)c2ccc(F)cc2F)C(=O)OC)C,0.6,1,N,64.5,COCCNC(=O)N,Fc1ccc(C=O)c(F)c1,COC(=O)CC(=O)C,C[Si](C)(C)Cl
2956,COCCN1C(=C(C(NC1=O)c2ccc(OC(F)F)c(OC)c2)C(=O)Nc3cc(C)on3)C,0.6,0,N,0.0,COCCNC(=O)N,COc1cc(C=O)ccc1OC(F)F,CC(=O)CC(=O)Nc1cc(C)on1,C[Si](C)(C)Cl
2957,COCCN1C(=C(C(NC1=O)c2ccc(OC(F)F)c(OC)c2)C(=O)OC)C,0.6,1,N,48.67,COCCNC(=O)N,COc1cc(C=O)ccc1OC(F)F,COC(=O)CC(=O)C,C[Si](C)(C)Cl
2958,COCCN1C(=C(C(NC1=O)c2ccc(OC(F)F)cc2)C(=O)OC)C,0.6,1,N,6.83,COCCNC(=O)N,FC(F)Oc1ccc(C=O)cc1,COC(=O)CC(=O)C,C[Si](C)(C)Cl
2959,COCCN1C(=C(C(NC1=O)c2ccc(OC)cc2)C(=O)OC)C,0.6,0,N,0.0,COCCNC(=O)N,COc1ccc(C=O)cc1,COC(=O)CC(=O)C,C[Si](C)(C)Cl
2960,COCCN1C(=C(C(NC1=O)c2ccc(OCc3ccc(cc3)C(=O)OC)cc2)C(=O)OC)C,0.6,0,N,0.0,COCCNC(=O)N,COC(=O)c1ccc(COc2ccc(C=O)cc2)cc1,COC(=O)CC(=O)C,C[Si](C)(C)Cl
2961,COCCN1C(=C(C(NC1=O)c2ccc(SC)cc2)C(=O)OC)C,0.6,0,N,0.0,COCCNC(=O)N,CSc1ccc(C=O)cc1,COC(=O)CC(=O)C,C[Si](C)(C)Cl
2962,COCCN1C(=C(C(NC1=O)c2ccc(c(F)c2)n3cncn3)C(=O)Nc4ccc(F)c(F)c4)C,0.6,1,N,40.0,COCCNC(=O)N,Fc1cc(C=O)ccc1n2cncn2,CC(=O)CC(=O)Nc1ccc(F)c(F)c1,C[Si](C)(C)Cl
2963,COCCN1C(=C(C(NC1=O)c2ccc(cc2)C(=O)OC)C(=O)OC)C,0.6,1,N,82.67,COCCNC(=O)N,COC(=O)c1ccc(C=O)cc1,COC(=O)CC(=O)C,C[Si](C)(C)Cl
2964,COCCN1C(=C(C(NC1=O)c2ccc(cc2)C(C)(C)C)C(=O)Nc3cc(C)on3)C,0.6,0,N,0.0,COCCNC(=O)N,CC(C)(C)c1ccc(C=O)cc1,CC(=O)CC(=O)Nc1cc(C)on1,C[Si](C)(C)Cl
2965,COCCN1C(=C(C(NC1=O)c2ccc(cc2)C(C)C)C(=O)OC)C,0.6,1,N,43.33,COCCNC(=O)N,CC(C)c1ccc(C=O)cc1,COC(=O)CC(=O)C,C[Si](C)(C)Cl
2966,COCCN1C(=C(C(NC1=O)c2ccc(cc2)[N+](=O)[O-])C(=O)OC)C,0.6,1,N,30.17,COCCNC(=O)N,[O-][N+](=O)c1ccc(C=O)cc1,COC(=O)CC(=O)C,C[Si](C)(C)Cl
2967,COCCN1C(=C(C(NC1=O)c2ccc(s2)c3ccccc3Cl)C(=O)OC)C,0.6,1,N,31.0,COCCNC(=O)N,Clc1ccccc1c2ccc(C=O)s2,COC(=O)CC(=O)C,C[Si](C)(C)Cl
2968,COCCN1C(=C(C(NC1=O)c2ccc(s2)c3ccccc3Cl)C(=O)OC)C,0.6,0,N,0.0,COCCNC(=O)N,Clc1ccccc1c2ccc(C=O)s2,COC(=O)CC(=O)C,C[Si](C)(C)Cl
2969,COCCN1C(=C(C(NC1=O)c2ccc3OCCc3c2)C(=O)OC)C,0.6,0,N,0.0,COCCNC(=O)N,O=Cc1ccc2OCCc2c1,COC(=O)CC(=O)C,C[Si](C)(C)Cl
2970,COCCN1C(=C(C(NC1=O)c2cccc(Br)c2)C(=O)Nc3cc(C)on3)C,0.6,0,N,0.0,COCCNC(=O)N,Brc1cccc(C=O)c1,CC(=O)CC(=O)Nc1cc(C)on1,C[Si](C)(C)Cl
2971,COCCN1C(=C(C(NC1=O)c2cccc(Br)c2)C(=O)OC)C,0.6,1,N,2.33,COCCNC(=O)N,Brc1cccc(C=O)c1,COC(=O)CC(=O)C,C[Si](C)(C)Cl
2972,COCCN1C(=C(C(NC1=O)c2cccc(C#N)c2)C(=O)Nc3cccc(c3)C(F)(F)F)C,0.6,0,N,0.0,COCCNC(=O)N,O=Cc1cccc(C#N)c1,CC(=O)CC(=O)Nc1cccc(c1)C(F)(F)F,C[Si](C)(C)Cl
2973,COCCN1C(=C(C(NC1=O)c2cccc(C#N)c2)C(=O)OC)C,0.6,1,N,31.0,COCCNC(=O)N,O=Cc1cccc(C#N)c1,COC(=O)CC(=O)C,C[Si](C)(C)Cl
2974,COCCN1C(=C(C(NC1=O)c2cccc(C)c2)C(=O)OC)C,0.6,1,N,11.67,COCCNC(=O)N,Cc1cccc(C=O)c1,COC(=O)CC(=O)C,C[Si](C)(C)Cl
2975,COCCN1C(=C(C(NC1=O)c2cccc(Cl)c2)C(=O)OC)C,0.6,0,N,0.0,COCCNC(=O)N,Clc1cccc(C=O)c1,COC(=O)CC(=O)C,C[Si](C)(C)Cl
2976,COCCN1C(=C(C(NC1=O)c2cccc(Cl)c2Cl)C(=O)Nc3cc(C)on3)C,0.6,1,N,13.5,COCCNC(=O)N,Clc1cccc(C=O)c1Cl,CC(=O)CC(=O)Nc1cc(C)on1,C[Si](C)(C)Cl
2977,COCCN1C(=C(C(NC1=O)c2cccc(F)c2)C(=O)N3CCOCC3)C,0.6,0,N,0.0,COCCNC(=O)N,Fc1cccc(C=O)c1,CC(=O)CC(=O)N1CCOCC1,C[Si](C)(C)Cl
2978,COCCN1C(=C(C(NC1=O)c2cccc(F)c2)C(=O)Nc3cc(C)on3)C,0.6,0,N,0.0,COCCNC(=O)N,Fc1cccc(C=O)c1,CC(=O)CC(=O)Nc1cc(C)on1,C[Si](C)(C)Cl
2979,COCCN1C(=C(C(NC1=O)c2cccc(F)c2)C(=O)OC)C,0.6,1,N,48.0,COCCNC(=O)N,Fc1cccc(C=O)c1,COC(=O)CC(=O)C,C[Si](C)(C)Cl
2980,COCCN1C(=C(C(NC1=O)c2cccc(OC)c2OC)C(=O)OC)C,0.6,1,N,31.17,COCCNC(=O)N,COc1cccc(C=O)c1OC,COC(=O)CC(=O)C,C[Si](C)(C)Cl
2981,COCCN1C(=C(C(NC1=O)c2cccc(c2)C(F)(F)F)C(=O)Nc3cc(C)on3)C,0.6,0,N,0.0,COCCNC(=O)N,FC(F)(F)c1cccc(C=O)c1,CC(=O)CC(=O)Nc1cc(C)on1,C[Si](C)(C)Cl
2982,COCCN1C(=C(C(NC1=O)c2cccc(c2)C(F)(F)F)C(=O)Nc3ccccc3OC)C,0.6,1,N,53.33,COCCNC(=O)N,FC(F)(F)c1cccc(C=O)c1,COc1ccccc1NC(=O)CC(=O)C,C[Si](C)(C)Cl
2983,COCCN1C(=C(C(NC1=O)c2cccc(c2)C(F)(F)F)C(=O)OC)C,0.6,1,N,3.83,COCCNC(=O)N,FC(F)(F)c1cccc(C=O)c1,COC(=O)CC(=O)C,C[Si](C)(C)Cl
2984,COCCN1C(=C(C(NC1=O)c2ccccc2)C(=O)N3CCOCC3)C,0.6,0,N,0.0,COCCNC(=O)N,O=Cc1ccccc1,CC(=O)CC(=O)N1CCOCC1,C[Si](C)(C)Cl
2985,COCCN1C(=C(C(NC1=O)c2ccccc2)C(=O)Nc3cc(C)on3)C,0.6,0,N,0.0,COCCNC(=O)N,O=Cc1ccccc1,CC(=O)CC(=O)Nc1cc(C)on1,C[Si](C)(C)Cl
2986,COCCN1C(=C(C(NC1=O)c2ccccc2)C(=O)Nc3cc(C)on3)C,0.6,0,N,0.0,COCCNC(=O)N,O=Cc1ccccc1,CC(=O)CC(=O)Nc1cc(C)on1,C[Si](C)(C)Cl
2987,COCCN1C(=C(C(NC1=O)c2ccccc2)C(=O)Nc3cc(C)on3)C,0.6,0,N,0.0,COCCNC(=O)N,O=Cc1ccccc1,CC(=O)CC(=O)Nc1cc(C)on1,C[Si](C)(C)Cl
2988,COCCN1C(=C(C(NC1=O)c2ccccc2)C(=O)Nc3cccc(c3)C(F)(F)F)C,0.6,0,N,0.0,COCCNC(=O)N,O=Cc1ccccc1,CC(=O)CC(=O)Nc1cccc(c1)C(F)(F)F,C[Si](C)(C)Cl
2989,COCCN1C(=C(C(NC1=O)c2ccccc2)C(=O)Nc3ccccc3)C,0.6,0,N,0.0,COCCNC(=O)N,O=Cc1ccccc1,CC(=O)CC(=O)Nc1ccccc1,C[Si](C)(C)Cl
2990,COCCN1C(=C(C(NC1=O)c2ccccc2)C(=O)OC)C,0.6,0,N,0.0,COCCNC(=O)N,O=Cc1ccccc1,COC(=O)CC(=O)C,C[Si](C)(C)Cl
2991,COCCN1C(=C(C(NC1=O)c2ccccc2)C(=O)OC)C,0.6,1,N,46.67,COCCNC(=O)N,O=Cc1ccccc1,COC(=O)CC(=O)C,C[Si](C)(C)Cl
2992,COCCN1C(=C(C(NC1=O)c2ccccc2C(F)(F)F)C(=O)Nc3ccccc3OC)C,0.6,1,N,76.67,COCCNC(=O)N,FC(F)(F)c1ccccc1C=O,COc1ccccc1NC(=O)CC(=O)C,C[Si](C)(C)Cl
2993,COCCN1C(=C(C(NC1=O)c2ccccc2C(F)(F)F)C(=O)Nc3ccccc3OC)C,0.6,1,N,59.0,COCCNC(=O)N,FC(F)(F)c1ccccc1C=O,COc1ccccc1NC(=O)CC(=O)C,C[Si](C)(C)Cl
2994,COCCN1C(=C(C(NC1=O)c2ccccc2C(F)(F)F)C(=O)OC)C,0.6,1,N,27.17,COCCNC(=O)N,FC(F)(F)c1ccccc1C=O,COC(=O)CC(=O)C,C[Si](C)(C)Cl
2995,COCCN1C(=C(C(NC1=O)c2ccccc2Cl)C(=O)N3CCOCC3)C,0.6,1,N,23.83,COCCNC(=O)N,Clc1ccccc1C=O,CC(=O)CC(=O)N1CCOCC1,C[Si](C)(C)Cl
2996,COCCN1C(=C(C(NC1=O)c2ccccc2Cl)C(=O)Nc3cc(C)on3)C,0.6,0,N,0.0,COCCNC(=O)N,Clc1ccccc1C=O,CC(=O)CC(=O)Nc1cc(C)on1,C[Si](C)(C)Cl
2997,COCCN1C(=C(C(NC1=O)c2ccccc2Cl)C(=O)Nc3ccccc3)C,0.6,0,N,0.0,COCCNC(=O)N,Clc1ccccc1C=O,CC(=O)CC(=O)Nc1ccccc1,C[Si](C)(C)Cl
2998,COCCN1C(=C(C(NC1=O)c2ccccc2Cl)C(=O)OC)C,0.6,1,N,20.0,COCCNC(=O)N,Clc1ccccc1C=O,COC(=O)CC(=O)C,C[Si](C)(C)Cl
2999,COCCN1C(=C(C(NC1=O)c2ccccc2F)C(=O)OC)C,0.6,1,N,43.17,COCCNC(=O)N,Fc1ccccc1C=O,COC(=O)CC(=O)C,C[Si](C)(C)Cl
3000,COCCN1C(=C(C(NC1=O)c2ccccc2OC(F)F)C(=O)OC)C,0.6,1,N,65.17,COCCNC(=O)N,FC(F)Oc1ccccc1C=O,COC(=O)CC(=O)C,C[Si](C)(C)Cl
3001,COCCN1C(=C(C(NC1=O)c2cccs2)C(=O)N3CCOCC3)C,0.6,0,N,0.0,COCCNC(=O)N,O=Cc1cccs1,CC(=O)CC(=O)N1CCOCC1,C[Si](C)(C)Cl
3002,COCCN1C(=C(C(NC1=O)c2cccs2)C(=O)Nc3cc(C)on3)C,0.6,0,N,0.0,COCCNC(=O)N,O=Cc1cccs1,CC(=O)CC(=O)Nc1cc(C)on1,C[Si](C)(C)Cl
3003,COCCN1C(=C(C(NC1=O)c2cccs2)C(=O)OC)C,0.6,0,N,0.0,COCCNC(=O)N,O=Cc1cccs1,COC(=O)CC(=O)C,C[Si](C)(C)Cl
3004,COCCN1C(=C(C(NC1=O)c2ccsc2)C(=O)Nc3ccc(OC(F)(F)F)cc3)C,0.6,0,N,0.0,COCCNC(=O)N,O=Cc1ccsc1,CC(=O)CC(=O)Nc1ccc(OC(F)(F)F)cc1,C[Si](C)(C)Cl
3005,COCCN1C(=C(C(NC1=O)c2ccsc2)C(=O)Nc3cccc(c3)C(F)(F)F)C,0.6,0,N,0.0,COCCNC(=O)N,O=Cc1ccsc1,CC(=O)CC(=O)Nc1cccc(c1)C(F)(F)F,C[Si](C)(C)Cl
3006,COCCN1C(=C(C(NC1=O)c2ccsc2)C(=O)OC)C,0.6,1,N,57.67,COCCNC(=O)N,O=Cc1ccsc1,COC(=O)CC(=O)C,C[Si](C)(C)Cl
3007,COCCN1C(=C(C(NC1=S)c2c(F)cccc2Cl)C(=O)Nc3cc(C)on3)C,0.6,1,N,70.17,COCCNC(=S)N,Fc1cccc(Cl)c1C=O,CC(=O)CC(=O)Nc1cc(C)on1,C[Si](C)(C)Cl
3008,COCCN1C(=C(C(NC1=S)c2c(F)cccc2Cl)C(=O)Nc3cccc(c3)C(F)(F)F)C,0.6,1,N,41.0,COCCNC(=S)N,Fc1cccc(Cl)c1C=O,CC(=O)CC(=O)Nc1cccc(c1)C(F)(F)F,
3009,COCCN1C(=C(C(NC1=S)c2c(F)cccc2Cl)C(=O)OC)C,0.6,1,N,45.17,COCCNC(=S)N,Fc1cccc(Cl)c1C=O,COC(=O)CC(=O)C,C[Si](C)(C)Cl
3010,COCCN1C(=C(C(NC1=S)c2c(F)cccc2F)C(=O)N3CCOCC3)C,0.6,1,N,16.0,COCCNC(=S)N,Fc1cccc(F)c1C=O,CC(=O)CC(=O)N1CCOCC1,C[Si](C)(C)Cl
3011,COCCN1C(=C(C(NC1=S)c2c(F)cccc2F)C(=O)Nc3ccccc3)C,0.6,0,N,0.0,COCCNC(=S)N,Fc1cccc(F)c1C=O,CC(=O)CC(=O)Nc1ccccc1,C[Si](C)(C)Cl
3012,COCCN1C(=C(C(NC1=S)c2ccc(Br)cc2)C(=O)OC)C,0.6,1,N,48.17,COCCNC(=S)N,Brc1ccc(C=O)cc1,COC(=O)CC(=O)C,C[Si](C)(C)Cl
3013,COCCN1C(=C(C(NC1=S)c2ccc(Cl)c(c2)[N+](=O)[O-])C(=O)OC)C,0.6,0,N,0.0,COCCNC(=S)N,[O-][N+](=O)c1cc(C=O)ccc1Cl,COC(=O)CC(=O)C,C[Si](C)(C)Cl
3014,COCCN1C(=C(C(NC1=S)c2ccc(Cl)cc2Cl)C(=O)Nc3cc(C)on3)C,0.6,1,N,39.5,COCCNC(=S)N,Clc1ccc(C=O)c(Cl)c1,CC(=O)CC(=O)Nc1cc(C)on1,C[Si](C)(C)Cl
3015,COCCN1C(=C(C(NC1=S)c2ccc(F)c(Br)c2)C(=O)OC)C,0.6,1,N,76.5,COCCNC(=S)N,Fc1ccc(C=O)cc1Br,COC(=O)CC(=O)C,C[Si](C)(C)Cl
3016,COCCN1C(=C(C(NC1=S)c2ccc(OCCC(=O)O)cc2)C(=O)Nc3ccc(F)cc3)C,0.6,0,N,0.0,COCCNC(=S)N,OC(=O)CCOc1ccc(C=O)cc1,CC(=O)CC(=O)Nc1ccc(F)cc1,C[Si](C)(C)Cl
3017,COCCN1C(=C(C(NC1=S)c2ccc(OCCC(=O)O)cc2)C(=O)OC)C,0.6,1,N,22.67,COCCNC(=S)N,OC(=O)CCOc1ccc(C=O)cc1,COC(=O)CC(=O)C,C[Si](C)(C)Cl
3018,COCCN1C(=C(C(NC1=S)c2cccc(Br)c2)C(=O)Nc3cc(C)on3)C,0.6,0,N,0.0,COCCNC(=S)N,Brc1cccc(C=O)c1,CC(=O)CC(=O)Nc1cc(C)on1,C[Si](C)(C)Cl
3019,COCCN1C(=C(C(NC1=S)c2cccc(C#N)c2)C(=O)Nc3cc(C)on3)C,0.6,1,N,56.67,COCCNC(=S)N,O=Cc1cccc(C#N)c1,CC(=O)CC(=O)Nc1cc(C)on1,C[Si](C)(C)Cl
3020,COCCN1C(=C(C(NC1=S)c2cccc(F)c2)C(=O)Nc3cc(C)on3)C,0.6,0,N,0.0,COCCNC(=S)N,Fc1cccc(C=O)c1,CC(=O)CC(=O)Nc1cc(C)on1,C[Si](C)(C)Cl
3021,COCCN1C(=C(C(NC1=S)c2cccc(F)c2)C(=O)Nc3ccccc3)C,0.6,1,N,10.83,COCCNC(=S)N,Fc1cccc(C=O)c1,CC(=O)CC(=O)Nc1ccccc1,C[Si](C)(C)Cl
3022,COCCN1C(=C(C(NC1=S)c2cccc(F)c2)C(=O)Nc3ccccc3OC)C,0.6,1,N,40.33,COCCNC(=S)N,Fc1cccc(C=O)c1,COc1ccccc1NC(=O)CC(=O)C,
3023,COCCN1C(=C(C(NC1=S)c2cccc(c2)C(F)(F)F)C(=O)N3CCOCC3)C,0.6,1,N,3.5,COCCNC(=S)N,FC(F)(F)c1cccc(C=O)c1,CC(=O)CC(=O)N1CCOCC1,
3024,COCCN1C(=C(C(NC1=S)c2ccccc2)C(=O)OC)C,0.6,1,N,70.5,COCCNC(=S)N,O=Cc1ccccc1,COC(=O)CC(=O)C,C[Si](C)(C)Cl
3025,COCCN1C(=C(C(NC1=S)c2ccccc2Cl)C(=O)OC)C,0.6,1,N,77.17,COCCNC(=S)N,Clc1ccccc1C=O,COC(=O)CC(=O)C,C[Si](C)(C)Cl
3026,COCCN1C(=C(C(NC1=S)c2ccccc2OC(F)F)C(=O)Nc3ccccc3C)C,0.6,0,N,0.0,COCCNC(=S)N,FC(F)Oc1ccccc1C=O,CC(=O)CC(=O)Nc1ccccc1C,C[Si](C)(C)Cl
3027,COCCN1C(=C(C(NC1=S)c2ccccc2OC(F)F)C(=O)OC)C,0.6,0,N,0.0,COCCNC(=S)N,FC(F)Oc1ccccc1C=O,COC(=O)CC(=O)C,
3028,COCCN1C(=C(C(NC1=S)c2cccs2)C(=O)Nc3ccccc3)C,0.6,0,N,0.0,COCCNC(=S)N,O=Cc1cccs1,CC(=O)CC(=O)Nc1ccccc1,C[Si](C)(C)Cl
3029,COCCOC(=O)C1=C(C)N(C(=O)NC1c2c(Cl)cccc2Cl)c3ccc(CC(=O)O)cc3,0.6,1,N,32.0,NC(=O)Nc1ccc(CC(=O)O)cc1,Clc1cccc(Cl)c1C=O,COCCOC(=O)CC(=O)C,C[Si](C)(C)Cl
3030,COCCOC(=O)C1=C(C)N(C(=O)NC1c2c(F)cccc2F)c3ccc4OCOc4c3,0.6,1,N,48.5,NC(=O)Nc1ccc2OCOc2c1,Fc1cccc(F)c1C=O,COCCOC(=O)CC(=O)C,C[Si](C)(C)Cl
3031,COCCOC(=O)C1=C(C)N(C(=O)NC1c2ccc(Br)cc2)c3ccc(cc3)C(=O)O,0.6,1,N,26.83,NC(=O)Nc1ccc(cc1)C(=O)O,Brc1ccc(C=O)cc1,COCCOC(=O)CC(=O)C,C[Si](C)(C)Cl
3032,COCCOC(=O)C1=C(C)N(C(=O)NC1c2ccc(Br)cc2)c3ccc4OCOc4c3,0.6,1,N,41.17,NC(=O)Nc1ccc2OCOc2c1,Brc1ccc(C=O)cc1,COCCOC(=O)CC(=O)C,C[Si](C)(C)Cl
3033,COCCOC(=O)C1=C(C)N(C(=O)NC1c2ccc(Cl)c(c2)[N+](=O)[O-])c3ccc(cc3)C(=O)O,0.6,1,N,63.33,NC(=O)Nc1ccc(cc1)C(=O)O,[O-][N+](=O)c1cc(C=O)ccc1Cl,COCCOC(=O)CC(=O)C,C[Si](C)(C)Cl
3034,COCCOC(=O)C1=C(C)N(C(=O)NC1c2ccc(Cl)cc2)c3ccc4OCOc4c3,0.6,1,N,49.0,NC(=O)Nc1ccc2OCOc2c1,Clc1ccc(C=O)cc1,COCCOC(=O)CC(=O)C,C[Si](C)(C)Cl
3035,COCCOC(=O)C1=C(C)N(C(=O)NC1c2ccc(F)cc2)c3ccc(cc3)C(=O)O,0.6,0,N,0.0,NC(=O)Nc1ccc(cc1)C(=O)O,Fc1ccc(C=O)cc1,COCCOC(=O)CC(=O)C,C[Si](C)(C)Cl
3036,COCCOC(=O)C1=C(C)N(C(=O)NC1c2ccc(F)cc2)c3ccc4OCOc4c3,0.6,1,N,65.83,NC(=O)Nc1ccc2OCOc2c1,Fc1ccc(C=O)cc1,COCCOC(=O)CC(=O)C,C[Si](C)(C)Cl
3037,COCCOC(=O)C1=C(C)N(C(=O)NC1c2ccc(F)cc2F)c3ccc(CC(=O)O)cc3,0.6,1,N,69.5,NC(=O)Nc1ccc(CC(=O)O)cc1,Fc1ccc(C=O)c(F)c1,COCCOC(=O)CC(=O)C,C[Si](C)(C)Cl
3038,COCCOC(=O)C1=C(C)N(C(=O)NC1c2ccc(F)cc2F)c3ccc4OCOc4c3,0.6,1,N,42.83,NC(=O)Nc1ccc2OCOc2c1,Fc1ccc(C=O)c(F)c1,COCCOC(=O)CC(=O)C,C[Si](C)(C)Cl
3039,COCCOC(=O)C1=C(C)N(C(=O)NC1c2ccc(cc2)C(=O)OC)c3ccccc3,0.6,0,N,0.0,NC(=O)Nc1ccccc1,COC(=O)c1ccc(C=O)cc1,COCCOC(=O)CC(=O)C,C[Si](C)(C)Cl
3040,COCCOC(=O)C1=C(C)N(C(=O)NC1c2ccc(cc2)C(=O)OC)c3ccccc3,0.6,1,N,25.0,NC(=O)Nc1ccccc1,COC(=O)c1ccc(C=O)cc1,COCCOC(=O)CC(=O)C,C[Si](C)(C)Cl
3041,COCCOC(=O)C1=C(C)N(C(=O)NC1c2cccc(Br)c2)c3ccc(cc3)C(=O)O,0.6,1,N,18.33,NC(=O)Nc1ccc(cc1)C(=O)O,Brc1cccc(C=O)c1,COCCOC(=O)CC(=O)C,C[Si](C)(C)Cl
3042,COCCOC(=O)C1=C(C)N(C(=O)NC1c2cccc(Br)c2)c3ccc4OCOc4c3,0.6,0,N,0.0,NC(=O)Nc1ccc2OCOc2c1,Brc1cccc(C=O)c1,COCCOC(=O)CC(=O)C,C[Si](C)(C)Cl
3043,COCCOC(=O)C1=C(C)N(C(=O)NC1c2cccc(Br)c2)c3ccc4OCOc4c3,0.6,1,N,38.33,NC(=O)Nc1ccc2OCOc2c1,Brc1cccc(C=O)c1,COCCOC(=O)CC(=O)C,C[Si](C)(C)Cl
3044,COCCOC(=O)C1=C(C)N(C(=O)NC1c2cccc(Cl)c2Cl)c3ccc(cc3)C(=O)O,0.6,1,N,62.5,NC(=O)Nc1ccc(cc1)C(=O)O,Clc1cccc(C=O)c1Cl,COCCOC(=O)CC(=O)C,C[Si](C)(C)Cl
3045,COCCOC(=O)C1=C(C)N(C(=O)NC1c2cccc(F)c2)c3ccc4OCOc4c3,0.6,1,N,32.0,NC(=O)Nc1ccc2OCOc2c1,Fc1cccc(C=O)c1,COCCOC(=O)CC(=O)C,C[Si](C)(C)Cl
3046,COCCOC(=O)C1=C(C)N(C(=O)NC1c2cccc(c2)C(F)(F)F)c3ccc4OCOc4c3,0.6,1,N,19.0,NC(=O)Nc1ccc2OCOc2c1,FC(F)(F)c1cccc(C=O)c1,COCCOC(=O)CC(=O)C,C[Si](C)(C)Cl
3047,COCCOC(=O)C1=C(C)N(C(=O)NC1c2cccc(c2)[N+](=O)[O-])c3ccccc3,0.6,0,N,0.0,NC(=O)Nc1ccccc1,[O-][N+](=O)c1cccc(C=O)c1,COCCOC(=O)CC(=O)C,C[Si](C)(C)Cl
3048,COCCOC(=O)C1=C(C)N(C(=O)NC1c2ccccc2)c3ccc4OCOc4c3,0.6,1,N,12.67,NC(=O)Nc1ccc2OCOc2c1,O=Cc1ccccc1,COCCOC(=O)CC(=O)C,C[Si](C)(C)Cl
3049,COCCOC(=O)C1=C(C)N(C(=O)NC1c2ccccc2)c3ccc4OCOc4c3,0.6,0,N,0.0,NC(=O)Nc1ccc2OCOc2c1,O=Cc1ccccc1,COCCOC(=O)CC(=O)C,C[Si](C)(C)Cl
3050,COCCOC(=O)C1=C(C)N(C(=O)NC1c2ccccc2C(F)(F)F)c3ccc4OCOc4c3,0.6,1,N,36.67,NC(=O)Nc1ccc2OCOc2c1,FC(F)(F)c1ccccc1C=O,COCCOC(=O)CC(=O)C,C[Si](C)(C)Cl
3051,COCCOC(=O)C1=C(C)N(C(=O)NC1c2ccccc2C(F)(F)F)c3ccc4OCOc4c3,0.6,0,N,0.0,NC(=O)Nc1ccc2OCOc2c1,FC(F)(F)c1ccccc1C=O,COCCOC(=O)CC(=O)C,C[Si](C)(C)Cl
3052,COCCOC(=O)C1=C(C)N(C(=O)NC1c2ccccc2Cl)c3ccc(cc3)C(=O)O,0.6,1,N,34.17,NC(=O)Nc1ccc(cc1)C(=O)O,Clc1ccccc1C=O,COCCOC(=O)CC(=O)C,C[Si](C)(C)Cl
3053,COCCOC(=O)C1=C(C)N(C(=O)NC1c2ccccc2Cl)c3ccc4OCOc4c3,0.6,0,N,0.0,NC(=O)Nc1ccc2OCOc2c1,Clc1ccccc1C=O,COCCOC(=O)CC(=O)C,C[Si](C)(C)Cl
3054,COCCOC(=O)C1=C(C)N(C(=O)NC1c2ccccc2Cl)c3ccc4OCOc4c3,0.6,0,N,0.0,NC(=O)Nc1ccc2OCOc2c1,Clc1ccccc1C=O,COCCOC(=O)CC(=O)C,C[Si](C)(C)Cl
3055,COCCOC(=O)C1=C(C)N(C(=O)NC1c2ccccc2F)c3ccc4OCOc4c3,0.6,1,N,50.0,NC(=O)Nc1ccc2OCOc2c1,Fc1ccccc1C=O,COCCOC(=O)CC(=O)C,C[Si](C)(C)Cl
3056,COCCOC(=O)C1=C(C)N(C(=O)NC1c2cccs2)c3ccc4OCOc4c3,0.6,0,N,0.0,NC(=O)Nc1ccc2OCOc2c1,O=Cc1cccs1,COCCOC(=O)CC(=O)C,C[Si](C)(C)Cl
3057,COCCOC(=O)C1=C(C)N(C(=S)NC1c2c(F)cccc2F)c3ccc4OCCOc4c3,0.6,1,N,61.33,NC(=S)Nc1ccc2OCCOc2c1,Fc1cccc(F)c1C=O,COCCOC(=O)CC(=O)C,C[Si](C)(C)Cl
3058,COCCOC(=O)C1=C(C)N(C(=S)NC1c2ccc(Cl)c(c2)[N+](=O)[O-])c3ccccc3,0.6,1,N,36.83,NC(=S)Nc1ccccc1,[O-][N+](=O)c1cc(C=O)ccc1Cl,COCCOC(=O)CC(=O)C,
3059,COCCOC(=O)C1=C(C)N(C(=S)NC1c2ccc(Cl)cc2)c3ccccc3,0.6,1,N,69.5,NC(=S)Nc1ccccc1,Clc1ccc(C=O)cc1,COCCOC(=O)CC(=O)C,
3060,COCCOC(=O)C1=C(C)N(C(=S)NC1c2ccc(F)c(F)c2)c3ccc4OCCOc4c3,0.6,1,N,64.0,NC(=S)Nc1ccc2OCCOc2c1,Fc1ccc(C=O)cc1F,COCCOC(=O)CC(=O)C,C[Si](C)(C)Cl
3061,COCCOC(=O)C1=C(C)N(C(=S)NC1c2ccc(F)cc2F)c3ccc4OCCOc4c3,0.6,1,N,72.0,NC(=S)Nc1ccc2OCCOc2c1,Fc1ccc(C=O)c(F)c1,COCCOC(=O)CC(=O)C,C[Si](C)(C)Cl
3062,COCCOC(=O)C1=C(C)N(C(=S)NC1c2ccc(F)cc2F)c3ccc4OCCOc4c3,0.6,1,N,5.17,NC(=S)Nc1ccc2OCCOc2c1,Fc1ccc(C=O)c(F)c1,COCCOC(=O)CC(=O)C,C[Si](C)(C)Cl
3063,COCCOC(=O)C1=C(C)N(C(=S)NC1c2ccc(O)cc2)c3cc(C)nn3C,0.6,0,N,0.0,Cc1cc(NC(=S)N)n(C)n1,Oc1ccc(C=O)cc1,COCCOC(=O)CC(=O)C,C[Si](C)(C)Cl
3064,COCCOC(=O)C1=C(C)N(C(=S)NC1c2ccc(O)cc2)c3cc(C)nn3C,0.6,0,N,0.0,Cc1cc(NC(=S)N)n(C)n1,Oc1ccc(C=O)cc1,COCCOC(=O)CC(=O)C,C[Si](C)(C)Cl
3065,COCCOC(=O)C1=C(C)N(C(=S)NC1c2ccc(O)cc2)c3ccccc3OC,0.6,1,N,35.33,COc1ccccc1NC(=S)N,Oc1ccc(C=O)cc1,COCCOC(=O)CC(=O)C,C[Si](C)(C)Cl
3066,COCCOC(=O)C1=C(C)N(C(=S)NC1c2ccc(OC)c(O)c2)c3cc(C)cc(C)c3,0.6,1,N,48.0,Cc1cc(C)cc(NC(=S)N)c1,COc1ccc(C=O)cc1O,COCCOC(=O)CC(=O)C,C[Si](C)(C)Cl
3067,COCCOC(=O)C1=C(C)N(C(=S)NC1c2ccc(OC)c(O)c2)c3cc(C)ccc3C,0.6,0,N,0.0,Cc1ccc(C)c(NC(=S)N)c1,COc1ccc(C=O)cc1O,COCCOC(=O)CC(=O)C,C[Si](C)(C)Cl
3068,COCCOC(=O)C1=C(C)N(C(=S)NC1c2ccc(OC)c(O)c2)c3ccc(C)c(C)c3,0.6,1,N,61.17,Cc1ccc(NC(=S)N)cc1C,COc1ccc(C=O)cc1O,COCCOC(=O)CC(=O)C,C[Si](C)(C)Cl
3069,COCCOC(=O)C1=C(C)N(C(=S)NC1c2ccc(OC)c(O)c2)c3cccc(C)c3,0.6,0,N,0.0,Cc1cccc(NC(=S)N)c1,COc1ccc(C=O)cc1O,COCCOC(=O)CC(=O)C,C[Si](C)(C)Cl
3070,COCCOC(=O)C1=C(C)N(C(=S)NC1c2ccc(OC)c(O)c2)c3cccc(OC)c3,0.6,0,N,0.0,COc1cccc(NC(=S)N)c1,COc1ccc(C=O)cc1O,COCCOC(=O)CC(=O)C,C[Si](C)(C)Cl
3071,COCCOC(=O)C1=C(C)N(C(=S)NC1c2ccc(OC)c(O)c2)c3ccccc3,0.6,0,N,0.0,NC(=S)Nc1ccccc1,COc1ccc(C=O)cc1O,COCCOC(=O)CC(=O)C,C[Si](C)(C)Cl
3072,COCCOC(=O)C1=C(C)N(C(=S)NC1c2ccc(OC)c(O)c2)c3ccccc3OC,0.6,1,N,90.67,COc1ccccc1NC(=S)N,COc1ccc(C=O)cc1O,COCCOC(=O)CC(=O)C,C[Si](C)(C)Cl
3073,COCCOC(=O)C1=C(C)N(C(=S)NC1c2ccc(OCCC(=O)O)cc2)c3cccc(C)c3,0.6,1,N,92.83,Cc1cccc(NC(=S)N)c1,OC(=O)CCOc1ccc(C=O)cc1,COCCOC(=O)CC(=O)C,C[Si](C)(C)Cl
3074,COCCOC(=O)C1=C(C)N(C(=S)NC1c2ccc(cc2)C(=O)O)c3ccc(C)c(F)c3,0.6,1,N,72.33,Cc1ccc(NC(=S)N)cc1F,OC(=O)c1ccc(C=O)cc1,COCCOC(=O)CC(=O)C,C[Si](C)(C)Cl
3075,COCCOC(=O)C1=C(C)N(C(=S)NC1c2ccc(cc2)N3CCOCC3)c4cc(C)ccc4OC,0.6,1,N,20.5,COc1ccc(C)cc1NC(=S)N,O=Cc1ccc(cc1)N2CCOCC2,COCCOC(=O)CC(=O)C,
3076,COCCOC(=O)C1=C(C)N(C(=S)NC1c2ccc(cc2)n3ccnc3)c4ccc(Cl)cc4,0.6,1,N,29.67,NC(=S)Nc1ccc(Cl)cc1,O=Cc1ccc(cc1)n2ccnc2,COCCOC(=O)CC(=O)C,C[Si](C)(C)Cl
3077,COCCOC(=O)C1=C(C)N(C(=S)NC1c2cccc(c2)C(F)(F)F)c3ccccc3,0.6,1,N,70.17,NC(=S)Nc1ccccc1,FC(F)(F)c1cccc(C=O)c1,COCCOC(=O)CC(=O)C,
3078,COCCOC(=O)C1=C(C)N(C(=S)NC1c2ccccc2)c3ccc4OCCOc4c3,0.6,1,N,100.0,NC(=S)Nc1ccc2OCCOc2c1,O=Cc1ccccc1,COCCOC(=O)CC(=O)C,C[Si](C)(C)Cl
3079,COCCOC(=O)C1=C(C)N(C(=S)NC1c2ccccc2C)c3ccccc3,0.6,1,N,48.17,NC(=S)Nc1ccccc1,Cc1ccccc1C=O,COCCOC(=O)CC(=O)C,C[Si](C)(C)Cl
3080,COCCOC(=O)C1=C(C)N(C(=S)NC1c2ccccc2Cl)c3ccccc3,1.0,1,N,12.0,NC(=S)Nc1ccccc1,Clc1ccccc1C=O,COCCOC(=O)CC(=O)C,C[Si](C)(C)Cl
3081,COCCOC(=O)C1=C(C)N(C(=S)NC1c2ccccc2Cl)c3ccccc3,0.6,1,N,0.0,NC(=S)Nc1ccccc1,Clc1ccccc1C=O,COCCOC(=O)CC(=O)C,
3082,COCCOC(=O)C1=C(C)N(C(=S)NC1c2csc(n2)c3ccccn3)c4cc(C)ccc4C,0.6,1,N,92.33,Cc1ccc(C)c(NC(=S)N)c1,O=Cc1csc(n1)c2ccccn2,COCCOC(=O)CC(=O)C,C[Si](C)(C)Cl
3083,COCCOC(=O)C1=C(C)N(C(C)C)C(=O)NC1c2cccc(F)c2,0.6,0,N,0.0,CC(C)NC(=O)N,Fc1cccc(C=O)c1,COCCOC(=O)CC(=O)C,C[Si](C)(C)Cl
3084,COCCOC(=O)C1=C(C)N(C(C)C)C(=O)NC1c2ccccc2F,0.6,0,N,0.0,CC(C)NC(=O)N,Fc1ccccc1C=O,COCCOC(=O)CC(=O)C,C[Si](C)(C)Cl
3085,COCCOC(=O)C1=C(C)N(C(C)CCCC(C)C)C(=S)NC1c2ccc(F)cc2,0.6,0,N,0.0,CC(C)CCCC(C)NC(=S)N,Fc1ccc(C=O)cc1,COCCOC(=O)CC(=O)C,C[Si](C)(C)Cl
3086,COCCOC(=O)C1=C(C)N(C(C)COC)C(=O)NC1c2ccc(C#N)cc2,0.6,1,N,16.67,COCC(C)NC(=O)N,O=Cc1ccc(C#N)cc1,COCCOC(=O)CC(=O)C,C[Si](C)(C)Cl
3087,COCCOC(=O)C1=C(C)N(C(C)COC)C(=O)NC1c2ccc(Cl)cc2,0.6,0,N,0.0,COCC(C)NC(=O)N,Clc1ccc(C=O)cc1,COCCOC(=O)CC(=O)C,C[Si](C)(C)Cl
3088,COCCOC(=O)C1=C(C)N(C(C)COC)C(=O)NC1c2ccc(F)cc2,0.6,0,N,0.0,COCC(C)NC(=O)N,Fc1ccc(C=O)cc1,COCCOC(=O)CC(=O)C,C[Si](C)(C)Cl
3089,COCCOC(=O)C1=C(C)N(C(C)COC)C(=O)NC1c2cccc(F)c2,0.6,0,N,0.0,COCC(C)NC(=O)N,Fc1cccc(C=O)c1,COCCOC(=O)CC(=O)C,C[Si](C)(C)Cl
3090,COCCOC(=O)C1=C(C)N(C(C)COC)C(=O)NC1c2ccccc2F,0.6,0,N,0.0,COCC(C)NC(=O)N,Fc1ccccc1C=O,COCCOC(=O)CC(=O)C,C[Si](C)(C)Cl
3091,COCCOC(=O)C1=C(C)N(C)C(=O)N(C)C1c2ccc(Cl)s2,0.6,1,N,74.5,CNC(=O)NC,Clc1ccc(C=O)s1,COCCOC(=O)CC(=O)C,C[Si](C)(C)Cl
3092,COCCOC(=O)C1=C(C)N(C)C(=O)NC1c2ccc(F)cc2,0.6,1,N,39.83,CNC(=O)N,Fc1ccc(C=O)cc1,COCCOC(=O)CC(=O)C,C[Si](C)(C)Cl
3093,COCCOC(=O)C1=C(C)N(C)C(=O)NC1c2ccc(cc2)C(=O)OC,0.6,1,N,30.5,CNC(=O)N,COC(=O)c1ccc(C=O)cc1,COCCOC(=O)CC(=O)C,C[Si](C)(C)Cl
3094,COCCOC(=O)C1=C(C)N(C)C(=O)NC1c2ccc3OCCc3c2,0.6,0,N,0.0,CNC(=O)N,O=Cc1ccc2OCCc2c1,COCCOC(=O)CC(=O)C,C[Si](C)(C)Cl
3095,COCCOC(=O)C1=C(C)N(C)C(=O)NC1c2ccccc2OC(F)F,0.6,1,N,33.83,CNC(=O)N,FC(F)Oc1ccccc1C=O,COCCOC(=O)CC(=O)C,C[Si](C)(C)Cl
3096,COCCOC(=O)C1=C(C)N(C)C(=S)N(C)C1c2cccc(Cl)c2Cl,0.6,0,N,0.0,CNC(=S)NC,Clc1cccc(C=O)c1Cl,COCCOC(=O)CC(=O)C,
3097,COCCOC(=O)C1=C(C)N(C)C(=S)NC1c2ccc(o2)c3ccccc3F,0.6,1,N,32.5,CNC(=S)N,Fc1ccccc1c2ccc(C=O)o2,COCCOC(=O)CC(=O)C,C[Si](C)(C)Cl
3098,COCCOC(=O)C1=C(C)N(C)C(=S)NC1c2ccccc2Br,0.6,1,N,79.33,CNC(=S)N,Brc1ccccc1C=O,COCCOC(=O)CC(=O)C,C[Si](C)(C)Cl
3099,COCCOC(=O)C1=C(C)N(C2CC2)C(=O)NC1c3ccc(Cl)c(c3)[N+](=O)[O-],0.6,1,N,16.67,NC(=O)NC1CC1,[O-][N+](=O)c1cc(C=O)ccc1Cl,COCCOC(=O)CC(=O)C,C[Si](C)(C)Cl
3100,COCCOC(=O)C1=C(C)N(C2CC2)C(=O)NC1c3ccc(Cl)cc3,0.6,1,N,81.67,NC(=O)NC1CC1,Clc1ccc(C=O)cc1,COCCOC(=O)CC(=O)C,C[Si](C)(C)Cl
3101,COCCOC(=O)C1=C(C)N(C2CC2)C(=O)NC1c3ccc(Cl)cc3Cl,0.6,1,N,25.0,NC(=O)NC1CC1,Clc1ccc(C=O)c(Cl)c1,COCCOC(=O)CC(=O)C,C[Si](C)(C)Cl
3102,COCCOC(=O)C1=C(C)N(C2CC2)C(=O)NC1c3cccc(Cl)c3,0.6,1,N,27.67,NC(=O)NC1CC1,Clc1cccc(C=O)c1,COCCOC(=O)CC(=O)C,C[Si](C)(C)Cl
3103,COCCOC(=O)C1=C(C)N(C2CC2)C(=O)NC1c3cccc(c3)C(F)(F)F,0.6,1,N,40.33,NC(=O)NC1CC1,FC(F)(F)c1cccc(C=O)c1,COCCOC(=O)CC(=O)C,C[Si](C)(C)Cl
3104,COCCOC(=O)C1=C(C)N(C2CC2)C(=O)NC1c3ccccc3,0.6,0,N,0.0,NC(=O)NC1CC1,O=Cc1ccccc1,COCCOC(=O)CC(=O)C,C[Si](C)(C)Cl
3105,COCCOC(=O)C1=C(C)N(C2CC2)C(=O)NC1c3ccccc3,0.6,1,N,26.67,NC(=O)NC1CC1,O=Cc1ccccc1,COCCOC(=O)CC(=O)C,C[Si](C)(C)Cl
3106,COCCOC(=O)C1=C(C)N(C2CC2)C(=S)NC1c3cccc(OC)c3OC,0.6,1,N,41.67,NC(=S)NC1CC1,COc1cccc(C=O)c1OC,COCCOC(=O)CC(=O)C,C[Si](C)(C)Cl
3107,COCCOC(=O)C1=C(C)N(C2CCCCC2)C(=O)NC1c3cccc(Br)c3,0.6,0,N,0.0,NC(=O)NC1CCCCC1,Brc1cccc(C=O)c1,COCCOC(=O)CC(=O)C,C[Si](C)(C)Cl
3108,COCCOC(=O)C1=C(C)N(C2CCCCC2C)C(=O)NC1c3ccc(Cl)cc3,0.6,0,N,0.0,CC1CCCCC1NC(=O)N,Clc1ccc(C=O)cc1,COCCOC(=O)CC(=O)C,C[Si](C)(C)Cl
3109,COCCOC(=O)C1=C(C)N(C2CCCCC2C)C(=O)NC1c3ccc(Cl)cc3Cl,0.6,0,N,0.0,CC1CCCCC1NC(=O)N,Clc1ccc(C=O)c(Cl)c1,COCCOC(=O)CC(=O)C,C[Si](C)(C)Cl
3110,COCCOC(=O)C1=C(C)N(C2CCCCC2C)C(=O)NC1c3ccc(F)c(Br)c3,0.6,0,N,0.0,CC1CCCCC1NC(=O)N,Fc1ccc(C=O)cc1Br,COCCOC(=O)CC(=O)C,C[Si](C)(C)Cl
3111,COCCOC(=O)C1=C(C)N(C2CCCCC2C)C(=O)NC1c3cccc(Br)c3,0.6,0,N,0.0,CC1CCCCC1NC(=O)N,Brc1cccc(C=O)c1,COCCOC(=O)CC(=O)C,C[Si](C)(C)Cl
3112,COCCOC(=O)C1=C(C)N(C2CCCCC2C)C(=O)NC1c3ccccc3Cl,0.6,0,N,0.0,CC1CCCCC1NC(=O)N,Clc1ccccc1C=O,COCCOC(=O)CC(=O)C,C[Si](C)(C)Cl
3113,COCCOC(=O)C1=C(C)N(CC(C)C)C(=O)NC1c2cccc(F)c2,0.6,0,N,0.0,CC(C)CNC(=O)N,Fc1cccc(C=O)c1,COCCOC(=O)CC(=O)C,C[Si](C)(C)Cl
3114,COCCOC(=O)C1=C(C)N(CC(C)C)C(=S)NC1c2ccc(cc2)C(=O)O,0.6,1,N,71.67,CC(C)CNC(=S)N,OC(=O)c1ccc(C=O)cc1,COCCOC(=O)CC(=O)C,C[Si](C)(C)Cl
3115,COCCOC(=O)C1=C(C)N(CC(F)(F)F)C(=O)NC1c2ccccc2,0.6,0,N,0.0,NC(=O)NCC(F)(F)F,O=Cc1ccccc1,COCCOC(=O)CC(=O)C,C[Si](C)(C)Cl
3116,COCCOC(=O)C1=C(C)N(CC2CCCO2)C(=O)NC1c3ccc(Cl)cc3,0.6,0,N,0.0,NC(=O)NCC1CCCO1,Clc1ccc(C=O)cc1,COCCOC(=O)CC(=O)C,C[Si](C)(C)Cl
3117,COCCOC(=O)C1=C(C)N(CC2CCCO2)C(=O)NC1c3ccc(F)cc3,0.6,1,N,10.17,NC(=O)NCC1CCCO1,Fc1ccc(C=O)cc1,COCCOC(=O)CC(=O)C,C[Si](C)(C)Cl
3118,COCCOC(=O)C1=C(C)N(CC2CCCO2)C(=S)NC1c3ccc(Cl)cc3,0.6,0,N,0.0,NC(=S)NCC1CCCO1,Clc1ccc(C=O)cc1,COCCOC(=O)CC(=O)C,C[Si](C)(C)Cl
3119,COCCOC(=O)C1=C(C)N(CC2CCCO2)C(=S)NC1c3ccc(F)cc3,0.6,0,N,0.0,NC(=S)NCC1CCCO1,Fc1ccc(C=O)cc1,COCCOC(=O)CC(=O)C,C[Si](C)(C)Cl
3120,COCCOC(=O)C1=C(C)N(CC2CCCO2)C(=S)NC1c3ccccc3Cl,0.6,0,N,0.0,NC(=S)NCC1CCCO1,Clc1ccccc1C=O,COCCOC(=O)CC(=O)C,C[Si](C)(C)Cl
3121,COCCOC(=O)C1=C(C)N(CC2CCCO2)C(=S)NC1c3ccccc3F,0.6,0,N,0.0,NC(=S)NCC1CCCO1,Fc1ccccc1C=O,COCCOC(=O)CC(=O)C,C[Si](C)(C)Cl
3122,COCCOC(=O)C1=C(C)N(CC=C)C(=O)NC1c2ccc(C#N)cc2,0.6,0,N,0.0,NC(=O)NCC=C,O=Cc1ccc(C#N)cc1,COCCOC(=O)CC(=O)C,C[Si](C)(C)Cl
3123,COCCOC(=O)C1=C(C)N(CC=C)C(=O)NC1c2ccc(Cl)c(c2)[N+](=O)[O-],0.6,1,N,51.83,NC(=O)NCC=C,[O-][N+](=O)c1cc(C=O)ccc1Cl,COCCOC(=O)CC(=O)C,C[Si](C)(C)Cl
3124,COCCOC(=O)C1=C(C)N(CC=C)C(=O)NC1c2ccc(Cl)cc2Cl,0.6,1,N,65.0,NC(=O)NCC=C,Clc1ccc(C=O)c(Cl)c1,COCCOC(=O)CC(=O)C,C[Si](C)(C)Cl
3125,COCCOC(=O)C1=C(C)N(CC=C)C(=O)NC1c2cccc(F)c2,0.6,1,N,9.33,NC(=O)NCC=C,Fc1cccc(C=O)c1,COCCOC(=O)CC(=O)C,C[Si](C)(C)Cl
3126,COCCOC(=O)C1=C(C)N(CC=C)C(=O)NC1c2cccc(OCc3ccccc3)c2,0.6,1,N,48.67,NC(=O)NCC=C,O=Cc1cccc(OCc2ccccc2)c1,COCCOC(=O)CC(=O)C,C[Si](C)(C)Cl
3127,COCCOC(=O)C1=C(C)N(CC=C)C(=O)NC1c2ccccc2F,0.6,0,N,0.0,NC(=O)NCC=C,Fc1ccccc1C=O,COCCOC(=O)CC(=O)C,C[Si](C)(C)Cl
3128,COCCOC(=O)C1=C(C)N(CC=C)C(=O)NC1c2ccccc2F,0.6,1,N,53.33,NC(=O)NCC=C,Fc1ccccc1C=O,COCCOC(=O)CC(=O)C,C[Si](C)(C)Cl
3129,COCCOC(=O)C1=C(C)N(CCC(C)C)C(=O)NC1c2ccc(F)cc2,0.6,1,N,17.17,CC(C)CCNC(=O)N,Fc1ccc(C=O)cc1,COCCOC(=O)CC(=O)C,C[Si](C)(C)Cl
3130,COCCOC(=O)C1=C(C)N(CCC(C)C)C(=O)NC1c2cccc(F)c2,0.6,1,N,19.0,CC(C)CCNC(=O)N,Fc1cccc(C=O)c1,COCCOC(=O)CC(=O)C,C[Si](C)(C)Cl
3131,COCCOC(=O)C1=C(C)N(CCC(C)C)C(=O)NC1c2ccccc2F,0.6,0,N,0.0,CC(C)CCNC(=O)N,Fc1ccccc1C=O,COCCOC(=O)CC(=O)C,C[Si](C)(C)Cl
3132,COCCOC(=O)C1=C(C)N(CCC(C)C)C(=O)NC1c2ccccc2OC(F)F,0.6,0,N,0.0,CC(C)CCNC(=O)N,FC(F)Oc1ccccc1C=O,COCCOC(=O)CC(=O)C,C[Si](C)(C)Cl
3133,COCCOC(=O)C1=C(C)N(CCC(C)C)C(=S)NC1c2ccc(F)cc2,0.6,0,N,0.0,CC(C)CCNC(=S)N,Fc1ccc(C=O)cc1,COCCOC(=O)CC(=O)C,C[Si](C)(C)Cl
3134,COCCOC(=O)C1=C(C)N(CCCC(=O)O)C(=O)NC1c2ccc(Cl)cc2,0.6,1,N,58.33,NC(=O)NCCCC(=O)O,Clc1ccc(C=O)cc1,COCCOC(=O)CC(=O)C,C[Si](C)(C)Cl
3135,COCCOC(=O)C1=C(C)N(CCCCCC(=O)O)C(=O)NC1c2cccc(F)c2,0.6,1,N,55.17,NC(=O)NCCCCCC(=O)O,Fc1cccc(C=O)c1,COCCOC(=O)CC(=O)C,C[Si](C)(C)Cl
3136,COCCOC(=O)C1=C(C)N(CCOC)C(=O)NC1c2ccc(OCc3ccncc3)cc2,0.6,0,N,0.0,COCCNC(=O)N,O=Cc1ccc(OCc2ccncc2)cc1,COCCOC(=O)CC(=O)C,C[Si](C)(C)Cl
3137,COCCOC(=O)C1=C(C)N(CCOC)C(=O)NC1c2ccccc2C(=O)OC,0.6,1,N,21.67,COCCNC(=O)N,COC(=O)c1ccccc1C=O,COCCOC(=O)CC(=O)C,C[Si](C)(C)Cl
3138,COCCOC(=O)C1=C(C)N(CCc2ccc(OC)cc2)C(=S)NC1c3csnn3,0.6,1,N,61.67,COc1ccc(CCNC(=S)N)cc1,O=Cc1csnn1,COCCOC(=O)CC(=O)C,C[Si](C)(C)Cl
3139,COCCOC(=O)C1=C(C)N(CCc2ccccc2)C(=S)NC1c3ccc(cc3)C(=O)OC,0.6,1,N,79.83,NC(=S)NCCc1ccccc1,COC(=O)c1ccc(C=O)cc1,COCCOC(=O)CC(=O)C,
3140,COCCOC(=O)C1=C(C)N(CCc2cccs2)C(=S)NC1c3cnc(nc3)N4CCCC4,0.6,1,N,0.0,NC(=S)NCCc1cccs1,O=Cc1cnc(nc1)N2CCCC2,COCCOC(=O)CC(=O)C,C[Si](C)(C)Cl
3141,COCCOC(=O)C1=C(C)N(Cc2ccc(C)cc2)C(=S)NC1c3ccc(OC)c(O)c3,0.6,0,N,0.0,Cc1ccc(CNC(=S)N)cc1,COc1ccc(C=O)cc1O,COCCOC(=O)CC(=O)C,C[Si](C)(C)Cl
3142,COCCOC(=O)C1=C(C)N(Cc2ccc(cc2)C(=O)O)C(=O)NC1c3c(F)cccc3Cl,0.6,1,N,73.33,NC(=O)NCc1ccc(cc1)C(=O)O,Fc1cccc(Cl)c1C=O,COCCOC(=O)CC(=O)C,C[Si](C)(C)Cl
3143,COCCOC(=O)C1=C(C)N(Cc2ccc(cc2)C(=O)O)C(=O)NC1c3ccccc3,0.6,1,N,73.5,NC(=O)NCc1ccc(cc1)C(=O)O,O=Cc1ccccc1,COCCOC(=O)CC(=O)C,C[Si](C)(C)Cl
3144,COCCOC(=O)C1=C(C)N(Cc2ccccc2)C(=O)NC1c3ccc(OC)cc3,0.6,1,N,58.5,NC(=O)NCc1ccccc1,COc1ccc(C=O)cc1,COCCOC(=O)CC(=O)C,C[Si](C)(C)Cl
3145,COCCOC(=O)C1=C(C)N(Cc2ccccc2)C(=O)NC1c3cccc(OCc4ccccn4)c3,0.6,1,N,35.17,NC(=O)NCc1ccccc1,O=Cc1cccc(OCc2ccccn2)c1,COCCOC(=O)CC(=O)C,C[Si](C)(C)Cl
3146,COCCOC(=O)C1=C(C)N(Cc2ccccc2)C(=S)NC1c3ccc(OC)c(O)c3,0.6,0,N,0.0,NC(=S)NCc1ccccc1,COc1ccc(C=O)cc1O,COCCOC(=O)CC(=O)C,C[Si](C)(C)Cl
3147,COCCOC(=O)C1=C(C)N(Cc2cccnc2)C(=O)NC1c3ccc(Br)cc3,0.6,0,N,0.0,NC(=O)NCc1cccnc1,Brc1ccc(C=O)cc1,COCCOC(=O)CC(=O)C,C[Si](C)(C)Cl
3148,COCCOC(=O)C1=C(C)N(Cc2ccco2)C(=O)NC1c3ccccc3,0.6,0,N,0.0,NC(=O)NCc1ccco1,O=Cc1ccccc1,COCCOC(=O)CC(=O)C,C[Si](C)(C)Cl
3149,COCCOC(=O)C1=C(C)N(Cc2cccs2)C(=O)NC1c3c(C)n[nH]c3C,0.6,0,N,0.0,NC(=O)NCc1cccs1,Cc1n[nH]c(C)c1C=O,COCCOC(=O)CC(=O)C,C[Si](C)(C)Cl
3150,COCCOC(=O)C1=C(C)NC(=O)NC1c2c(Cl)cccc2Cl,0.6,1,N,0.0,NC(=O)N,Clc1cccc(Cl)c1C=O,COCCOC(=O)CC(=O)C,
3151,COCCOC(=O)C1=C(C)NC(=O)NC1c2c(F)cccc2Cl,0.6,1,N,0.0,NC(=O)N,Fc1cccc(Cl)c1C=O,COCCOC(=O)CC(=O)C,
3152,COCCOC(=O)C1=C(C)NC(=O)NC1c2cc(Br)cs2,0.6,1,N,69.5,NC(=O)N,Brc1csc(C=O)c1,COCCOC(=O)CC(=O)C,C[Si](C)(C)Cl
3153,COCCOC(=O)C1=C(C)NC(=O)NC1c2cc(C)ccc2C,0.6,1,N,0.0,NC(=O)N,Cc1ccc(C)c(C=O)c1,COCCOC(=O)CC(=O)C,
3154,COCCOC(=O)C1=C(C)NC(=O)NC1c2ccc(Br)cc2,0.6,1,N,61.0,NC(=O)N,Brc1ccc(C=O)cc1,COCCOC(=O)CC(=O)C,C[Si](C)(C)Cl
3155,COCCOC(=O)C1=C(C)NC(=O)NC1c2ccc(C#N)cc2,0.6,0,N,0.0,NC(=O)N,O=Cc1ccc(C#N)cc1,COCCOC(=O)CC(=O)C,
3156,COCCOC(=O)C1=C(C)NC(=O)NC1c2ccc(C)cc2C,0.6,1,N,0.0,NC(=O)N,Cc1ccc(C=O)c(C)c1,COCCOC(=O)CC(=O)C,
3157,COCCOC(=O)C1=C(C)NC(=O)NC1c2ccc(Cl)c(Cl)c2,0.6,1,N,0.0,NC(=O)N,Clc1ccc(C=O)cc1Cl,COCCOC(=O)CC(=O)C,
3158,COCCOC(=O)C1=C(C)NC(=O)NC1c2ccc(Cl)c(c2)[N+](=O)[O-],0.6,1,N,0.0,NC(=O)N,[O-][N+](=O)c1cc(C=O)ccc1Cl,COCCOC(=O)CC(=O)C,
3159,COCCOC(=O)C1=C(C)NC(=O)NC1c2ccc(Cl)cc2,0.6,1,N,0.0,NC(=O)N,Clc1ccc(C=O)cc1,COCCOC(=O)CC(=O)C,
3160,COCCOC(=O)C1=C(C)NC(=O)NC1c2ccc(Cl)cc2Cl,0.6,1,N,0.0,NC(=O)N,Clc1ccc(C=O)c(Cl)c1,COCCOC(=O)CC(=O)C,
3161,COCCOC(=O)C1=C(C)NC(=O)NC1c2ccc(F)cc2F,0.6,1,N,0.0,NC(=O)N,Fc1ccc(C=O)c(F)c1,COCCOC(=O)CC(=O)C,
3162,COCCOC(=O)C1=C(C)NC(=O)NC1c2ccc(OC(F)F)c(OC)c2,0.6,1,N,44.0,NC(=O)N,COc1cc(C=O)ccc1OC(F)F,COCCOC(=O)CC(=O)C,C[Si](C)(C)Cl
3163,COCCOC(=O)C1=C(C)NC(=O)NC1c2ccc(OC(F)F)cc2,0.6,1,N,26.67,NC(=O)N,FC(F)Oc1ccc(C=O)cc1,COCCOC(=O)CC(=O)C,C[Si](C)(C)Cl
3164,COCCOC(=O)C1=C(C)NC(=O)NC1c2ccc(OC)c(OC)c2,0.6,1,N,0.0,NC(=O)N,COc1ccc(C=O)cc1OC,COCCOC(=O)CC(=O)C,
3165,COCCOC(=O)C1=C(C)NC(=O)NC1c2ccc(OC)c(OCc3ccccc3)c2,0.6,1,N,0.0,NC(=O)N,COc1ccc(C=O)cc1OCc2ccccc2,COCCOC(=O)CC(=O)C,
3166,COCCOC(=O)C1=C(C)NC(=O)NC1c2ccc(OC)cc2,0.6,0,N,0.0,NC(=O)N,COc1ccc(C=O)cc1,COCCOC(=O)CC(=O)C,C[Si](C)(C)Cl
3167,COCCOC(=O)C1=C(C)NC(=O)NC1c2ccc(OC)cc2,0.6,1,N,0.0,NC(=O)N,COc1ccc(C=O)cc1,COCCOC(=O)CC(=O)C,
3168,COCCOC(=O)C1=C(C)NC(=O)NC1c2ccc(OCc3ccc(Cl)cc3)c(OC)c2,0.6,1,N,0.0,NC(=O)N,COc1cc(C=O)ccc1OCc2ccc(Cl)cc2,COCCOC(=O)CC(=O)C,
3169,COCCOC(=O)C1=C(C)NC(=O)NC1c2ccc(OCc3ccc(Cl)cc3Cl)c(OC)c2,1.0,1,N,0.0,NC(=O)N,COc1cc(C=O)ccc1OCc2ccc(Cl)cc2Cl,COCCOC(=O)CC(=O)C,
3170,COCCOC(=O)C1=C(C)NC(=O)NC1c2ccc(OCc3ccc(cc3)C(=O)OC)cc2,0.6,1,N,0.0,NC(=O)N,COC(=O)c1ccc(COc2ccc(C=O)cc2)cc1,COCCOC(=O)CC(=O)C,
3171,COCCOC(=O)C1=C(C)NC(=O)NC1c2ccc(OCc3ccccc3)c(OC)c2,0.6,1,N,0.0,NC(=O)N,COc1cc(C=O)ccc1OCc2ccccc2,COCCOC(=O)CC(=O)C,
3172,COCCOC(=O)C1=C(C)NC(=O)NC1c2ccc(SC)cc2,0.6,1,N,0.0,NC(=O)N,CSc1ccc(C=O)cc1,COCCOC(=O)CC(=O)C,
3173,COCCOC(=O)C1=C(C)NC(=O)NC1c2ccc(cc2)C(=O)OC,0.6,1,N,0.0,NC(=O)N,COC(=O)c1ccc(C=O)cc1,COCCOC(=O)CC(=O)C,
3174,COCCOC(=O)C1=C(C)NC(=O)NC1c2ccc(cc2)C(C)(C)C,0.6,1,N,0.0,NC(=O)N,CC(C)(C)c1ccc(C=O)cc1,COCCOC(=O)CC(=O)C,
3175,COCCOC(=O)C1=C(C)NC(=O)NC1c2ccc(cc2)C(C)C,0.6,1,N,0.0,NC(=O)N,CC(C)c1ccc(C=O)cc1,COCCOC(=O)CC(=O)C,
3176,COCCOC(=O)C1=C(C)NC(=O)NC1c2ccc(cc2)C(C)C,0.6,1,N,30.0,NC(=O)N,CC(C)c1ccc(C=O)cc1,COCCOC(=O)CC(=O)C,C[Si](C)(C)Cl
3177,COCCOC(=O)C1=C(C)NC(=O)NC1c2ccc(cc2)N3CCOCC3,0.6,0,N,0.0,NC(=O)N,O=Cc1ccc(cc1)N2CCOCC2,COCCOC(=O)CC(=O)C,
3178,COCCOC(=O)C1=C(C)NC(=O)NC1c2ccc(cc2F)c3cccs3,0.303,1,N,93.83,NC(=O)N,Fc1cc(ccc1C=O)c2cccs2,COCCOC(=O)CC(=O)C,C[Si](C)(C)Cl
3179,COCCOC(=O)C1=C(C)NC(=O)NC1c2ccc(s2)c3ccccc3,0.6,1,N,29.0,NC(=O)N,O=Cc1ccc(s1)c2ccccc2,COCCOC(=O)CC(=O)C,C[Si](C)(C)Cl
3180,COCCOC(=O)C1=C(C)NC(=O)NC1c2ccc(s2)c3ccccc3,1.2,1,N,9.17,NC(=O)N,O=Cc1ccc(s1)c2ccccc2,COCCOC(=O)CC(=O)C,C[Si](C)(C)Cl
3181,COCCOC(=O)C1=C(C)NC(=O)NC1c2cccc(C)c2,0.6,1,N,0.0,NC(=O)N,Cc1cccc(C=O)c1,COCCOC(=O)CC(=O)C,
3182,COCCOC(=O)C1=C(C)NC(=O)NC1c2cccc(F)c2,0.6,1,N,0.0,NC(=O)N,Fc1cccc(C=O)c1,COCCOC(=O)CC(=O)C,
3183,COCCOC(=O)C1=C(C)NC(=O)NC1c2cccc(OC)c2,0.6,1,N,0.0,NC(=O)N,COc1cccc(C=O)c1,COCCOC(=O)CC(=O)C,
3184,COCCOC(=O)C1=C(C)NC(=O)NC1c2cccc(OCc3ccccc3)c2,0.6,1,N,0.0,NC(=O)N,O=Cc1cccc(OCc2ccccc2)c1,COCCOC(=O)CC(=O)C,
3185,COCCOC(=O)C1=C(C)NC(=O)NC1c2cccc(c2)[N+](=O)[O-],0.6,0,N,0.0,NC(=O)N,[O-][N+](=O)c1cccc(C=O)c1,COCCOC(=O)CC(=O)C,
3186,COCCOC(=O)C1=C(C)NC(=O)NC1c2ccccc2C,0.6,1,N,0.0,NC(=O)N,Cc1ccccc1C=O,COCCOC(=O)CC(=O)C,
3187,COCCOC(=O)C1=C(C)NC(=O)NC1c2ccccc2C(F)(F)F,0.6,1,N,0.0,NC(=O)N,FC(F)(F)c1ccccc1C=O,COCCOC(=O)CC(=O)C,
3188,COCCOC(=O)C1=C(C)NC(=S)NC1c2c(Cl)cccc2Cl,0.6,1,N,47.67,NC(=S)N,Clc1cccc(Cl)c1C=O,COCCOC(=O)CC(=O)C,C[Si](C)(C)Cl
3189,COCCOC(=O)C1=C(C)NC(=S)NC1c2c(F)cccc2Cl,0.6,1,N,68.5,NC(=S)N,Fc1cccc(Cl)c1C=O,COCCOC(=O)CC(=O)C,C[Si](C)(C)Cl
3190,COCCOC(=O)C1=C(C)NC(=S)NC1c2cc(Br)cs2,0.6,1,N,66.83,NC(=S)N,Brc1csc(C=O)c1,COCCOC(=O)CC(=O)C,C[Si](C)(C)Cl
3191,COCCOC(=O)C1=C(C)NC(=S)NC1c2cc(C)c(C)cc2C,0.6,1,N,51.33,NC(=S)N,Cc1cc(C)c(C=O)cc1C,COCCOC(=O)CC(=O)C,C[Si](C)(C)Cl
3192,COCCOC(=O)C1=C(C)NC(=S)NC1c2ccc(Cl)c(c2)[N+](=O)[O-],0.6,1,N,27.0,NC(=S)N,[O-][N+](=O)c1cc(C=O)ccc1Cl,COCCOC(=O)CC(=O)C,C[Si](C)(C)Cl
3193,COCCOC(=O)C1=C(C)NC(=S)NC1c2ccc(NC(=O)C)cc2,0.6,1,N,64.0,NC(=S)N,CC(=O)Nc1ccc(C=O)cc1,COCCOC(=O)CC(=O)C,C[Si](C)(C)Cl
3194,COCCOC(=O)C1=C(C)NC(=S)NC1c2ccc(OC(F)(F)F)cc2,0.6,1,N,61.83,NC(=S)N,FC(F)(F)Oc1ccc(C=O)cc1,COCCOC(=O)CC(=O)C,C[Si](C)(C)Cl
3195,COCCOC(=O)C1=C(C)NC(=S)NC1c2ccc(OC(F)F)c(OC)c2,0.6,1,N,42.17,NC(=S)N,COc1cc(C=O)ccc1OC(F)F,COCCOC(=O)CC(=O)C,C[Si](C)(C)Cl
3196,COCCOC(=O)C1=C(C)NC(=S)NC1c2ccc(OC(F)F)c(OC)c2,0.6,1,N,0.0,NC(=S)N,COc1cc(C=O)ccc1OC(F)F,COCCOC(=O)CC(=O)C,
3197,COCCOC(=O)C1=C(C)NC(=S)NC1c2ccc(OC(F)F)cc2,0.6,0,N,0.0,NC(=S)N,FC(F)Oc1ccc(C=O)cc1,COCCOC(=O)CC(=O)C,C[Si](C)(C)Cl
3198,COCCOC(=O)C1=C(C)NC(=S)NC1c2ccc(OC(F)F)cc2,0.6,1,N,0.0,NC(=S)N,FC(F)Oc1ccc(C=O)cc1,COCCOC(=O)CC(=O)C,
3199,COCCOC(=O)C1=C(C)NC(=S)NC1c2ccc(OC)c(OC)c2,0.6,1,N,43.0,NC(=S)N,COc1ccc(C=O)cc1OC,COCCOC(=O)CC(=O)C,C[Si](C)(C)Cl
3200,COCCOC(=O)C1=C(C)NC(=S)NC1c2ccc(OCc3ccc(cc3)C(=O)OC)cc2,0.9,1,N,41.44,NC(=S)N,COC(=O)c1ccc(COc2ccc(C=O)cc2)cc1,COCCOC(=O)CC(=O)C,
3201,COCCOC(=O)C1=C(C)NC(=S)NC1c2ccc(OCc3cccc(c3)C(F)(F)F)c(OC)c2,0.6,1,N,0.0,NC(=S)N,COc1cc(C=O)ccc1OCc2cccc(c2)C(F)(F)F,COCCOC(=O)CC(=O)C,
3202,COCCOC(=O)C1=C(C)NC(=S)NC1c2ccc(cc2)C(=O)OC,0.6,1,N,54.0,NC(=S)N,COC(=O)c1ccc(C=O)cc1,COCCOC(=O)CC(=O)C,C[Si](C)(C)Cl
3203,COCCOC(=O)C1=C(C)NC(=S)NC1c2ccc(cc2)N(C)CCO,0.6,0,N,0.0,NC(=S)N,CN(CCO)c1ccc(C=O)cc1,COCCOC(=O)CC(=O)C,C[Si](C)(C)Cl
3204,COCCOC(=O)C1=C(C)NC(=S)NC1c2ccc(o2)c3cccc(Cl)c3,0.6,0,N,0.0,NC(=S)N,Clc1cccc(c1)c2ccc(C=O)o2,COCCOC(=O)CC(=O)C,C[Si](C)(C)Cl
3205,COCCOC(=O)C1=C(C)NC(=S)NC1c2ccc(s2)c3ccccc3F,0.6,1,N,79.83,NC(=S)N,Fc1ccccc1c2ccc(C=O)s2,COCCOC(=O)CC(=O)C,C[Si](C)(C)Cl
3206,COCCOC(=O)C1=C(C)NC(=S)NC1c2cccc3ccccc23,0.6,0,N,0.0,NC(=S)N,O=Cc1cccc2ccccc12,COCCOC(=O)CC(=O)C,C[Si](C)(C)Cl
3207,COCCOC(=O)C1=C(C)NC(=S)NC1c2ccccc2C(=O)OC,0.6,1,N,18.33,NC(=S)N,COC(=O)c1ccccc1C=O,COCCOC(=O)CC(=O)C,C[Si](C)(C)Cl
3208,COCCOC(=O)C1=C(C)NC(=S)NC1c2ccccc2C(=O)OC,0.6,0,N,0.0,NC(=S)N,COC(=O)c1ccccc1C=O,COCCOC(=O)CC(=O)C,C[Si](C)(C)Cl
3209,COCCOC(=O)C1=C(C)NC(=S)NC1c2ccccc2C(F)(F)F,1.5,1,N,6.67,NC(=S)N,FC(F)(F)c1ccccc1C=O,COCCOC(=O)CC(=O)C,C[Si](C)(C)Cl
3210,COCCOC(=O)C1=C(C)NC(=S)NC1c2ccsc2,0.6,1,N,38.33,NC(=S)N,O=Cc1ccsc1,COCCOC(=O)CC(=O)C,C[Si](C)(C)Cl
3211,COCCOC(=O)C1=C(C)NC(=S)NC1c2cn(nc2c3ccc(Cl)cc3)c4ccccc4,0.6,1,N,0.0,NC(=S)N,Clc1ccc(cc1)c2nn(cc2C=O)c3ccccc3,COCCOC(=O)CC(=O)C,
3212,COCCOC(=O)C1=C(C)NC(=S)NC1c2sccc2C,0.6,0,N,0.0,NC(=S)N,Cc1ccsc1C=O,COCCOC(=O)CC(=O)C,C[Si](C)(C)Cl
3213,COCCOC(=O)C1=C(C)NC(=S)NC1c2sccc2C,0.6,1,N,53.33,NC(=S)N,Cc1ccsc1C=O,COCCOC(=O)CC(=O)C,C[Si](C)(C)Cl
3214,COc1cc(Cl)ccc1NC(=O)C2=C(C)N(C3CC3)C(=O)NC2c4cccc(F)c4,0.6,0,N,0.0,NC(=O)NC1CC1,Fc1cccc(C=O)c1,COc1cc(Cl)ccc1NC(=O)CC(=O)C,C[Si](C)(C)Cl
3215,COc1cc(Cl)ccc1NC(=O)C2=C(C)N(C3CC3)C(=O)NC2c4cccc(F)c4,0.6,1,N,35.0,NC(=O)NC1CC1,Fc1cccc(C=O)c1,COc1cc(Cl)ccc1NC(=O)CC(=O)C,C[Si](C)(C)Cl
3216,COc1cc(Cl)ccc1NC(=O)C2=C(C)N(C3CC3)C(=O)NC2c4cccc(F)c4,0.6,0,N,0.0,NC(=O)NC1CC1,Fc1cccc(C=O)c1,COc1cc(Cl)ccc1NC(=O)CC(=O)C,C[Si](C)(C)Cl
3217,COc1cc(Cl)ccc1NC(=O)C2=C(C)N(C3CC3)C(=O)NC2c4cccc(F)c4,0.6,0,N,0.0,NC(=O)NC1CC1,Fc1cccc(C=O)c1,COc1cc(Cl)ccc1NC(=O)CC(=O)C,C[Si](C)(C)Cl
3218,COc1cc(Cl)ccc1NC(=O)C2=C(C)N(C3CC3)C(=O)NC2c4ccccc4F,0.6,0,N,0.0,NC(=O)NC1CC1,Fc1ccccc1C=O,COc1cc(Cl)ccc1NC(=O)CC(=O)C,C[Si](C)(C)Cl
3219,COc1cc(Cl)ccc1NC(=O)C2=C(C)N(C3CC3)C(=O)NC2c4ccccc4F,0.6,1,N,27.5,NC(=O)NC1CC1,Fc1ccccc1C=O,COc1cc(Cl)ccc1NC(=O)CC(=O)C,C[Si](C)(C)Cl
3220,COc1cc(Cl)ccc1NC(=O)C2=C(C)NC(=O)NC2c3ccc(C#N)cc3,0.6,0,N,0.0,NC(=O)N,O=Cc1ccc(C#N)cc1,COc1cc(Cl)ccc1NC(=O)CC(=O)C,
3221,COc1cc(Cl)ccc1NC(=O)C2=C(C)NC(=O)NC2c3ccc(C#N)cc3,0.6,1,N,45.0,NC(=O)N,O=Cc1ccc(C#N)cc1,COc1cc(Cl)ccc1NC(=O)CC(=O)C,C[Si](C)(C)Cl
3222,COc1cc(Cl)ccc1NC(=O)C2=C(C)NC(=O)NC2c3ccc(Cl)cc3,0.6,1,N,33.33,NC(=O)N,Clc1ccc(C=O)cc1,COc1cc(Cl)ccc1NC(=O)CC(=O)C,C[Si](C)(C)Cl
3223,COc1cc(Cl)ccc1NC(=O)C2=C(C)NC(=O)NC2c3ccccc3F,0.6,1,N,23.33,NC(=O)N,Fc1ccccc1C=O,COc1cc(Cl)ccc1NC(=O)CC(=O)C,C[Si](C)(C)Cl
3224,COc1cc(Cl)ccc1NC(=O)C2=C(C)NC(=O)NC2c3ccccc3F,0.6,0,N,0.0,NC(=O)N,Fc1ccccc1C=O,COc1cc(Cl)ccc1NC(=O)CC(=O)C,
3225,COc1cc(Cl)ccc1NC(=O)C2=C(C)NC(=S)NC2c3ccc(OC(F)F)cc3,0.6,1,N,0.0,NC(=S)N,FC(F)Oc1ccc(C=O)cc1,COc1cc(Cl)ccc1NC(=O)CC(=O)C,
3226,COc1cc(Cl)ccc1NC(=O)C2=C(C)NC(=S)NC2c3cccc(Oc4ccccc4)c3,0.6,1,N,45.0,NC(=S)N,O=Cc1cccc(Oc2ccccc2)c1,COc1cc(Cl)ccc1NC(=O)CC(=O)C,C[Si](C)(C)Cl
3227,COc1cc(Cl)ccc1NC(=O)C2=C(C)NC(=S)NC2c3ccccc3OC(F)F,0.6,1,N,0.0,NC(=S)N,FC(F)Oc1ccccc1C=O,COc1cc(Cl)ccc1NC(=O)CC(=O)C,
3228,COc1cc(OC)c(C2NC(=S)N(C(=C2C(=O)Nc3cc(C)on3)C)c4ccccc4)c(OC)c1,0.6,0,N,0.0,NC(=S)Nc1ccccc1,COc1cc(OC)c(C=O)c(OC)c1,CC(=O)CC(=O)Nc1cc(C)on1,C[Si](C)(C)Cl
3229,COc1cc(OC)c(cc1OC)C2NC(=O)NC(=C2C(=O)Nc3ccc(C)c(C)c3)C,0.6,0,N,0.0,NC(=O)N,COc1cc(OC)c(C=O)cc1OC,CC(=O)CC(=O)Nc1ccc(C)c(C)c1,
3230,COc1cc(OC)c(cc1OC)C2NC(=S)N(C(=C2C(=O)Nc3cc(C)on3)C)c4ccccc4,0.6,1,N,25.0,NC(=S)Nc1ccccc1,COc1cc(OC)c(C=O)cc1OC,CC(=O)CC(=O)Nc1cc(C)on1,C[Si](C)(C)Cl
3231,COc1cc(OC)c(cc1OC)C2NC(=S)NC(=C2C(=O)Nc3ccc(C)c(Cl)c3)C,0.6,0,N,0.0,NC(=S)N,COc1cc(OC)c(C=O)cc1OC,CC(=O)CC(=O)Nc1ccc(C)c(Cl)c1,C[Si](C)(C)Cl
3232,COc1cc(OC)c(cc1OC)C2NC(=S)NC(=C2C(=O)Nc3cccc(Cl)c3)C,0.6,0,N,0.0,NC(=S)N,COc1cc(OC)c(C=O)cc1OC,CC(=O)CC(=O)Nc1cccc(Cl)c1,C[Si](C)(C)Cl
3233,COc1cc(OC)c(cc1OC)C2NC(=S)NC(=C2C(=O)Nc3cccc(Cl)c3)C,0.6,0,N,0.0,NC(=S)N,COc1cc(OC)c(C=O)cc1OC,CC(=O)CC(=O)Nc1cccc(Cl)c1,C[Si](C)(C)Cl
3234,COc1cc(OC)cc(c1)C2NC(=S)N(C(=C2C(=O)Nc3cc(C)on3)C)c4cccc(C)c4,0.6,1,N,100.0,Cc1cccc(NC(=S)N)c1,COc1cc(OC)cc(C=O)c1,CC(=O)CC(=O)Nc1cc(C)on1,C[Si](C)(C)Cl
3235,COc1cc(OC)cc(c1)C2NC(=S)N(C(=C2C(=O)Nc3cc(C)on3)C)c4ccccc4,0.6,1,N,55.0,NC(=S)Nc1ccccc1,COc1cc(OC)cc(C=O)c1,CC(=O)CC(=O)Nc1cc(C)on1,C[Si](C)(C)Cl
3236,COc1cc(cc(Cl)c1O)C2NC(=S)N(C(=C2C(=O)Nc3cc(C)on3)C)c4ccccc4,0.6,1,N,43.33,NC(=S)Nc1ccccc1,COc1cc(C=O)cc(Cl)c1O,CC(=O)CC(=O)Nc1cc(C)on1,C[Si](C)(C)Cl
3237,COc1cc(cc(OC)c1O)C2NC(=O)N(CC=C)C(=C2C(=O)Nc3cccc(Cl)c3)C,0.6,0,N,0.0,NC(=O)NCC=C,COc1cc(C=O)cc(OC)c1O,CC(=O)CC(=O)Nc1cccc(Cl)c1,C[Si](C)(C)Cl
3238,COc1cc(cc(OC)c1O)C2NC(=S)N(C(=C2C(=O)Nc3cc(C)on3)C)c4cccc(C)c4,0.6,1,N,13.83,Cc1cccc(NC(=S)N)c1,COc1cc(C=O)cc(OC)c1O,CC(=O)CC(=O)Nc1cc(C)on1,C[Si](C)(C)Cl
3239,COc1cc(cc(OC)c1O)C2NC(=S)N(C(=C2C(=O)Nc3cc(C)on3)C)c4ccccc4,0.6,1,N,9.17,NC(=S)Nc1ccccc1,COc1cc(C=O)cc(OC)c1O,CC(=O)CC(=O)Nc1cc(C)on1,C[Si](C)(C)Cl
3240,COc1cc(cc(OC)c1O)C2NC(=S)N(C(=C2C(=O)Nc3cc(C)on3)C)c4ccccc4,0.6,1,N,25.0,NC(=S)Nc1ccccc1,COc1cc(C=O)cc(OC)c1O,CC(=O)CC(=O)Nc1cc(C)on1,C[Si](C)(C)Cl
3241,COc1cc(cc(OC)c1OC)C2=C(C(NC(=S)N2)c3ccc(Cl)cc3)c4nc5ccccc5[nH]4,0.6,1,N,88.5,NC(=S)N,Clc1ccc(C=O)cc1,COc1cc(cc(OC)c1OC)C(=O)Cc2nc3ccccc3[nH]2,
3242,COc1cc(cc(OC)c1OC)C2NC(=O)NC(=C2C(=O)Nc3cccc(Cl)c3)C,0.4,0,N,0.0,NC(=O)N,COc1cc(C=O)cc(OC)c1OC,CC(=O)CC(=O)Nc1cccc(Cl)c1,C[Si](C)(C)Cl
3243,COc1cc(cc(OC)c1OC)C2NC(=O)NC(=C2C(=O)Nc3cccc(Cl)c3)C,0.6,0,N,0.0,NC(=O)N,COc1cc(C=O)cc(OC)c1OC,CC(=O)CC(=O)Nc1cccc(Cl)c1,C[Si](C)(C)Cl
3244,COc1cc(cc(OC)c1OC)C2NC(=S)N(C(=C2C(=O)Nc3cc(C)on3)C)c4ccccc4,0.6,1,N,23.33,NC(=S)Nc1ccccc1,COc1cc(C=O)cc(OC)c1OC,CC(=O)CC(=O)Nc1cc(C)on1,C[Si](C)(C)Cl
3245,COc1cc(cc2OCOc21)C3NC(=S)NC(=C3C(=O)N4CCOCC4)C,0.6,1,N,13.67,NC(=S)N,COc1cc(C=O)cc2OCOc21,CC(=O)CC(=O)N1CCOCC1,C[Si](C)(C)Cl
3246,COc1cc(ccc1COc2ccc(cc2OC)C3NC(=S)NC(=C3C(=O)N4CCOCC4)C)C(=O)C,0.6,0,N,0.0,NC(=S)N,COc1cc(ccc1COc2ccc(C=O)cc2OC)C(=O)C,CC(=O)CC(=O)N1CCOCC1,
3247,COc1cc(ccc1COc2ccc(cc2OC)C3NC(=S)NC(=C3C(=O)c4ccccc4)C)C(=O)C,1.0,0,N,0.0,NC(=S)N,COc1cc(ccc1COc2ccc(C=O)cc2OC)C(=O)C,CC(=O)CC(=O)c1ccccc1,
3248,COc1cc(ccc1O)C2NC(=O)NC(=C2C(=O)Nc3cc(Cl)ccc3C)C,0.6,0,N,0.0,NC(=O)N,COc1cc(C=O)ccc1O,CC(=O)CC(=O)Nc1cc(Cl)ccc1C,
3249,COc1cc(ccc1O)C2NC(=O)NC(=C2C(=O)Nc3ccc(C)cc3C)C,0.6,0,N,0.0,NC(=O)N,COc1cc(C=O)ccc1O,CC(=O)CC(=O)Nc1ccc(C)cc1C,
3250,COc1cc(ccc1O)C2NC(=S)N(C(=C2C(=O)Nc3cc(C)on3)C)c4cc(C)cc(C)c4,0.6,0,N,0.0,Cc1cc(C)cc(NC(=S)N)c1,COc1cc(C=O)ccc1O,CC(=O)CC(=O)Nc1cc(C)on1,C[Si](C)(C)Cl
3251,COc1cc(ccc1O)C2NC(=S)N(C(=C2C(=O)Nc3cc(C)on3)C)c4ccc(C)c(C)c4,0.6,0,N,0.0,Cc1ccc(NC(=S)N)cc1C,COc1cc(C=O)ccc1O,CC(=O)CC(=O)Nc1cc(C)on1,C[Si](C)(C)Cl
3252,COc1cc(ccc1O)C2NC(=S)N(C(=C2C(=O)Nc3cc(C)on3)C)c4cccc(C)c4,0.6,0,N,0.0,Cc1cccc(NC(=S)N)c1,COc1cc(C=O)ccc1O,CC(=O)CC(=O)Nc1cc(C)on1,C[Si](C)(C)Cl
3253,COc1cc(ccc1O)C2NC(=S)N(C(=C2C(=O)Nc3cc(C)on3)C)c4ccccc4,0.6,1,N,49.17,NC(=S)Nc1ccccc1,COc1cc(C=O)ccc1O,CC(=O)CC(=O)Nc1cc(C)on1,C[Si](C)(C)Cl
3254,COc1cc(ccc1O)C2NC(=S)NC(=C2C(=O)N3CCOCC3)C,0.6,1,N,0.0,NC(=S)N,COc1cc(C=O)ccc1O,CC(=O)CC(=O)N1CCOCC1,
3255,COc1cc(ccc1O)C2NC(=S)NC(=C2C(=O)Nc3ccc(C)c(Cl)c3)C,0.6,0,N,0.0,NC(=S)N,COc1cc(C=O)ccc1O,CC(=O)CC(=O)Nc1ccc(C)c(Cl)c1,
3256,COc1cc(ccc1O)C2NC(=S)NC(=C2C(=O)OCc3ccccc3)C,1.0,1,N,0.0,NC(=S)N,COc1cc(C=O)ccc1O,CC(=O)CC(=O)OCc1ccccc1,
3257,COc1cc(ccc1OC(F)F)C2N(C)C(=O)N(C)C(=C2C(=O)Nc3ccccc3)C,0.6,0,N,0.0,CNC(=O)NC,COc1cc(C=O)ccc1OC(F)F,CC(=O)CC(=O)Nc1ccccc1,C[Si](C)(C)Cl
3258,COc1cc(ccc1OC(F)F)C2NC(=O)N(C)C(=C2C(=O)Nc3ccc(Cl)cc3)C,0.6,0,N,0.0,CNC(=O)N,COc1cc(C=O)ccc1OC(F)F,CC(=O)CC(=O)Nc1ccc(Cl)cc1,C[Si](C)(C)Cl
3259,COc1cc(ccc1OC(F)F)C2NC(=O)N(C)C(=C2C(=O)Nc3ccccc3)C,0.6,0,N,0.0,CNC(=O)N,COc1cc(C=O)ccc1OC(F)F,CC(=O)CC(=O)Nc1ccccc1,C[Si](C)(C)Cl
3260,COc1cc(ccc1OC(F)F)C2NC(=O)N(C3CC3)C(=C2C(=O)Nc4cccc(Cl)c4)C,0.6,0,N,0.0,NC(=O)NC1CC1,COc1cc(C=O)ccc1OC(F)F,CC(=O)CC(=O)Nc1cccc(Cl)c1,C[Si](C)(C)Cl
3261,COc1cc(ccc1OC(F)F)C2NC(=O)N(CC=C)C(=C2C(=O)Nc3ccccc3)C,0.6,0,N,0.0,NC(=O)NCC=C,COc1cc(C=O)ccc1OC(F)F,CC(=O)CC(=O)Nc1ccccc1,C[Si](C)(C)Cl
3262,COc1cc(ccc1OC(F)F)C2NC(=S)N(C(=C2C(=O)N(C)C)C)c3cccc(C)c3,0.6,1,N,95.0,Cc1cccc(NC(=S)N)c1,COc1cc(C=O)ccc1OC(F)F,CN(C)C(=O)CC(=O)C,C[Si](C)(C)Cl
3263,COc1cc(ccc1OC(F)F)C2NC(=S)N(C)C(=C2C(=O)Nc3cc(C)on3)C,0.6,1,N,22.67,CNC(=S)N,COc1cc(C=O)ccc1OC(F)F,CC(=O)CC(=O)Nc1cc(C)on1,C[Si](C)(C)Cl
3264,COc1cc(ccc1OC(F)F)C2NC(=S)N(CC=C)C(=C2C(=O)Nc3cc(C)on3)C,0.6,1,N,58.33,NC(=S)NCC=C,COc1cc(C=O)ccc1OC(F)F,CC(=O)CC(=O)Nc1cc(C)on1,C[Si](C)(C)Cl
3265,COc1cc(ccc1OC(F)F)C2NC(=S)NC(=C2C(=O)N3CCOCC3)C,0.6,0,N,0.0,NC(=S)N,COc1cc(C=O)ccc1OC(F)F,CC(=O)CC(=O)N1CCOCC1,
3266,COc1cc(ccc1OC(F)F)C2NC(=S)NC(=C2C(=O)Nc3cc(Cl)ccc3C)C,0.6,0,N,0.0,NC(=S)N,COc1cc(C=O)ccc1OC(F)F,CC(=O)CC(=O)Nc1cc(Cl)ccc1C,
3267,COc1cc(ccc1OC(F)F)C2NC(=S)NC(=C2C(=O)Nc3ccc(Br)cc3)C,0.6,1,N,0.0,NC(=S)N,COc1cc(C=O)ccc1OC(F)F,CC(=O)CC(=O)Nc1ccc(Br)cc1,
3268,COc1cc(ccc1OC(F)F)C2NC(=S)NC(=C2C(=O)Nc3ccc(C)c(C)c3)C,0.6,1,N,4.0,NC(=S)N,COc1cc(C=O)ccc1OC(F)F,CC(=O)CC(=O)Nc1ccc(C)c(C)c1,
3269,COc1cc(ccc1OC(F)F)C2NC(=S)NC(=C2C(=O)Nc3ccc(C)c(Cl)c3)C,0.9,1,N,29.44,NC(=S)N,COc1cc(C=O)ccc1OC(F)F,CC(=O)CC(=O)Nc1ccc(C)c(Cl)c1,
3270,COc1cc(ccc1OC(F)F)C2NC(=S)NC(=C2C(=O)Nc3ccc(C)cc3)C,0.6,1,N,0.0,NC(=S)N,COc1cc(C=O)ccc1OC(F)F,CC(=O)CC(=O)Nc1ccc(C)cc1,
3271,COc1cc(ccc1OC(F)F)C2NC(=S)NC(=C2C(=O)Nc3ccc(C)cc3C)C,0.6,0,N,0.0,NC(=S)N,COc1cc(C=O)ccc1OC(F)F,CC(=O)CC(=O)Nc1ccc(C)cc1C,
3272,COc1cc(ccc1OC(F)F)C2NC(=S)NC(=C2C(=O)Nc3ccc(F)cc3)C,0.6,1,N,0.0,NC(=S)N,COc1cc(C=O)ccc1OC(F)F,CC(=O)CC(=O)Nc1ccc(F)cc1,
3273,COc1cc(ccc1OC(F)F)C2NC(=S)NC(=C2C(=O)Nc3ccc(cc3)[N+](=O)[O-])C,0.9,0,N,0.0,NC(=S)N,COc1cc(C=O)ccc1OC(F)F,CC(=O)CC(=O)Nc1ccc(cc1)[N+](=O)[O-],
3274,COc1cc(ccc1OC(F)F)C2NC(=S)NC(=C2C(=O)Nc3cccc(Cl)c3)C,0.6,1,N,27.5,NC(=S)N,COc1cc(C=O)ccc1OC(F)F,CC(=O)CC(=O)Nc1cccc(Cl)c1,
3275,COc1cc(ccc1OC(F)F)C2NC(=S)NC(=C2C(=O)Nc3cccc(c3)[N+](=O)[O-])C,0.6,1,N,0.0,NC(=S)N,COc1cc(C=O)ccc1OC(F)F,CC(=O)CC(=O)Nc1cccc(c1)[N+](=O)[O-],
3276,COc1cc(ccc1OC(F)F)C2NC(=S)NC(=C2C(=O)Nc3ccccc3)C,0.6,1,N,0.0,NC(=S)N,COc1cc(C=O)ccc1OC(F)F,CC(=O)CC(=O)Nc1ccccc1,
3277,COc1cc(ccc1OC(F)F)C2NC(=S)NC(=C2C(=O)Nc3ccccc3C(F)(F)F)C,0.6,1,N,39.33,NC(=S)N,COc1cc(C=O)ccc1OC(F)F,CC(=O)CC(=O)Nc1ccccc1C(F)(F)F,
3278,COc1cc(ccc1OC(F)F)C2NC(=S)NC(=C2C(=O)Nc3ccccc3Cl)C,0.9,0,N,0.0,NC(=S)N,COc1cc(C=O)ccc1OC(F)F,CC(=O)CC(=O)Nc1ccccc1Cl,
3279,COc1cc(ccc1OC(F)F)C2NC(=S)NC(=C2C(=O)c3ccccc3)C,0.6,1,N,0.0,NC(=S)N,COc1cc(C=O)ccc1OC(F)F,CC(=O)CC(=O)c1ccccc1,
3280,COc1cc(ccc1OCC(=O)N)C2NC(=S)NC(=C2C(=O)Nc3ccccc3)C,0.6,0,N,0.0,NC(=S)N,COc1cc(C=O)ccc1OCC(=O)N,CC(=O)CC(=O)Nc1ccccc1,C[Si](C)(C)Cl
3281,COc1cc(ccc1OCC(=O)N2CC(C)OC(C)C2)C3NC(=S)NC(=C3C(=O)N(C)C)C,0.6,0,N,0.0,NC(=S)N,COc1cc(C=O)ccc1OCC(=O)N2CC(C)OC(C)C2,CN(C)C(=O)CC(=O)C,C[Si](C)(C)Cl
3282,COc1cc(ccc1OCC(=O)N2CC(C)OC(C)C2)C3NC(=S)NC(=C3C(=O)N(C)C)C,0.6,0,N,0.0,NC(=S)N,COc1cc(C=O)ccc1OCC(=O)N2CC(C)OC(C)C2,CN(C)C(=O)CC(=O)C,C[Si](C)(C)Cl
3283,COc1cc(ccc1OCC(=O)N2CC(C)OC(C)C2)C3NC(=S)NC(=C3C(=O)Nc4cc(Cl)ccc4C)C,0.6,0,N,0.0,NC(=S)N,COc1cc(C=O)ccc1OCC(=O)N2CC(C)OC(C)C2,CC(=O)CC(=O)Nc1cc(Cl)ccc1C,
3284,COc1cc(ccc1OCC(=O)N2CC(C)OC(C)C2)C3NC(=S)NC(=C3C(=O)Nc4ccc(C)c(Cl)c4)C,0.6,1,N,43.17,NC(=S)N,COc1cc(C=O)ccc1OCC(=O)N2CC(C)OC(C)C2,CC(=O)CC(=O)Nc1ccc(C)c(Cl)c1,
3285,COc1cc(ccc1OCC(=O)N2CC(C)OC(C)C2)C3NC(=S)NC(=C3C(=O)Nc4ccc(C)cc4C)C,0.6,0,N,0.0,NC(=S)N,COc1cc(C=O)ccc1OCC(=O)N2CC(C)OC(C)C2,CC(=O)CC(=O)Nc1ccc(C)cc1C,
3286,COc1cc(ccc1OCC(=O)N2CC(C)OC(C)C2)C3NC(=S)NC(=C3C(=O)Nc4ccccc4)C,0.6,0,N,0.0,NC(=S)N,COc1cc(C=O)ccc1OCC(=O)N2CC(C)OC(C)C2,CC(=O)CC(=O)Nc1ccccc1,
3287,COc1cc(ccc1OCC(=O)N2CCOCC2)C3NC(=S)NC(=C3C(=O)N4CCOCC4)C,0.6,1,N,84.17,NC(=S)N,COc1cc(C=O)ccc1OCC(=O)N2CCOCC2,CC(=O)CC(=O)N1CCOCC1,
3288,COc1cc(ccc1OCC(=O)N2CCOCC2)C3NC(=S)NC(=C3C(=O)Nc4ccc(C)cc4C)C,0.6,0,N,0.0,NC(=S)N,COc1cc(C=O)ccc1OCC(=O)N2CCOCC2,CC(=O)CC(=O)Nc1ccc(C)cc1C,
3289,COc1cc(ccc1OCC(=O)Nc2cccc(c2)C(F)(F)F)C3NC(=S)NC(=C3C(=O)Nc4cc(Cl)ccc4C)C,0.6,1,N,0.0,NC(=S)N,COc1cc(C=O)ccc1OCC(=O)Nc2cccc(c2)C(F)(F)F,CC(=O)CC(=O)Nc1cc(Cl)ccc1C,
3290,COc1cc(ccc1OCC(=O)Nc2cccc(c2)C(F)(F)F)C3NC(=S)NC(=C3C(=O)Nc4ccc(C)c(Cl)c4)C,0.6,1,N,58.33,NC(=S)N,COc1cc(C=O)ccc1OCC(=O)Nc2cccc(c2)C(F)(F)F,CC(=O)CC(=O)Nc1ccc(C)c(Cl)c1,
3291,COc1cc(ccc1OCC(C)C)C2NC(=S)NC(=C2C(=O)c3ccccc3)C,0.6,0,N,0.0,NC(=S)N,COc1cc(C=O)ccc1OCC(C)C,CC(=O)CC(=O)c1ccccc1,
3292,COc1cc(ccc1OCc2ccc(Cl)cc2)C3NC(=O)NC(=C3C(=O)N(C)C)C,0.9,0,N,0.0,NC(=O)N,COc1cc(C=O)ccc1OCc2ccc(Cl)cc2,CN(C)C(=O)CC(=O)C,
3293,COc1cc(ccc1OCc2ccc(Cl)cc2)C3NC(=O)NC(=C3C(=O)N4CCOCC4)C,0.6,0,N,0.0,NC(=O)N,COc1cc(C=O)ccc1OCc2ccc(Cl)cc2,CC(=O)CC(=O)N1CCOCC1,C[Si](C)(C)Cl
3294,COc1cc(ccc1OCc2ccc(Cl)cc2)C3NC(=O)NC(=C3C(=O)N4CCOCC4)C,0.6,0,N,0.0,NC(=O)N,COc1cc(C=O)ccc1OCc2ccc(Cl)cc2,CC(=O)CC(=O)N1CCOCC1,
3295,COc1cc(ccc1OCc2ccc(Cl)cc2)C3NC(=O)NC(=C3C(=O)Nc4ccccc4)C,0.6,0,N,0.0,NC(=O)N,COc1cc(C=O)ccc1OCc2ccc(Cl)cc2,CC(=O)CC(=O)Nc1ccccc1,
3296,COc1cc(ccc1OCc2ccc(Cl)cc2)C3NC(=O)NC(=C3C(=O)c4ccc(Cl)cc4)C,0.6,0,N,0.0,NC(=O)N,COc1cc(C=O)ccc1OCc2ccc(Cl)cc2,CC(=O)CC(=O)c1ccc(Cl)cc1,
3297,COc1cc(ccc1OCc2ccc(Cl)cc2)C3NC(=O)NC(=C3C(=O)c4ccccc4)C,0.6,0,N,0.0,NC(=O)N,COc1cc(C=O)ccc1OCc2ccc(Cl)cc2,CC(=O)CC(=O)c1ccccc1,
3298,COc1cc(ccc1OCc2ccc(Cl)cc2Cl)C3NC(=O)NC(=C3C(=O)N(C)C)C,0.9,0,N,0.0,NC(=O)N,COc1cc(C=O)ccc1OCc2ccc(Cl)cc2Cl,CN(C)C(=O)CC(=O)C,
3299,COc1cc(ccc1OCc2ccc(Cl)cc2Cl)C3NC(=O)NC(=C3C(=O)N(C)C)C,0.6,0,N,0.0,NC(=O)N,COc1cc(C=O)ccc1OCc2ccc(Cl)cc2Cl,CN(C)C(=O)CC(=O)C,
3300,COc1cc(ccc1OCc2ccc(Cl)cc2Cl)C3NC(=O)NC(=C3C(=O)c4ccccc4)C,0.6,0,N,0.0,NC(=O)N,COc1cc(C=O)ccc1OCc2ccc(Cl)cc2Cl,CC(=O)CC(=O)c1ccccc1,
3301,COc1cc(ccc1OCc2ccc(F)cc2)C3NC(=O)NC(=C3C(=O)N4CCOCC4)C,0.6,0,N,0.0,NC(=O)N,COc1cc(C=O)ccc1OCc2ccc(F)cc2,CC(=O)CC(=O)N1CCOCC1,
3302,COc1cc(ccc1OCc2ccc(F)cc2)C3NC(=O)NC(=C3C(=O)c4ccccc4)C,0.6,0,N,0.0,NC(=O)N,COc1cc(C=O)ccc1OCc2ccc(F)cc2,CC(=O)CC(=O)c1ccccc1,
3303,COc1cc(ccc1OCc2ccc(F)cc2)C3NC(=S)NC(=C3C(=O)OC(C)(C)C)C,0.6,1,N,91.33,NC(=S)N,COc1cc(C=O)ccc1OCc2ccc(F)cc2,CC(=O)CC(=O)OC(C)(C)C,
3304,COc1cc(ccc1OCc2cccc(c2)C(F)(F)F)C3NC(=O)NC(=C3C(=O)N(C)C)C,0.9,0,N,0.0,NC(=O)N,COc1cc(C=O)ccc1OCc2cccc(c2)C(F)(F)F,CN(C)C(=O)CC(=O)C,
3305,COc1cc(ccc1OCc2cccc(c2)C(F)(F)F)C3NC(=O)NC(=C3C(=O)c4ccccc4)C,0.6,0,N,0.0,NC(=O)N,COc1cc(C=O)ccc1OCc2cccc(c2)C(F)(F)F,CC(=O)CC(=O)c1ccccc1,
3306,COc1cc(ccc1OCc2cccc(c2)C(F)(F)F)C3NC(=S)NC(=C3C(=O)N(C)C)C,0.6,1,N,47.5,NC(=S)N,COc1cc(C=O)ccc1OCc2cccc(c2)C(F)(F)F,CN(C)C(=O)CC(=O)C,
3307,COc1cc(ccc1OCc2ccccc2)C3NC(=O)NC(=C3C(=O)N(C)C)C,0.9,0,N,0.0,NC(=O)N,COc1cc(C=O)ccc1OCc2ccccc2,CN(C)C(=O)CC(=O)C,
3308,COc1cc(ccc1OCc2ccccc2)C3NC(=O)NC(=C3C(=O)Nc4ccc(cc4)[N+](=O)[O-])C,0.6,0,N,0.0,NC(=O)N,COc1cc(C=O)ccc1OCc2ccccc2,CC(=O)CC(=O)Nc1ccc(cc1)[N+](=O)[O-],
3309,COc1cc(ccc1OCc2ccccc2)C3NC(=O)NC(=C3C(=O)Nc4cccc(c4)[N+](=O)[O-])C,0.6,0,N,0.0,NC(=O)N,COc1cc(C=O)ccc1OCc2ccccc2,CC(=O)CC(=O)Nc1cccc(c1)[N+](=O)[O-],C[Si](C)(C)Cl
3310,COc1cc(ccc1OCc2ccccc2)C3NC(=O)NC(=C3C(=O)Nc4ccccc4)C,0.6,0,N,0.0,NC(=O)N,COc1cc(C=O)ccc1OCc2ccccc2,CC(=O)CC(=O)Nc1ccccc1,
3311,COc1cc(ccc1OCc2ccccc2Cl)C3NC(=O)NC(=C3C(=O)N(C)C)C,0.6,0,N,0.0,NC(=O)N,COc1cc(C=O)ccc1OCc2ccccc2Cl,CN(C)C(=O)CC(=O)C,
3312,COc1cc(ccc1OCc2ccccc2Cl)C3NC(=O)NC(=C3C(=O)N4CCOCC4)C,0.6,0,N,0.0,NC(=O)N,COc1cc(C=O)ccc1OCc2ccccc2Cl,CC(=O)CC(=O)N1CCOCC1,C[Si](C)(C)Cl
3313,COc1cc(ccc1OCc2ccccc2Cl)C3NC(=O)NC(=C3C(=O)Nc4ccccc4)C,0.6,0,N,0.0,NC(=O)N,COc1cc(C=O)ccc1OCc2ccccc2Cl,CC(=O)CC(=O)Nc1ccccc1,
3314,COc1cc(ccc1OCc2ccccc2Cl)C3NC(=O)NC(=C3C(=O)c4ccccc4)C,0.6,0,N,0.0,NC(=O)N,COc1cc(C=O)ccc1OCc2ccccc2Cl,CC(=O)CC(=O)c1ccccc1,
3315,COc1cc(ccc1OS(=O)(=O)c2cc(C)ccc2C)C3NC(=S)NC(=C3C(=O)N(C)C)C,0.6,1,N,16.0,NC(=S)N,COc1cc(C=O)ccc1OS(=O)(=O)c2cc(C)ccc2C,CN(C)C(=O)CC(=O)C,
3316,COc1ccc(Br)cc1C2N(C)C(=O)N(C)C(=C2C(=O)Nc3cc(C)on3)C,0.6,0,N,0.0,CNC(=O)NC,COc1ccc(Br)cc1C=O,CC(=O)CC(=O)Nc1cc(C)on1,C[Si](C)(C)Cl
3317,COc1ccc(Br)cc1C2NC(=O)N(C)C(=C2C(=O)Nc3cc(C)on3)C,0.6,0,N,0.0,CNC(=O)N,COc1ccc(Br)cc1C=O,CC(=O)CC(=O)Nc1cc(C)on1,C[Si](C)(C)Cl
3318,COc1ccc(Br)cc1C2NC(=O)N(C)C(=C2C(=O)Nc3cc(C)on3)C,0.6,0,N,0.0,CNC(=O)N,COc1ccc(Br)cc1C=O,CC(=O)CC(=O)Nc1cc(C)on1,C[Si](C)(C)Cl
3319,COc1ccc(Br)cc1C2NC(=O)N(CC(C)C)C(=C2C(=O)Nc3cc(C)on3)C,0.6,0,N,0.0,CC(C)CNC(=O)N,COc1ccc(Br)cc1C=O,CC(=O)CC(=O)Nc1cc(C)on1,C[Si](C)(C)Cl
3320,COc1ccc(Br)cc1C2NC(=O)N(CC(C)C)C(=C2C(=O)Nc3cc(C)on3)C,0.6,1,N,0.67,CC(C)CNC(=O)N,COc1ccc(Br)cc1C=O,CC(=O)CC(=O)Nc1cc(C)on1,C[Si](C)(C)Cl
3321,COc1ccc(Br)cc1C2NC(=O)N(CC=C)C(=C2C(=O)Nc3cc(C)on3)C,0.6,1,N,16.67,NC(=O)NCC=C,COc1ccc(Br)cc1C=O,CC(=O)CC(=O)Nc1cc(C)on1,C[Si](C)(C)Cl
3322,COc1ccc(Br)cc1C2NC(=O)NC(=C2C(=O)N(C)C)C,0.6,1,N,0.0,NC(=O)N,COc1ccc(Br)cc1C=O,CN(C)C(=O)CC(=O)C,
3323,COc1ccc(Br)cc1C2NC(=O)NC(=C2C(=O)N3CCOCC3)C,0.6,0,N,0.0,NC(=O)N,COc1ccc(Br)cc1C=O,CC(=O)CC(=O)N1CCOCC1,
3324,COc1ccc(Br)cc1C2NC(=O)NC(=C2C(=O)Nc3cc(C)on3)C,0.6,0,N,0.0,NC(=O)N,COc1ccc(Br)cc1C=O,CC(=O)CC(=O)Nc1cc(C)on1,C[Si](C)(C)Cl
3325,COc1ccc(Br)cc1C2NC(=O)NC(=C2C(=O)Nc3ccc(Br)cc3)C,0.6,0,N,0.0,NC(=O)N,COc1ccc(Br)cc1C=O,CC(=O)CC(=O)Nc1ccc(Br)cc1,
3326,COc1ccc(Br)cc1C2NC(=O)NC(=C2C(=O)Nc3ccc(cc3)[N+](=O)[O-])C,0.6,1,N,0.0,NC(=O)N,COc1ccc(Br)cc1C=O,CC(=O)CC(=O)Nc1ccc(cc1)[N+](=O)[O-],
3327,COc1ccc(Br)cc1C2NC(=O)NC(=C2C(=O)Nc3cccc(c3)C(F)(F)F)C,0.6,0,N,0.0,NC(=O)N,COc1ccc(Br)cc1C=O,CC(=O)CC(=O)Nc1cccc(c1)C(F)(F)F,
3328,COc1ccc(Br)cc1C2NC(=O)NC(=C2C(=O)Nc3cccc(c3)[N+](=O)[O-])C,0.6,1,N,0.0,NC(=O)N,COc1ccc(Br)cc1C=O,CC(=O)CC(=O)Nc1cccc(c1)[N+](=O)[O-],
3329,COc1ccc(Br)cc1C2NC(=O)NC(=C2C(=O)Nc3ccccc3)C,0.6,1,N,0.0,NC(=O)N,COc1ccc(Br)cc1C=O,CC(=O)CC(=O)Nc1ccccc1,
3330,COc1ccc(Br)cc1C2NC(=S)N(C)C(=C2C(=O)Nc3cc(C)on3)C,0.6,1,N,65.0,CNC(=S)N,COc1ccc(Br)cc1C=O,CC(=O)CC(=O)Nc1cc(C)on1,C[Si](C)(C)Cl
3331,COc1ccc(Br)cc1C2NC(=S)NC(=C2C(=O)Nc3ccccc3C(C)C)C,0.6,0,N,0.0,NC(=S)N,COc1ccc(Br)cc1C=O,CC(C)c1ccccc1NC(=O)CC(=O)C,C[Si](C)(C)Cl
3332,COc1ccc(C)cc1N2C(=C(C(NC2=S)c3ccc(cc3)c4ccccc4)C(=O)c5ccccc5)C,0.6,0,N,0.0,COc1ccc(C)cc1NC(=S)N,O=Cc1ccc(cc1)c2ccccc2,CC(=O)CC(=O)c1ccccc1,
3333,COc1ccc(C2NC(=O)NC(=C2C(=O)Nc3ccc(Br)cc3)C)c(OC)c1,0.6,0,N,0.0,NC(=O)N,COc1ccc(C=O)c(OC)c1,CC(=O)CC(=O)Nc1ccc(Br)cc1,
3334,COc1ccc(C2NC(=O)NC(=C2C(=O)Nc3cccc(c3)C(F)(F)F)C)c(OC)c1,0.6,0,N,0.0,NC(=O)N,COc1ccc(C=O)c(OC)c1,CC(=O)CC(=O)Nc1cccc(c1)C(F)(F)F,
3335,COc1ccc(C2NC(=O)NC(=C2C(=O)Nc3cccc(c3)[N+](=O)[O-])C)c(OC)c1,0.6,0,N,0.0,NC(=O)N,COc1ccc(C=O)c(OC)c1,CC(=O)CC(=O)Nc1cccc(c1)[N+](=O)[O-],
3336,COc1ccc(C2NC(=O)NC(=C2C(=O)Nc3ccccc3C(F)(F)F)C)c(OC)c1,0.6,0,N,0.0,NC(=O)N,COc1ccc(C=O)c(OC)c1,CC(=O)CC(=O)Nc1ccccc1C(F)(F)F,
3337,COc1ccc(C2NC(=O)NC(=C2C(=O)OC(C)(C)C)C)c(OC)c1OC,0.6,0,N,0.0,NC(=O)N,COc1ccc(C=O)c(OC)c1OC,CC(=O)CC(=O)OC(C)(C)C,
3338,COc1ccc(C2NC(=O)NC(=C2C(=O)c3ccc(Cl)cc3)C)c(OC)c1,0.6,0,N,0.0,NC(=O)N,COc1ccc(C=O)c(OC)c1,CC(=O)CC(=O)c1ccc(Cl)cc1,
3339,COc1ccc(C2NC(=S)N(C(=C2C(=O)Nc3cc(C)on3)C)c4cccc(C)c4)c(OC)c1,0.6,1,N,82.17,Cc1cccc(NC(=S)N)c1,COc1ccc(C=O)c(OC)c1,CC(=O)CC(=O)Nc1cc(C)on1,C[Si](C)(C)Cl
3340,COc1ccc(C2NC(=S)N(C(=C2C(=O)Nc3cc(C)on3)C)c4ccccc4)c(OC)c1OC,0.6,1,N,23.33,NC(=S)Nc1ccccc1,COc1ccc(C=O)c(OC)c1OC,CC(=O)CC(=O)Nc1cc(C)on1,C[Si](C)(C)Cl
3341,COc1ccc(C2NC(=S)N(C(=C2C(=O)Nc3cc(C)on3)C)c4ccccc4OC)c(OC)c1,0.6,1,N,36.67,COc1ccccc1NC(=S)N,COc1ccc(C=O)c(OC)c1,CC(=O)CC(=O)Nc1cc(C)on1,C[Si](C)(C)Cl
3342,COc1ccc(C2NC(=S)NC(=C2C(=O)N(C)C)C)c(OC)c1,0.6,1,N,0.0,NC(=S)N,COc1ccc(C=O)c(OC)c1,CN(C)C(=O)CC(=O)C,
3343,COc1ccc(C2NC(=S)NC(=C2C(=O)N3CCOCC3)C)c(OC)c1,0.6,1,N,0.0,NC(=S)N,COc1ccc(C=O)c(OC)c1,CC(=O)CC(=O)N1CCOCC1,
3344,COc1ccc(C2NC(=S)NC(=C2C(=O)Nc3cccc(Cl)c3)C)c(OC)c1,0.4,1,N,13.75,NC(=S)N,COc1ccc(C=O)c(OC)c1,CC(=O)CC(=O)Nc1cccc(Cl)c1,C[Si](C)(C)Cl
3345,COc1ccc(C2NC(=S)NC(=C2C(=O)c3ccccc3)C)c(OC)c1,0.6,0,N,0.0,NC(=S)N,COc1ccc(C=O)c(OC)c1,CC(=O)CC(=O)c1ccccc1,
3346,COc1ccc(CCN2C(=C(C(NC2=S)c3ccsc3)C(=O)Nc4cc(C)on4)C)cc1OC,0.6,0,N,0.0,COc1ccc(CCNC(=S)N)cc1OC,O=Cc1ccsc1,CC(=O)CC(=O)Nc1cc(C)on1,C[Si](C)(C)Cl
3347,COc1ccc(Cl)cc1NC(=O)C2=C(C)NC(=O)NC2c3ccc(O)cc3,0.6,0,N,0.0,NC(=O)N,Oc1ccc(C=O)cc1,COc1ccc(Cl)cc1NC(=O)CC(=O)C,C[Si](C)(C)Cl
3348,COc1ccc(Cl)cc1NC(=O)C2=C(C)NC(=S)NC2c3ccc(Cl)cc3,0.6,0,N,0.0,NC(=S)N,Clc1ccc(C=O)cc1,COc1ccc(Cl)cc1NC(=O)CC(=O)C,C[Si](C)(C)Cl
3349,COc1ccc(Cl)cc1NC(=O)C2=C(C)NC(=S)NC2c3ccc(cc3)N(C)C,0.6,0,N,0.0,NC(=S)N,CN(C)c1ccc(C=O)cc1,COc1ccc(Cl)cc1NC(=O)CC(=O)C,C[Si](C)(C)Cl
3350,COc1ccc(NC(=O)C2=C(C)N(C)C(=S)NC2c3cc(Br)cs3)c(OC)c1,0.6,0,N,0.0,CNC(=S)N,Brc1csc(C=O)c1,COc1ccc(NC(=O)CC(=O)C)c(OC)c1,C[Si](C)(C)Cl
3351,COc1ccc(NC(=O)C2=C(C)NC(=O)NC2c3c(Cl)cccc3Cl)cc1,0.9,0,N,0.0,NC(=O)N,Clc1cccc(Cl)c1C=O,COc1ccc(NC(=O)CC(=O)C)cc1,
3352,COc1ccc(NC(=O)C2=C(C)NC(=O)NC2c3c(F)cccc3F)cc1,0.6,0,N,0.0,NC(=O)N,Fc1cccc(F)c1C=O,COc1ccc(NC(=O)CC(=O)C)cc1,
3353,COc1ccc(NC(=O)C2=C(C)NC(=O)NC2c3cc(OC)ccc3OC)cc1,0.6,0,N,0.0,NC(=O)N,COc1ccc(OC)c(C=O)c1,COc1ccc(NC(=O)CC(=O)C)cc1,
3354,COc1ccc(NC(=O)C2=C(C)NC(=O)NC2c3ccc(Br)cc3)cc1,0.6,1,N,0.0,NC(=O)N,Brc1ccc(C=O)cc1,COc1ccc(NC(=O)CC(=O)C)cc1,
3355,COc1ccc(NC(=O)C2=C(C)NC(=O)NC2c3ccc(C)cc3)cc1,0.6,1,N,0.0,NC(=O)N,Cc1ccc(C=O)cc1,COc1ccc(NC(=O)CC(=O)C)cc1,
3356,COc1ccc(NC(=O)C2=C(C)NC(=O)NC2c3ccc(C)cc3)cc1,0.6,0,N,0.0,NC(=O)N,Cc1ccc(C=O)cc1,COc1ccc(NC(=O)CC(=O)C)cc1,C[Si](C)(C)Cl
3357,COc1ccc(NC(=O)C2=C(C)NC(=O)NC2c3ccc(Cl)c(Cl)c3)cc1,0.6,1,N,0.0,NC(=O)N,Clc1ccc(C=O)cc1Cl,COc1ccc(NC(=O)CC(=O)C)cc1,
3358,COc1ccc(NC(=O)C2=C(C)NC(=O)NC2c3ccc(F)c(F)c3)cc1,0.6,1,N,38.33,NC(=O)N,Fc1ccc(C=O)cc1F,COc1ccc(NC(=O)CC(=O)C)cc1,C[Si](C)(C)Cl
3359,COc1ccc(NC(=O)C2=C(C)NC(=O)NC2c3ccc(F)cc3)cc1,0.6,1,N,0.0,NC(=O)N,Fc1ccc(C=O)cc1,COc1ccc(NC(=O)CC(=O)C)cc1,
3360,COc1ccc(NC(=O)C2=C(C)NC(=O)NC2c3ccc(F)cc3)cc1,0.6,0,N,0.0,NC(=O)N,Fc1ccc(C=O)cc1,COc1ccc(NC(=O)CC(=O)C)cc1,C[Si](C)(C)Cl
3361,COc1ccc(NC(=O)C2=C(C)NC(=O)NC2c3ccc(F)cc3F)cc1,0.6,1,N,30.33,NC(=O)N,Fc1ccc(C=O)c(F)c1,COc1ccc(NC(=O)CC(=O)C)cc1,C[Si](C)(C)Cl
3362,COc1ccc(NC(=O)C2=C(C)NC(=O)NC2c3ccc(O)c(OC)c3)cc1,0.6,0,N,0.0,NC(=O)N,COc1cc(C=O)ccc1O,COc1ccc(NC(=O)CC(=O)C)cc1,
3363,COc1ccc(NC(=O)C2=C(C)NC(=O)NC2c3ccc(OC(F)F)cc3)cc1,0.6,0,N,0.0,NC(=O)N,FC(F)Oc1ccc(C=O)cc1,COc1ccc(NC(=O)CC(=O)C)cc1,
3364,COc1ccc(NC(=O)C2=C(C)NC(=O)NC2c3ccc(OC)c(OC)c3)cc1,0.6,0,N,0.0,NC(=O)N,COc1ccc(C=O)cc1OC,COc1ccc(NC(=O)CC(=O)C)cc1,
3365,COc1ccc(NC(=O)C2=C(C)NC(=O)NC2c3ccc(OC)cc3OC)cc1,0.6,0,N,0.0,NC(=O)N,COc1ccc(C=O)c(OC)c1,COc1ccc(NC(=O)CC(=O)C)cc1,
3366,COc1ccc(NC(=O)C2=C(C)NC(=O)NC2c3ccc(OCc4ccccc4)cc3)cc1,0.6,0,N,0.0,NC(=O)N,O=Cc1ccc(OCc2ccccc2)cc1,COc1ccc(NC(=O)CC(=O)C)cc1,
3367,COc1ccc(NC(=O)C2=C(C)NC(=O)NC2c3ccc(SC)cc3)cc1,0.6,0,N,0.0,NC(=O)N,CSc1ccc(C=O)cc1,COc1ccc(NC(=O)CC(=O)C)cc1,
3368,COc1ccc(NC(=O)C2=C(C)NC(=O)NC2c3ccc(cc3)C(C)(C)C)cc1,0.6,1,N,0.0,NC(=O)N,CC(C)(C)c1ccc(C=O)cc1,COc1ccc(NC(=O)CC(=O)C)cc1,
3369,COc1ccc(NC(=O)C2=C(C)NC(=O)NC2c3ccc(cc3)C(F)(F)F)cc1,0.6,1,N,51.67,NC(=O)N,FC(F)(F)c1ccc(C=O)cc1,COc1ccc(NC(=O)CC(=O)C)cc1,C[Si](C)(C)Cl
3370,COc1ccc(NC(=O)C2=C(C)NC(=O)NC2c3ccc(cc3)C(F)(F)F)cc1,0.6,0,N,0.0,NC(=O)N,FC(F)(F)c1ccc(C=O)cc1,COc1ccc(NC(=O)CC(=O)C)cc1,
3371,COc1ccc(NC(=O)C2=C(C)NC(=O)NC2c3ccc(cc3)N(C)C)c(OC)c1,0.6,0,N,0.0,NC(=O)N,CN(C)c1ccc(C=O)cc1,COc1ccc(NC(=O)CC(=O)C)c(OC)c1,
3372,COc1ccc(NC(=O)C2=C(C)NC(=O)NC2c3ccc(cc3)N4CCOCC4)cc1,0.6,1,N,50.0,NC(=O)N,O=Cc1ccc(cc1)N2CCOCC2,COc1ccc(NC(=O)CC(=O)C)cc1,C[Si](C)(C)Cl
3373,COc1ccc(NC(=O)C2=C(C)NC(=O)NC2c3ccc(cc3)N4CCOCC4)cc1,0.6,0,N,0.0,NC(=O)N,O=Cc1ccc(cc1)N2CCOCC2,COc1ccc(NC(=O)CC(=O)C)cc1,
3374,COc1ccc(NC(=O)C2=C(C)NC(=O)NC2c3ccc(cc3)[N+](=O)[O-])cc1,0.6,0,N,0.0,NC(=O)N,[O-][N+](=O)c1ccc(C=O)cc1,COc1ccc(NC(=O)CC(=O)C)cc1,
3375,COc1ccc(NC(=O)C2=C(C)NC(=O)NC2c3ccc(cc3)[N+](=O)[O-])cc1,0.6,1,N,21.67,NC(=O)N,[O-][N+](=O)c1ccc(C=O)cc1,COc1ccc(NC(=O)CC(=O)C)cc1,C[Si](C)(C)Cl
3376,COc1ccc(NC(=O)C2=C(C)NC(=O)NC2c3ccc(cc3)c4ccccc4)cc1,0.6,0,N,0.0,NC(=O)N,O=Cc1ccc(cc1)c2ccccc2,COc1ccc(NC(=O)CC(=O)C)cc1,
3377,COc1ccc(NC(=O)C2=C(C)NC(=O)NC2c3cccc(Br)c3)cc1,0.6,1,N,0.0,NC(=O)N,Brc1cccc(C=O)c1,COc1ccc(NC(=O)CC(=O)C)cc1,
3378,COc1ccc(NC(=O)C2=C(C)NC(=O)NC2c3cccc(Cl)c3Cl)cc1,0.6,0,N,0.0,NC(=O)N,Clc1cccc(C=O)c1Cl,COc1ccc(NC(=O)CC(=O)C)cc1,
3379,COc1ccc(NC(=O)C2=C(C)NC(=O)NC2c3cccc(c3)C(F)(F)F)cc1,0.6,1,N,20.83,NC(=O)N,FC(F)(F)c1cccc(C=O)c1,COc1ccc(NC(=O)CC(=O)C)cc1,C[Si](C)(C)Cl
3380,COc1ccc(NC(=O)C2=C(C)NC(=O)NC2c3cccc(c3)C(F)(F)F)cc1,0.6,1,N,0.0,NC(=O)N,FC(F)(F)c1cccc(C=O)c1,COc1ccc(NC(=O)CC(=O)C)cc1,
3381,COc1ccc(NC(=O)C2=C(C)NC(=O)NC2c3cccc(c3)[N+](=O)[O-])cc1,0.6,1,N,0.0,NC(=O)N,[O-][N+](=O)c1cccc(C=O)c1,COc1ccc(NC(=O)CC(=O)C)cc1,
3382,COc1ccc(NC(=O)C2=C(C)NC(=O)NC2c3ccccc3)c(OC)c1,0.6,0,N,0.0,NC(=O)N,O=Cc1ccccc1,COc1ccc(NC(=O)CC(=O)C)c(OC)c1,
3383,COc1ccc(NC(=O)C2=C(C)NC(=O)NC2c3ccccc3)cc1,0.6,1,N,0.0,NC(=O)N,O=Cc1ccccc1,COc1ccc(NC(=O)CC(=O)C)cc1,
3384,COc1ccc(NC(=O)C2=C(C)NC(=O)NC2c3ccccc3Br)cc1,0.6,1,N,0.0,NC(=O)N,Brc1ccccc1C=O,COc1ccc(NC(=O)CC(=O)C)cc1,
3385,COc1ccc(NC(=O)C2=C(C)NC(=O)NC2c3ccccc3C(F)(F)F)cc1,0.6,0,N,0.0,NC(=O)N,FC(F)(F)c1ccccc1C=O,COc1ccc(NC(=O)CC(=O)C)cc1,
3386,COc1ccc(NC(=O)C2=C(C)NC(=O)NC2c3ccccc3C)cc1,0.6,0,N,0.0,NC(=O)N,Cc1ccccc1C=O,COc1ccc(NC(=O)CC(=O)C)cc1,
3387,COc1ccc(NC(=O)C2=C(C)NC(=O)NC2c3ccccc3Cl)cc1,0.6,1,N,0.0,NC(=O)N,Clc1ccccc1C=O,COc1ccc(NC(=O)CC(=O)C)cc1,
3388,COc1ccc(NC(=O)C2=C(C)NC(=O)NC2c3sccc3C)cc1,0.6,0,N,0.0,NC(=O)N,Cc1ccsc1C=O,COc1ccc(NC(=O)CC(=O)C)cc1,
3389,COc1ccc(NC(=O)C2=C(C)NC(=S)NC2c3c(OC)ccc4ccccc34)c(OC)c1,0.6,1,N,0.0,COc1ccc(NC(=O)CC(=O)C)c(OC)c1,COc1ccc2ccccc2c1C=O,NC(=S)N,
3390,COc1ccc(NC(=O)C2=C(C)NC(=S)NC2c3ccc(O)c(OC)c3)cc1,0.6,0,N,0.0,NC(=S)N,COc1cc(C=O)ccc1O,COc1ccc(NC(=O)CC(=O)C)cc1,
3391,COc1ccc(NC(=O)C2=C(C)NC(=S)NC2c3ccc(O)cc3)cc1,0.6,1,N,11.33,NC(=S)N,Oc1ccc(C=O)cc1,COc1ccc(NC(=O)CC(=O)C)cc1,
3392,COc1ccc(NC(=O)C2=C(C)NC(=S)NC2c3cccc(c3)[N+](=O)[O-])c(OC)c1,0.6,1,N,0.0,NC(=S)N,[O-][N+](=O)c1cccc(C=O)c1,COc1ccc(NC(=O)CC(=O)C)c(OC)c1,
3393,COc1ccc(NC(=O)C2=C(C)NC(=S)NC2c3ccccc3OC(F)F)cc1,0.6,1,N,0.0,NC(=S)N,FC(F)Oc1ccccc1C=O,COc1ccc(NC(=O)CC(=O)C)cc1,
3394,COc1ccc(OC)c(NC(=O)C2=C(C)N(C(=S)NC2c3ccccc3)c4ccccc4)c1,0.6,0,N,0.0,NC(=S)Nc1ccccc1,O=Cc1ccccc1,COc1ccc(OC)c(NC(=O)CC(=O)C)c1,C[Si](C)(C)Cl
3395,COc1ccc(OC)c(NC(=O)C2=C(C)N(C(=S)NC2c3cccs3)c4cccc(C)c4)c1,0.6,1,N,36.33,Cc1cccc(NC(=S)N)c1,O=Cc1cccs1,COc1ccc(OC)c(NC(=O)CC(=O)C)c1,C[Si](C)(C)Cl
3396,COc1ccc(OC)c(NC(=O)C2=C(C)N(C)C(=S)N(C)C2c3ccc(SC)cc3)c1,0.6,1,N,0.0,CNC(=S)NC,CSc1ccc(C=O)cc1,COc1ccc(OC)c(NC(=O)CC(=O)C)c1,
3397,COc1ccc(OC)c(NC(=O)C2=C(C)N(C)C(=S)N(C)C2c3ccc(cc3)N(C)C)c1,0.9,0,N,0.0,CNC(=S)NC,CN(C)c1ccc(C=O)cc1,COc1ccc(OC)c(NC(=O)CC(=O)C)c1,
3398,COc1ccc(OC)c(NC(=O)C2=C(C)N(C)C(=S)NC2c3cc4ccccc4nc3O)c1,0.6,0,N,0.0,CNC(=S)N,Oc1nc2ccccc2cc1C=O,COc1ccc(OC)c(NC(=O)CC(=O)C)c1,C[Si](C)(C)Cl
3399,COc1ccc(OC)c(NC(=O)C2=C(C)N(C)C(=S)NC2c3cc4ccccc4nc3O)c1,0.6,1,N,100.0,CNC(=S)N,Oc1nc2ccccc2cc1C=O,COc1ccc(OC)c(NC(=O)CC(=O)C)c1,C[Si](C)(C)Cl
3400,COc1ccc(OC)c(NC(=O)C2=C(C)N(C3CC3)C(=O)NC2c4ccccc4Br)c1,0.6,0,N,0.0,NC(=O)NC1CC1,Brc1ccccc1C=O,COc1ccc(OC)c(NC(=O)CC(=O)C)c1,C[Si](C)(C)Cl
3401,COc1ccc(OC)c(NC(=O)C2=C(C)N(C3CC3)C(=O)NC2c4ccccc4Br)c1,0.6,0,N,0.0,NC(=O)NC1CC1,Brc1ccccc1C=O,COc1ccc(OC)c(NC(=O)CC(=O)C)c1,C[Si](C)(C)Cl
3402,COc1ccc(OC)c(NC(=O)C2=C(C)N(C3CC3)C(=O)NC2c4ccccc4C(F)(F)F)c1,0.6,1,N,33.33,NC(=O)NC1CC1,FC(F)(F)c1ccccc1C=O,COc1ccc(OC)c(NC(=O)CC(=O)C)c1,C[Si](C)(C)Cl
3403,COc1ccc(OC)c(NC(=O)C2=C(C)N(C3CC3)C(=S)NC2c4cc5ccccc5nc4O)c1,0.6,1,N,8.33,NC(=S)NC1CC1,Oc1nc2ccccc2cc1C=O,COc1ccc(OC)c(NC(=O)CC(=O)C)c1,C[Si](C)(C)Cl
3404,COc1ccc(OC)c(NC(=O)C2=C(C)N(C3CC3)C(=S)NC2c4ccc(Cl)cc4)c1,0.6,1,N,9.17,NC(=S)NC1CC1,Clc1ccc(C=O)cc1,COc1ccc(OC)c(NC(=O)CC(=O)C)c1,C[Si](C)(C)Cl
3405,COc1ccc(OC)c(NC(=O)C2=C(C)N(C3CC3)C(=S)NC2c4ccc(cc4)n5cncn5)c1,0.6,0,N,0.0,NC(=S)NC1CC1,O=Cc1ccc(cc1)n2cncn2,COc1ccc(OC)c(NC(=O)CC(=O)C)c1,C[Si](C)(C)Cl
3406,COc1ccc(OC)c(NC(=O)C2=C(C)N(C3CC3)C(=S)NC2c4ccccc4OC(F)F)c1,0.6,1,N,16.33,NC(=S)NC1CC1,FC(F)Oc1ccccc1C=O,COc1ccc(OC)c(NC(=O)CC(=O)C)c1,C[Si](C)(C)Cl
3407,COc1ccc(OC)c(NC(=O)C2=C(C)N(Cc3ccccc3OC)C(=S)NC2c4ccc(C)s4)c1,0.6,0,N,0.0,COc1ccccc1CNC(=S)N,Cc1ccc(C=O)s1,COc1ccc(OC)c(NC(=O)CC(=O)C)c1,
3408,COc1ccc(OC)c(NC(=O)C2=C(C)NC(=O)NC2c3ccc(Cl)c(c3)[N+](=O)[O-])c1,0.6,0,N,0.0,NC(=O)N,[O-][N+](=O)c1cc(C=O)ccc1Cl,COc1ccc(OC)c(NC(=O)CC(=O)C)c1,
3409,COc1ccc(OC)c(NC(=O)C2=C(C)NC(=O)NC2c3ccc(O)cc3)c1,0.6,0,N,0.0,NC(=O)N,Oc1ccc(C=O)cc1,COc1ccc(OC)c(NC(=O)CC(=O)C)c1,
3410,COc1ccc(OC)c(NC(=O)C2=C(C)NC(=O)NC2c3cccc(Cl)c3Cl)c1,0.6,1,N,53.33,NC(=O)N,Clc1cccc(C=O)c1Cl,COc1ccc(OC)c(NC(=O)CC(=O)C)c1,C[Si](C)(C)Cl
3411,COc1ccc(OC)c(NC(=O)C2=C(C)NC(=O)NC2c3ccccc3Cl)c1,0.6,1,N,0.0,NC(=O)N,Clc1ccccc1C=O,COc1ccc(OC)c(NC(=O)CC(=O)C)c1,
3412,COc1ccc(OC)c(NC(=O)C2=C(C)NC(=O)NC2c3ccccc3F)c1,0.6,1,N,0.0,NC(=O)N,Fc1ccccc1C=O,COc1ccc(OC)c(NC(=O)CC(=O)C)c1,
3413,COc1ccc(OC)c(NC(=O)C2=C(C)NC(=S)NC2c3ccc(F)cc3)c1,1.0,1,N,0.0,NC(=S)N,Fc1ccc(C=O)cc1,COc1ccc(OC)c(NC(=O)CC(=O)C)c1,
3414,COc1ccc(OC)c(NC(=O)C2=C(C)NC(=S)NC2c3ccc(OC(F)F)c(OC)c3)c1,0.6,1,N,45.17,NC(=S)N,COc1cc(C=O)ccc1OC(F)F,COc1ccc(OC)c(NC(=O)CC(=O)C)c1,
3415,COc1ccc(OC)c(NC(=O)C2=C(C)NC(=S)NC2c3ccc(OCC(=O)Nc4cccc(c4)C(F)(F)F)c(OC)c3)c1,0.6,1,N,81.33,NC(=S)N,COc1cc(C=O)ccc1OCC(=O)Nc2cccc(c2)C(F)(F)F,COc1ccc(OC)c(NC(=O)CC(=O)C)c1,
3416,COc1ccc(OC)c(NC(=O)C2=C(C)NC(=S)NC2c3ccc(OCC(C)C)c(OC)c3)c1,0.6,0,N,0.0,NC(=S)N,COc1cc(C=O)ccc1OCC(C)C,COc1ccc(OC)c(NC(=O)CC(=O)C)c1,
3417,COc1ccc(OC)c(NC(=O)C2=C(C)NC(=S)NC2c3cccc(Br)c3)c1,0.6,1,N,0.0,NC(=S)N,Brc1cccc(C=O)c1,COc1ccc(OC)c(NC(=O)CC(=O)C)c1,
3418,COc1ccc(OC)c(NC(=O)C2=C(C)NC(=S)NC2c3ccccc3F)c1,0.6,1,N,0.0,NC(=S)N,Fc1ccccc1C=O,COc1ccc(OC)c(NC(=O)CC(=O)C)c1,
3419,COc1ccc(OC)c(NC(=O)C2=C(C)NC(=S)NC2c3ccccc3OC(F)F)c1,0.6,1,N,0.0,NC(=S)N,FC(F)Oc1ccccc1C=O,COc1ccc(OC)c(NC(=O)CC(=O)C)c1,
3420,COc1ccc(OC)c(NC(=O)C2=C(C)NC(=S)NC2c3cccs3)c1,0.6,1,N,52.5,NC(=S)N,O=Cc1cccs1,COc1ccc(OC)c(NC(=O)CC(=O)C)c1,C[Si](C)(C)Cl
3421,COc1ccc(OC)c(c1)C2NC(=O)NC(=C2C(=O)N3CCOCC3)C,0.6,0,N,0.0,NC(=O)N,COc1ccc(OC)c(C=O)c1,CC(=O)CC(=O)N1CCOCC1,
3422,COc1ccc(OC)c(c1)C2NC(=O)NC(=C2C(=O)Nc3ccc(Br)cc3)C,0.6,1,N,100.0,NC(=O)N,COc1ccc(OC)c(C=O)c1,CC(=O)CC(=O)Nc1ccc(Br)cc1,
3423,COc1ccc(OC)c(c1)C2NC(=O)NC(=C2C(=O)Nc3ccc(cc3)[N+](=O)[O-])C,0.6,0,N,0.0,NC(=O)N,COc1ccc(OC)c(C=O)c1,CC(=O)CC(=O)Nc1ccc(cc1)[N+](=O)[O-],
3424,COc1ccc(OC)c(c1)C2NC(=O)NC(=C2C(=O)Nc3cccc(Cl)c3)C,0.4,1,N,17.5,NC(=O)N,COc1ccc(OC)c(C=O)c1,CC(=O)CC(=O)Nc1cccc(Cl)c1,C[Si](C)(C)Cl
3425,COc1ccc(OC)c(c1)C2NC(=O)NC(=C2C(=O)Nc3cccc(c3)C(F)(F)F)C,0.6,0,N,0.0,NC(=O)N,COc1ccc(OC)c(C=O)c1,CC(=O)CC(=O)Nc1cccc(c1)C(F)(F)F,
3426,COc1ccc(OC)c(c1)C2NC(=O)NC(=C2C(=O)Nc3cccc(c3)[N+](=O)[O-])C,0.6,0,N,0.0,NC(=O)N,COc1ccc(OC)c(C=O)c1,CC(=O)CC(=O)Nc1cccc(c1)[N+](=O)[O-],
3427,COc1ccc(OC)c(c1)C2NC(=O)NC(=C2C(=O)Nc3ccccc3C(F)(F)F)C,0.6,0,N,0.0,NC(=O)N,COc1ccc(OC)c(C=O)c1,CC(=O)CC(=O)Nc1ccccc1C(F)(F)F,
3428,COc1ccc(OC)c(c1)C2NC(=O)NC(=C2C(=O)Nc3ccccc3OC)C,0.6,0,N,0.0,NC(=O)N,COc1ccc(OC)c(C=O)c1,COc1ccccc1NC(=O)CC(=O)C,
3429,COc1ccc(OC)c(c1)C2NC(=S)NC(=C2C(=O)Nc3cc(Cl)ccc3C)C,0.6,1,N,2.83,NC(=S)N,COc1ccc(OC)c(C=O)c1,CC(=O)CC(=O)Nc1cc(Cl)ccc1C,C[Si](C)(C)Cl
3430,COc1ccc(OC)c(c1)C2NC(=S)NC(=C2C(=O)Nc3cccc(Cl)c3)C,0.4,1,N,36.25,NC(=S)N,COc1ccc(OC)c(C=O)c1,CC(=O)CC(=O)Nc1cccc(Cl)c1,C[Si](C)(C)Cl
3431,COc1ccc(cc1)C2NC(=O)N(C(=C2C(=O)OC(C)C)C)c3cc(C)on3,0.6,0,N,0.0,Cc1cc(NC(=O)N)no1,COc1ccc(C=O)cc1,CC(C)OC(=O)CC(=O)C,C[Si](C)(C)Cl
3432,COc1ccc(cc1)C2NC(=O)N(C(=C2C(=O)OC(C)C)C)c3cc(C)on3,0.6,0,N,0.0,Cc1cc(NC(=O)N)no1,COc1ccc(C=O)cc1,CC(C)OC(=O)CC(=O)C,C[Si](C)(C)Cl
3433,COc1ccc(cc1)C2NC(=O)N(Cc3cccs3)C(=C2C(=O)OC(C)C)C,0.6,1,N,12.83,NC(=O)NCc1cccs1,COc1ccc(C=O)cc1,CC(C)OC(=O)CC(=O)C,C[Si](C)(C)Cl
3434,COc1ccc(cc1)C2NC(=O)NC(=C2C(=O)Nc3ccc(cc3)[N+](=O)[O-])C,1.0,0,N,0.0,NC(=O)N,COc1ccc(C=O)cc1,CC(=O)CC(=O)Nc1ccc(cc1)[N+](=O)[O-],
3435,COc1ccc(cc1)C2NC(=O)NC(=C2C(=O)Nc3cccc(c3)C(F)(F)F)C,0.9,0,N,0.0,NC(=O)N,COc1ccc(C=O)cc1,CC(=O)CC(=O)Nc1cccc(c1)C(F)(F)F,
3436,COc1ccc(cc1)C2NC(=O)NC(=C2C(=O)Nc3cccc(c3)[N+](=O)[O-])C,0.6,0,N,0.0,NC(=O)N,COc1ccc(C=O)cc1,CC(=O)CC(=O)Nc1cccc(c1)[N+](=O)[O-],
3437,COc1ccc(cc1)C2NC(=O)NC(=C2C(=O)c3ccc(Cl)cc3)C,0.6,0,N,0.0,NC(=O)N,COc1ccc(C=O)cc1,CC(=O)CC(=O)c1ccc(Cl)cc1,
3438,COc1ccc(cc1)C2NC(=S)N(C(=C2C(=O)Nc3cc(C)on3)C)c4ccc(C)c(F)c4,0.6,1,N,34.0,Cc1ccc(NC(=S)N)cc1F,COc1ccc(C=O)cc1,CC(=O)CC(=O)Nc1cc(C)on1,C[Si](C)(C)Cl
3439,COc1ccc(cc1)C2NC(=S)N(C(=C2C(=O)Nc3cc(C)on3)C)c4ccc(C)cc4,0.6,1,N,92.17,Cc1ccc(NC(=S)N)cc1,COc1ccc(C=O)cc1,CC(=O)CC(=O)Nc1cc(C)on1,C[Si](C)(C)Cl
3440,COc1ccc(cc1)C2NC(=S)N(C(=C2C(=O)Nc3cc(C)on3)C)c4ccc(Cl)cc4,0.6,1,N,66.33,NC(=S)Nc1ccc(Cl)cc1,COc1ccc(C=O)cc1,CC(=O)CC(=O)Nc1cc(C)on1,C[Si](C)(C)Cl
3441,COc1ccc(cc1)C2NC(=S)NC(=C2C(=O)N3CCOCC3)C,0.6,0,N,0.0,NC(=S)N,COc1ccc(C=O)cc1,CC(=O)CC(=O)N1CCOCC1,C[Si](C)(C)Cl
3442,COc1ccc(cc1)C2NC(=S)NC(=C2C(=O)N3CCOCC3)C,0.6,1,N,36.67,NC(=S)N,COc1ccc(C=O)cc1,CC(=O)CC(=O)N1CCOCC1,C[Si](C)(C)Cl
3443,COc1ccc(cc1)C2NC(=S)NC(=C2C(=O)Nc3cccc(Cl)c3)C,0.6,0,N,0.0,NC(=S)N,COc1ccc(C=O)cc1,CC(=O)CC(=O)Nc1cccc(Cl)c1,C[Si](C)(C)Cl
3444,COc1ccc(cc1)N2C(=C(C(NC2=O)c3c(F)cccc3F)C(=O)Nc4cc(C)on4)C,0.6,1,N,100.0,COc1ccc(NC(=O)N)cc1,Fc1cccc(F)c1C=O,CC(=O)CC(=O)Nc1cc(C)on1,C[Si](C)(C)Cl
3445,COc1ccc(cc1)N2C(=C(C(NC2=O)c3ccc(C#N)cc3)C(=O)N4CCOCC4)C,0.6,1,N,76.67,COc1ccc(NC(=O)N)cc1,O=Cc1ccc(C#N)cc1,CC(=O)CC(=O)N1CCOCC1,C[Si](C)(C)Cl
3446,COc1ccc(cc1)N2C(=C(C(NC2=O)c3ccc(C#N)cc3)C(=O)Nc4ccccc4)C,0.6,1,N,40.0,COc1ccc(NC(=O)N)cc1,O=Cc1ccc(C#N)cc1,CC(=O)CC(=O)Nc1ccccc1,C[Si](C)(C)Cl
3447,COc1ccc(cc1)N2C(=C(C(NC2=O)c3ccc(F)cc3)C(=O)Nc4ccccc4)C,0.6,1,N,50.0,COc1ccc(NC(=O)N)cc1,Fc1ccc(C=O)cc1,CC(=O)CC(=O)Nc1ccccc1,C[Si](C)(C)Cl
3448,COc1ccc(cc1)N2C(=C(C(NC2=O)c3ccc(OCC#N)cc3)C(=O)N4CCOCC4)C,0.6,1,N,8.17,COc1ccc(NC(=O)N)cc1,O=Cc1ccc(OCC#N)cc1,CC(=O)CC(=O)N1CCOCC1,C[Si](C)(C)Cl
3449,COc1ccc(cc1)N2C(=C(C(NC2=O)c3ccc(cc3)[N+](=O)[O-])C(=O)OC(C)C)C,0.6,1,N,58.33,COc1ccc(NC(=O)N)cc1,[O-][N+](=O)c1ccc(C=O)cc1,CC(C)OC(=O)CC(=O)C,C[Si](C)(C)Cl
3450,COc1ccc(cc1)N2C(=C(C(NC2=O)c3cccc(OC)c3OC)C(=O)OC(C)C)C,0.6,1,N,15.0,COc1ccc(NC(=O)N)cc1,COc1cccc(C=O)c1OC,CC(C)OC(=O)CC(=O)C,C[Si](C)(C)Cl
3451,COc1ccc(cc1)N2C(=C(C(NC2=O)c3ccccc3C(F)(F)F)C(=O)N4CCOCC4)C,0.6,1,N,32.83,COc1ccc(NC(=O)N)cc1,FC(F)(F)c1ccccc1C=O,CC(=O)CC(=O)N1CCOCC1,C[Si](C)(C)Cl
3452,COc1ccc(cc1)N2C(=C(C(NC2=O)c3cccs3)C(=O)OC(C)C)C,0.6,1,N,16.67,COc1ccc(NC(=O)N)cc1,O=Cc1cccs1,CC(C)OC(=O)CC(=O)C,C[Si](C)(C)Cl
3453,COc1ccc(cc1)N2C(=C(C(NC2=S)c3ccc(C)s3)C(=O)Nc4cc(C)on4)C,0.6,0,N,0.0,COc1ccc(NC(=S)N)cc1,Cc1ccc(C=O)s1,CC(=O)CC(=O)Nc1cc(C)on1,C[Si](C)(C)Cl
3454,COc1ccc(cc1)N2C(=C(C(NC2=S)c3ccc(Cl)cc3)C(=O)Nc4cc(C)on4)C,0.6,1,N,80.67,COc1ccc(NC(=S)N)cc1,Clc1ccc(C=O)cc1,CC(=O)CC(=O)Nc1cc(C)on1,C[Si](C)(C)Cl
3455,COc1ccc(cc1)N2C(=C(C(NC2=S)c3ccc(F)cc3)C(=O)N4CCOCC4)C,0.6,0,N,0.0,COc1ccc(NC(=S)N)cc1,Fc1ccc(C=O)cc1,CC(=O)CC(=O)N1CCOCC1,C[Si](C)(C)Cl
3456,COc1ccc(cc1)N2C(=C(C(NC2=S)c3ccc(O)cc3)C(=O)Nc4cc(C)on4)C,0.6,0,N,0.0,COc1ccc(NC(=S)N)cc1,Oc1ccc(C=O)cc1,CC(=O)CC(=O)Nc1cc(C)on1,C[Si](C)(C)Cl
3457,COc1ccc(cc1)N2C(=C(C(NC2=S)c3ccc(O)cc3)C(=O)Nc4cc(C)on4)C,0.6,0,N,0.0,COc1ccc(NC(=S)N)cc1,Oc1ccc(C=O)cc1,CC(=O)CC(=O)Nc1cc(C)on1,C[Si](C)(C)Cl
3458,COc1ccc(cc1)N2C(=C(C(NC2=S)c3ccc(O)cc3)C(=O)Nc4cc(C)on4)C,0.6,0,N,0.0,COc1ccc(NC(=S)N)cc1,Oc1ccc(C=O)cc1,CC(=O)CC(=O)Nc1cc(C)on1,C[Si](C)(C)Cl
3459,COc1ccc(cc1)N2C(=C(C(NC2=S)c3ccc(OC(F)F)cc3OC(F)F)C(=O)Nc4ccccc4)C,0.6,0,N,0.0,COc1ccc(NC(=S)N)cc1,FC(F)Oc1ccc(C=O)c(OC(F)F)c1,CC(=O)CC(=O)Nc1ccccc1,
3460,COc1ccc(cc1)N2C(=C(C(NC2=S)c3ccc(OC)c(O)c3)C(=O)Nc4cc(C)on4)C,0.6,0,N,0.0,COc1ccc(NC(=S)N)cc1,COc1ccc(C=O)cc1O,CC(=O)CC(=O)Nc1cc(C)on1,C[Si](C)(C)Cl
3461,COc1ccc(cc1)N2C(=C(C(NC2=S)c3ccc(cc3)C(=O)O)C(=O)Nc4cc(C)on4)C,0.6,0,N,0.0,COc1ccc(NC(=S)N)cc1,OC(=O)c1ccc(C=O)cc1,CC(=O)CC(=O)Nc1cc(C)on1,C[Si](C)(C)Cl
3462,COc1ccc(cc1)N2C(=C(C(NC2=S)c3ccc(cc3)C(=O)O)C(=O)Nc4cc(C)on4)C,0.6,1,N,9.17,COc1ccc(NC(=S)N)cc1,OC(=O)c1ccc(C=O)cc1,CC(=O)CC(=O)Nc1cc(C)on1,C[Si](C)(C)Cl
3463,COc1ccc(cc1)N2C(=C(C(NC2=S)c3cccc(OC)c3)C(=O)Nc4cc(C)on4)C,0.6,1,N,49.17,COc1ccc(NC(=S)N)cc1,COc1cccc(C=O)c1,CC(=O)CC(=O)Nc1cc(C)on1,C[Si](C)(C)Cl
3464,COc1ccc(cc1)N2C(=C(C(NC2=S)c3cccc(c3)[N+](=O)[O-])C(=O)Nc4cc(C)on4)C,0.6,1,N,70.0,COc1ccc(NC(=S)N)cc1,[O-][N+](=O)c1cccc(C=O)c1,CC(=O)CC(=O)Nc1cc(C)on1,C[Si](C)(C)Cl
3465,COc1ccc(cc1)N2C(=C(C(NC2=S)c3ccccc3OC)C(=O)Nc4cc(C)on4)C,0.6,1,N,46.67,COc1ccc(NC(=S)N)cc1,COc1ccccc1C=O,CC(=O)CC(=O)Nc1cc(C)on1,C[Si](C)(C)Cl
3466,COc1ccc(cc1)N2C(=C(C(NC2=S)c3ccccc3OCC#C)C(=O)Nc4cc(C)on4)C,0.6,1,N,33.33,COc1ccc(NC(=S)N)cc1,O=Cc1ccccc1OCC#C,CC(=O)CC(=O)Nc1cc(C)on1,C[Si](C)(C)Cl
3467,COc1ccc(cc1)N2C(=C(C(NC2=S)c3ccccc3[N+](=O)[O-])C(=O)Nc4cc(C)on4)C,0.6,1,N,65.0,COc1ccc(NC(=S)N)cc1,[O-][N+](=O)c1ccccc1C=O,CC(=O)CC(=O)Nc1cc(C)on1,C[Si](C)(C)Cl
3468,COc1ccc(cc1C)C2NC(=S)NC(=C2C(=O)N3CCOCC3)C,0.6,0,N,0.0,NC(=S)N,COc1ccc(C=O)cc1C,CC(=O)CC(=O)N1CCOCC1,C[Si](C)(C)Cl
3469,COc1ccc(cc1O)C2NC(=S)N(C(=C2C(=O)N3CCOCC3)C)c4ccccc4OC,0.6,1,N,11.33,COc1ccccc1NC(=S)N,COc1ccc(C=O)cc1O,CC(=O)CC(=O)N1CCOCC1,C[Si](C)(C)Cl
3470,COc1ccc(cc1O)C2NC(=S)N(C(=C2C(=O)Nc3cc(C)on3)C)c4ccc(C)cc4,0.6,1,N,26.5,Cc1ccc(NC(=S)N)cc1,COc1ccc(C=O)cc1O,CC(=O)CC(=O)Nc1cc(C)on1,C[Si](C)(C)Cl
3471,COc1ccc(cc1O)C2NC(=S)N(C(=C2C(=O)Nc3cc(C)on3)C)c4ccccc4,0.6,1,N,9.17,NC(=S)Nc1ccccc1,COc1ccc(C=O)cc1O,CC(=O)CC(=O)Nc1cc(C)on1,C[Si](C)(C)Cl
3472,COc1ccc(cc1O)C2NC(=S)N(C(=C2C(=O)Nc3cc(C)on3)C)c4ccccc4,0.6,1,N,6.67,NC(=S)Nc1ccccc1,COc1ccc(C=O)cc1O,CC(=O)CC(=O)Nc1cc(C)on1,C[Si](C)(C)Cl
3473,COc1ccc(cc1O)C2NC(=S)N(C(=C2C(=O)Nc3cc(C)on3)C)c4ccccc4OC,0.6,1,N,24.17,COc1ccccc1NC(=S)N,COc1ccc(C=O)cc1O,CC(=O)CC(=O)Nc1cc(C)on1,C[Si](C)(C)Cl
3474,COc1ccc(cc1O)C2NC(=S)N(Cc3ccc(C)cc3)C(=C2C(=O)N4CCOCC4)C,0.6,0,N,0.0,Cc1ccc(CNC(=S)N)cc1,COc1ccc(C=O)cc1O,CC(=O)CC(=O)N1CCOCC1,C[Si](C)(C)Cl
3475,COc1ccc(cc1O)C2NC(=S)N(Cc3ccccc3)C(=C2C(=O)N4CCOCC4)C,0.6,0,N,0.0,NC(=S)NCc1ccccc1,COc1ccc(C=O)cc1O,CC(=O)CC(=O)N1CCOCC1,C[Si](C)(C)Cl
3476,COc1ccc(cc1OC)C2NC(=O)NC(=C2C(=O)N3CCOCC3)C,0.6,0,N,0.0,NC(=O)N,COc1ccc(C=O)cc1OC,CC(=O)CC(=O)N1CCOCC1,
3477,COc1ccc(cc1OC)C2NC(=O)NC(=C2C(=O)Nc3ccc(Br)cc3)C,0.6,0,N,0.0,NC(=O)N,COc1ccc(C=O)cc1OC,CC(=O)CC(=O)Nc1ccc(Br)cc1,
3478,COc1ccc(cc1OC)C2NC(=O)NC(=C2C(=O)Nc3ccc(cc3)[N+](=O)[O-])C,0.6,0,N,0.0,NC(=O)N,COc1ccc(C=O)cc1OC,CC(=O)CC(=O)Nc1ccc(cc1)[N+](=O)[O-],
3479,COc1ccc(cc1OC)C2NC(=O)NC(=C2C(=O)Nc3cccc(c3)C(F)(F)F)C,0.6,0,N,0.0,NC(=O)N,COc1ccc(C=O)cc1OC,CC(=O)CC(=O)Nc1cccc(c1)C(F)(F)F,
3480,COc1ccc(cc1OC)C2NC(=O)NC(=C2C(=O)Nc3cccc(c3)[N+](=O)[O-])C,0.6,0,N,0.0,NC(=O)N,COc1ccc(C=O)cc1OC,CC(=O)CC(=O)Nc1cccc(c1)[N+](=O)[O-],
3481,COc1ccc(cc1OC)C2NC(=O)NC(=C2C(=O)c3ccccc3)C,0.6,0,N,0.0,NC(=O)N,COc1ccc(C=O)cc1OC,CC(=O)CC(=O)c1ccccc1,
3482,COc1ccc(cc1OC)C2NC(=S)N(C(=C2C(=O)Nc3cc(C)on3)C)c4ccccc4,0.6,1,N,15.83,NC(=S)Nc1ccccc1,COc1ccc(C=O)cc1OC,CC(=O)CC(=O)Nc1cc(C)on1,C[Si](C)(C)Cl
3483,COc1ccc(cc1OC)C2NC(=S)N(C(=C2C(=O)Nc3cc(C)on3)C)c4ccccc4OC,0.6,1,N,27.5,COc1ccccc1NC(=S)N,COc1ccc(C=O)cc1OC,CC(=O)CC(=O)Nc1cc(C)on1,C[Si](C)(C)Cl
3484,COc1ccc(cc1OC)C2NC(=S)NC(=C2C(=O)N3CCOCC3)C,0.6,1,N,0.0,NC(=S)N,COc1ccc(C=O)cc1OC,CC(=O)CC(=O)N1CCOCC1,
3485,COc1ccc(cc1OC)C2NC(=S)NC(=C2C(=O)Nc3ccccc3)C,0.6,0,N,0.0,NC(=S)N,COc1ccc(C=O)cc1OC,CC(=O)CC(=O)Nc1ccccc1,C[Si](C)(C)Cl
3486,COc1ccc(cc1OC)C2NC(=S)NC(=C2C(=O)c3ccccc3)C,0.6,1,N,0.0,NC(=S)N,COc1ccc(C=O)cc1OC,CC(=O)CC(=O)c1ccccc1,
3487,COc1ccc(cc1OC)N2C(=C(C(NC2=S)c3ccc(C)cc3)C(=O)OC(C)C)C,0.6,1,N,76.67,COc1ccc(NC(=S)N)cc1OC,Cc1ccc(C=O)cc1,CC(C)OC(=O)CC(=O)C,C[Si](C)(C)Cl
3488,COc1ccc(cc1OC)N2C(=C(C(NC2=S)c3ccc(C)s3)C(=O)OC(C)C)C,0.6,1,N,21.83,COc1ccc(NC(=S)N)cc1OC,Cc1ccc(C=O)s1,CC(C)OC(=O)CC(=O)C,C[Si](C)(C)Cl
3489,COc1ccc(cc1OC)N2C(=C(C(NC2=S)c3ccc(C)s3)C(=O)OC(C)C)C,0.6,0,N,0.0,COc1ccc(NC(=S)N)cc1OC,Cc1ccc(C=O)s1,CC(C)OC(=O)CC(=O)C,C[Si](C)(C)Cl
3490,COc1ccc(cc1OC)N2C(=C(C(NC2=S)c3ccc(F)cc3)C(=O)OC(C)C)C,0.6,0,N,0.0,COc1ccc(NC(=S)N)cc1OC,Fc1ccc(C=O)cc1,CC(C)OC(=O)CC(=O)C,C[Si](C)(C)Cl
3491,COc1ccc(cc1OC)N2C(=C(C(NC2=S)c3cccc(C)c3)C(=O)OC(C)C)C,0.6,1,N,43.0,COc1ccc(NC(=S)N)cc1OC,Cc1cccc(C=O)c1,CC(C)OC(=O)CC(=O)C,C[Si](C)(C)Cl
3492,COc1ccc(cc1OC)N2C(=C(C(NC2=S)c3cccc(F)c3)C(=O)OC(C)C)C,0.6,1,N,27.33,COc1ccc(NC(=S)N)cc1OC,Fc1cccc(C=O)c1,CC(C)OC(=O)CC(=O)C,C[Si](C)(C)Cl
3493,COc1ccc(cc1OC)N2C(=C(C(NC2=S)c3cccs3)C(=O)OC(C)C)C,0.6,1,N,55.33,COc1ccc(NC(=S)N)cc1OC,O=Cc1cccs1,CC(C)OC(=O)CC(=O)C,C[Si](C)(C)Cl
3494,COc1ccc(cc1OC)N2C(=C(C(NC2=S)c3ccsc3)C(=O)OC(C)C)C,0.6,1,N,29.17,COc1ccc(NC(=S)N)cc1OC,O=Cc1ccsc1,CC(C)OC(=O)CC(=O)C,C[Si](C)(C)Cl
3495,COc1ccc(cc1OC)N2C(=C(C(NC2=S)c3sccc3C)C(=O)OC(C)C)C,0.6,1,N,45.67,COc1ccc(NC(=S)N)cc1OC,Cc1ccsc1C=O,CC(C)OC(=O)CC(=O)C,C[Si](C)(C)Cl
3496,COc1ccc(cc1OCc2ccccc2)C3NC(=O)NC(=C3C(=O)N(C)C)C,0.9,0,N,0.0,NC(=O)N,COc1ccc(C=O)cc1OCc2ccccc2,CN(C)C(=O)CC(=O)C,
3497,COc1ccc(cc1OCc2ccccc2)C3NC(=O)NC(=C3C(=O)N4CCOCC4)C,0.6,0,N,0.0,NC(=O)N,COc1ccc(C=O)cc1OCc2ccccc2,CC(=O)CC(=O)N1CCOCC1,
3498,COc1ccc(cc1OCc2ccccc2)C3NC(=O)NC(=C3C(=O)Nc4ccc(cc4)[N+](=O)[O-])C,0.6,0,N,0.0,NC(=O)N,COc1ccc(C=O)cc1OCc2ccccc2,CC(=O)CC(=O)Nc1ccc(cc1)[N+](=O)[O-],
3499,COc1ccc(cc1OCc2ccccc2)C3NC(=O)NC(=C3C(=O)Nc4cccc(c4)[N+](=O)[O-])C,0.6,0,N,0.0,NC(=O)N,COc1ccc(C=O)cc1OCc2ccccc2,CC(=O)CC(=O)Nc1cccc(c1)[N+](=O)[O-],
3500,COc1ccc(cc1OCc2ccccc2)C3NC(=O)NC(=C3C(=O)Nc4ccccc4)C,0.6,0,N,0.0,NC(=O)N,COc1ccc(C=O)cc1OCc2ccccc2,CC(=O)CC(=O)Nc1ccccc1,
3501,COc1ccc(cc1OCc2ccccc2)C3NC(=O)NC(=C3C(=O)c4ccccc4)C,0.6,0,N,0.0,NC(=O)N,COc1ccc(C=O)cc1OCc2ccccc2,CC(=O)CC(=O)c1ccccc1,
3502,COc1ccc(cc1OCc2cccnc2)C3NC(=S)NC(=C3C(=O)N4CCCCCC4)C,0.6,0,N,0.0,NC(=S)N,COc1ccc(C=O)cc1OCc2cccnc2,CC(=O)CC(=O)N1CCCCCC1,C[Si](C)(C)Cl
3503,COc1ccc(cc1OCc2cccnc2)C3NC(=S)NC(=C3C(=O)Nc4cccc(F)c4)C,0.6,0,N,0.0,NC(=S)N,COc1ccc(C=O)cc1OCc2cccnc2,CC(=O)CC(=O)Nc1cccc(F)c1,C[Si](C)(C)Cl
3504,COc1ccc(cc1OCc2cccnc2)C3NC(=S)NC(=C3C(=O)Nc4ccccc4)C,0.6,0,N,0.0,NC(=S)N,COc1ccc(C=O)cc1OCc2cccnc2,CC(=O)CC(=O)Nc1ccccc1,C[Si](C)(C)Cl
3505,COc1ccc2cc(ccc2c1)C3NC(=O)N(C4CC4)C(=C3C(=O)Nc5ccccc5C)C,0.6,0,N,0.0,NC(=O)NC1CC1,COc1ccc2cc(C=O)ccc2c1,CC(=O)CC(=O)Nc1ccccc1C,C[Si](C)(C)Cl
3506,COc1ccc2cc(ccc2c1)C3NC(=O)N(C4CC4)C(=C3C(=O)Nc5ccccc5C)C,0.6,0,N,0.0,NC(=O)NC1CC1,COc1ccc2cc(C=O)ccc2c1,CC(=O)CC(=O)Nc1ccccc1C,C[Si](C)(C)Cl
3507,COc1ccc2cc(ccc2c1)C3NC(=O)N(CCCC(=O)O)C(=C3C(=O)N4CCOCC4)C,0.6,1,N,29.17,NC(=O)NCCCC(=O)O,COc1ccc2cc(C=O)ccc2c1,CC(=O)CC(=O)N1CCOCC1,C[Si](C)(C)Cl
3508,COc1ccc2cc(ccc2c1)C3NC(=O)N(CCCC(=O)O)C(=C3C(=O)N4CCOCC4)C,0.6,0,N,0.0,NC(=O)NCCCC(=O)O,COc1ccc2cc(C=O)ccc2c1,CC(=O)CC(=O)N1CCOCC1,C[Si](C)(C)Cl
3509,COc1ccc2cc(ccc2c1)C3NC(=O)NC(=C3C(=O)Nc4ccccc4C(F)(F)F)C,0.6,0,N,0.0,NC(=O)N,COc1ccc2cc(C=O)ccc2c1,CC(=O)CC(=O)Nc1ccccc1C(F)(F)F,C[Si](C)(C)Cl
3510,COc1ccc2cc(ccc2c1)C3NC(=O)NC(=C3C(=O)Nc4ccccc4C(F)(F)F)C,0.6,0,N,0.0,NC(=O)N,COc1ccc2cc(C=O)ccc2c1,CC(=O)CC(=O)Nc1ccccc1C(F)(F)F,C[Si](C)(C)Cl
3511,COc1ccc2cc(ccc2c1)C3NC(=O)NC(=C3C(=O)Nc4ccccc4C(F)(F)F)C,0.6,0,N,0.0,NC(=O)N,COc1ccc2cc(C=O)ccc2c1,CC(=O)CC(=O)Nc1ccccc1C(F)(F)F,C[Si](C)(C)Cl
3512,COc1cccc(C2N(C)C(=O)N(C)C(=C2C(=O)N3CCOCC3)C)c1OC,0.6,0,N,0.0,CNC(=O)NC,COc1cccc(C=O)c1OC,CC(=O)CC(=O)N1CCOCC1,C[Si](C)(C)Cl
3513,COc1cccc(C2NC(=O)NC(=C2C(=O)Nc3ccccc3F)C)c1OC,0.6,1,N,12.5,NC(=O)N,COc1cccc(C=O)c1OC,CC(=O)CC(=O)Nc1ccccc1F,C[Si](C)(C)Cl
3514,COc1cccc(C2NC(=S)N(C(=C2C(=O)Nc3cc(C)on3)C)c4cccc(C)c4)c1OC,0.6,1,N,57.67,Cc1cccc(NC(=S)N)c1,COc1cccc(C=O)c1OC,CC(=O)CC(=O)Nc1cc(C)on1,C[Si](C)(C)Cl
3515,COc1cccc(C2NC(=S)N(C(=C2C(=O)Nc3cc(C)on3)C)c4ccccc4)c1OC,0.6,1,N,22.5,NC(=S)Nc1ccccc1,COc1cccc(C=O)c1OC,CC(=O)CC(=O)Nc1cc(C)on1,C[Si](C)(C)Cl
3516,COc1cccc(C2NC(=S)N(Cc3ccc(C)cc3)C(=C2C(=O)N4CCOCC4)C)c1OC,0.6,0,N,0.0,Cc1ccc(CNC(=S)N)cc1,COc1cccc(C=O)c1OC,CC(=O)CC(=O)N1CCOCC1,C[Si](C)(C)Cl
3517,COc1cccc(C2NC(=S)NC(=C2C(=O)Nc3ccc(C)c(Cl)c3)C)c1OC,0.6,1,N,4.67,NC(=S)N,COc1cccc(C=O)c1OC,CC(=O)CC(=O)Nc1ccc(C)c(Cl)c1,C[Si](C)(C)Cl
3518,COc1cccc(C2NC(=S)NC(=C2C(=O)Nc3cccc(Cl)c3)C)c1OC,0.4,1,N,31.25,NC(=S)N,COc1cccc(C=O)c1OC,CC(=O)CC(=O)Nc1cccc(Cl)c1,C[Si](C)(C)Cl
3519,COc1cccc(C2NC(=S)NC(=C2C(=O)c3ccccc3)C)c1OC,0.6,1,N,0.0,NC(=S)N,COc1cccc(C=O)c1OC,CC(=O)CC(=O)c1ccccc1,
3520,COc1cccc(NC(=O)C2=C(C)NC(=S)NC2c3ccc(O)cc3)c1,0.6,1,N,26.67,NC(=S)N,Oc1ccc(C=O)cc1,COc1cccc(NC(=O)CC(=O)C)c1,C[Si](C)(C)Cl
3521,COc1cccc(NC(=O)C2=C(C)NC(=S)NC2c3ccc(O)cc3)c1,0.6,1,N,2.5,NC(=S)N,Oc1ccc(C=O)cc1,COc1cccc(NC(=O)CC(=O)C)c1,C[Si](C)(C)Cl
3522,COc1cccc(NC(=O)C2=C(C)NC(=S)NC2c3ccc(cc3)C(C)C)c1,0.6,0,N,0.0,NC(=S)N,CC(C)c1ccc(C=O)cc1,COc1cccc(NC(=O)CC(=O)C)c1,C[Si](C)(C)Cl
3523,COc1cccc(NC(=O)C2=C(C)NC(=S)NC2c3ccccc3)c1,0.6,0,N,0.0,NC(=S)N,O=Cc1ccccc1,COc1cccc(NC(=O)CC(=O)C)c1,C[Si](C)(C)Cl
3524,COc1cccc(NC(=O)C2=C(C)NC(=S)NC2c3ccccc3F)c1,0.6,1,N,0.0,NC(=S)N,Fc1ccccc1C=O,COc1cccc(NC(=O)CC(=O)C)c1,C[Si](C)(C)Cl
3525,COc1cccc(c1)C2NC(=O)NC(=C2C(=O)N(C)C)C,0.9,0,N,0.0,NC(=O)N,COc1cccc(C=O)c1,CN(C)C(=O)CC(=O)C,
3526,COc1cccc(c1)C2NC(=O)NC(=C2C(=O)N3CCOCC3)C,0.6,0,N,0.0,NC(=O)N,COc1cccc(C=O)c1,CC(=O)CC(=O)N1CCOCC1,
3527,COc1cccc(c1)C2NC(=O)NC(=C2C(=O)Nc3cc(OC)ccc3OC)C,0.6,0,N,0.0,NC(=O)N,COc1cccc(C=O)c1,COc1ccc(OC)c(NC(=O)CC(=O)C)c1,C[Si](C)(C)Cl
3528,COc1cccc(c1)C2NC(=O)NC(=C2C(=O)Nc3cc(OC)ccc3OC)C,0.6,0,N,0.0,NC(=O)N,COc1cccc(C=O)c1,COc1ccc(OC)c(NC(=O)CC(=O)C)c1,C[Si](C)(C)Cl
3529,COc1cccc(c1)C2NC(=O)NC(=C2C(=O)Nc3cc(OC)ccc3OC)C,0.6,0,N,0.0,NC(=O)N,COc1cccc(C=O)c1,COc1ccc(OC)c(NC(=O)CC(=O)C)c1,C[Si](C)(C)Cl
3530,COc1cccc(c1)C2NC(=O)NC(=C2C(=O)Nc3ccc(Br)cc3)C,0.6,0,N,0.0,NC(=O)N,COc1cccc(C=O)c1,CC(=O)CC(=O)Nc1ccc(Br)cc1,
3531,COc1cccc(c1)C2NC(=O)NC(=C2C(=O)Nc3ccc(cc3)[N+](=O)[O-])C,0.6,0,N,0.0,NC(=O)N,COc1cccc(C=O)c1,CC(=O)CC(=O)Nc1ccc(cc1)[N+](=O)[O-],
3532,COc1cccc(c1)C2NC(=O)NC(=C2C(=O)Nc3ccccc3C(F)(F)F)C,0.6,0,N,0.0,NC(=O)N,COc1cccc(C=O)c1,CC(=O)CC(=O)Nc1ccccc1C(F)(F)F,
3533,COc1cccc(c1)C2NC(=O)NC(=C2C(=O)c3ccccc3)C,0.6,0,N,0.0,NC(=O)N,COc1cccc(C=O)c1,CC(=O)CC(=O)c1ccccc1,
3534,COc1cccc(c1)C2NC(=S)N(C(=C2C(=O)Nc3cc(C)on3)C)c4cc(C)ccc4C,0.6,1,N,65.0,Cc1ccc(C)c(NC(=S)N)c1,COc1cccc(C=O)c1,CC(=O)CC(=O)Nc1cc(C)on1,C[Si](C)(C)Cl
3535,COc1cccc(c1)C2NC(=S)N(C(=C2C(=O)Nc3cc(C)on3)C)c4ccccc4,0.6,1,N,39.17,NC(=S)Nc1ccccc1,COc1cccc(C=O)c1,CC(=O)CC(=O)Nc1cc(C)on1,C[Si](C)(C)Cl
3536,COc1cccc(c1)C2NC(=S)N(C(=C2C(=O)Nc3cc(C)on3)C)c4ccccc4OC,0.6,1,N,50.83,COc1ccccc1NC(=S)N,COc1cccc(C=O)c1,CC(=O)CC(=O)Nc1cc(C)on1,C[Si](C)(C)Cl
3537,COc1cccc(c1)C2NC(=S)N(C(=C2C(=O)Nc3ccccc3)C)c4ccccc4OC,0.6,0,N,0.0,COc1ccccc1NC(=S)N,COc1cccc(C=O)c1,CC(=O)CC(=O)Nc1ccccc1,C[Si](C)(C)Cl
3538,COc1cccc(c1)C2NC(=S)N(Cc3ccc(C)cc3)C(=C2C(=O)N4CCOCC4)C,0.6,0,N,0.0,Cc1ccc(CNC(=S)N)cc1,COc1cccc(C=O)c1,CC(=O)CC(=O)N1CCOCC1,C[Si](C)(C)Cl
3539,COc1cccc(c1)C2NC(=S)NC(=C2C(=O)Nc3ccc(C)c(C)c3)C,0.6,1,N,0.0,NC(=S)N,COc1cccc(C=O)c1,CC(=O)CC(=O)Nc1ccc(C)c(C)c1,
3540,COc1cccc(c1)N2C(=C(C(NC2=S)c3c(F)cccc3F)C(=O)N4CCOCC4)C,0.6,0,N,0.0,COc1cccc(NC(=S)N)c1,Fc1cccc(F)c1C=O,CC(=O)CC(=O)N1CCOCC1,C[Si](C)(C)Cl
3541,COc1cccc(c1)N2C(=C(C(NC2=S)c3ccc(F)cc3F)C(=O)Nc4cc(C)on4)C,0.6,0,N,0.0,COc1cccc(NC(=S)N)c1,Fc1ccc(C=O)c(F)c1,CC(=O)CC(=O)Nc1cc(C)on1,C[Si](C)(C)Cl
3542,COc1cccc(c1)N2C(=C(C(NC2=S)c3ccccc3Cl)C(=O)Nc4cc(C)on4)C,0.6,0,N,0.0,COc1cccc(NC(=S)N)c1,Clc1ccccc1C=O,CC(=O)CC(=O)Nc1cc(C)on1,C[Si](C)(C)Cl
3543,COc1cccc(c1)N2C(=C(C(NC2=S)c3cccs3)C(=O)N4CCOCC4)C,0.6,0,N,0.0,COc1cccc(NC(=S)N)c1,O=Cc1cccs1,CC(=O)CC(=O)N1CCOCC1,C[Si](C)(C)Cl
3544,COc1cccc(c1)N2C(=C(C(NC2=S)c3cccs3)C(=O)Nc4ccccc4)C,0.6,0,N,0.0,COc1cccc(NC(=S)N)c1,O=Cc1cccs1,CC(=O)CC(=O)Nc1ccccc1,C[Si](C)(C)Cl
3545,COc1cccc(c1)N2C(=C(C(NC2=S)c3cccs3)C(=O)Nc4ccccc4Cl)C,0.6,0,N,0.0,COc1cccc(NC(=S)N)c1,O=Cc1cccs1,CC(=O)CC(=O)Nc1ccccc1Cl,C[Si](C)(C)Cl
3546,COc1cccc(c1)N2C(=C(C(NC2=S)c3cccs3)C(=O)Nc4ccccc4Cl)C,0.6,0,N,0.0,COc1cccc(NC(=S)N)c1,O=Cc1cccs1,CC(=O)CC(=O)Nc1ccccc1Cl,
3547,COc1ccccc1C2NC(=O)NC(=C2C(=O)N(C)C)C,0.9,0,N,0.0,NC(=O)N,COc1ccccc1C=O,CN(C)C(=O)CC(=O)C,
3548,COc1ccccc1C2NC(=O)NC(=C2C(=O)N3CCOCC3)C,0.6,0,N,0.0,NC(=O)N,COc1ccccc1C=O,CC(=O)CC(=O)N1CCOCC1,
3549,COc1ccccc1C2NC(=O)NC(=C2C(=O)Nc3ccc(Br)cc3)C,0.6,0,N,0.0,NC(=O)N,COc1ccccc1C=O,CC(=O)CC(=O)Nc1ccc(Br)cc1,
3550,COc1ccccc1C2NC(=O)NC(=C2C(=O)Nc3ccc(C)c(Cl)c3)C,0.6,0,N,0.0,NC(=O)N,COc1ccccc1C=O,CC(=O)CC(=O)Nc1ccc(C)c(Cl)c1,
3551,COc1ccccc1C2NC(=O)NC(=C2C(=O)Nc3ccccc3)C,0.6,1,N,0.0,NC(=O)N,COc1ccccc1C=O,CC(=O)CC(=O)Nc1ccccc1,
3552,COc1ccccc1C2NC(=O)NC(=C2C(=O)Nc3ccccc3F)C,0.6,0,N,0.0,NC(=O)N,COc1ccccc1C=O,CC(=O)CC(=O)Nc1ccccc1F,
3553,COc1ccccc1C2NC(=S)N(C(=C2C(=O)Nc3cc(C)on3)C)c4ccc(Cl)cc4,0.6,1,N,41.17,NC(=S)Nc1ccc(Cl)cc1,COc1ccccc1C=O,CC(=O)CC(=O)Nc1cc(C)on1,C[Si](C)(C)Cl
3554,COc1ccccc1C2NC(=S)N(C(=C2C(=O)Nc3cc(C)on3)C)c4ccccc4,0.6,1,N,17.5,NC(=S)Nc1ccccc1,COc1ccccc1C=O,CC(=O)CC(=O)Nc1cc(C)on1,C[Si](C)(C)Cl
3555,COc1ccccc1C2NC(=S)N(C(=C2C(=O)Nc3cc(C)on3)C)c4ccccc4OC,0.6,1,N,61.67,COc1ccccc1NC(=S)N,COc1ccccc1C=O,CC(=O)CC(=O)Nc1cc(C)on1,C[Si](C)(C)Cl
3556,COc1ccccc1C2NC(=S)N(C(=C2C(=O)Nc3cc(C)on3)C)c4ccccc4OC,0.6,0,N,0.0,COc1ccccc1NC(=S)N,COc1ccccc1C=O,CC(=O)CC(=O)Nc1cc(C)on1,C[Si](C)(C)Cl
3557,COc1ccccc1C2NC(=S)NC(=C2C(=O)Nc3ccc(C)c(C)c3)C,0.6,1,N,0.0,NC(=S)N,COc1ccccc1C=O,CC(=O)CC(=O)Nc1ccc(C)c(C)c1,
3558,COc1ccccc1CN2C(=C(C(NC2=S)c3ccc(Cl)cc3)C(=O)Nc4ccccc4OC)C,0.6,0,N,0.0,COc1ccccc1CNC(=S)N,Clc1ccc(C=O)cc1,COc1ccccc1NC(=O)CC(=O)C,
3559,COc1ccccc1CN2C(=C(C(NC2=S)c3ccc(NC(=O)C)cc3)C(=O)Nc4ccc(Cl)cc4)C,0.6,0,N,0.0,COc1ccccc1CNC(=S)N,CC(=O)Nc1ccc(C=O)cc1,CC(=O)CC(=O)Nc1ccc(Cl)cc1,
3560,COc1ccccc1CN2C(=C(C(NC2=S)c3cccc(C)c3)C(=O)Nc4ccccc4OC)C,0.6,0,N,0.0,COc1ccccc1CNC(=S)N,Cc1cccc(C=O)c1,COc1ccccc1NC(=O)CC(=O)C,
3561,COc1ccccc1CN2C(=C(C(NC2=S)c3cccc(OC)c3OC)C(=O)N4CCOCC4)C,0.6,0,N,0.0,COc1ccccc1CNC(=S)N,COc1cccc(C=O)c1OC,CC(=O)CC(=O)N1CCOCC1,C[Si](C)(C)Cl
3562,COc1ccccc1N2C(=C(C(NC2=S)c3ccc(C)c(c3)[N+](=O)[O-])C(=O)Nc4cc(C)on4)C,0.6,1,N,12.67,COc1ccccc1NC(=S)N,Cc1ccc(C=O)cc1[N+](=O)[O-],CC(=O)CC(=O)Nc1cc(C)on1,C[Si](C)(C)Cl
3563,COc1ccccc1N2C(=C(C(NC2=S)c3ccc(O)cc3)C(=O)N4CCOCC4)C,0.6,0,N,0.0,COc1ccccc1NC(=S)N,Oc1ccc(C=O)cc1,CC(=O)CC(=O)N1CCOCC1,C[Si](C)(C)Cl
3564,COc1ccccc1N2C(=C(C(NC2=S)c3ccc(O)cc3)C(=O)Nc4cc(C)on4)C,0.6,1,N,47.5,COc1ccccc1NC(=S)N,Oc1ccc(C=O)cc1,CC(=O)CC(=O)Nc1cc(C)on1,C[Si](C)(C)Cl
3565,COc1ccccc1N2C(=C(C(NC2=S)c3ccc(OC(F)F)cc3)C(=O)N(C)C)C,0.6,1,N,82.17,COc1ccccc1NC(=S)N,FC(F)Oc1ccc(C=O)cc1,CN(C)C(=O)CC(=O)C,C[Si](C)(C)Cl
3566,COc1ccccc1N2C(=C(C(NC2=S)c3ccc(cc3)C(=O)O)C(=O)Nc4cc(C)on4)C,0.6,1,N,13.17,COc1ccccc1NC(=S)N,OC(=O)c1ccc(C=O)cc1,CC(=O)CC(=O)Nc1cc(C)on1,C[Si](C)(C)Cl
3567,COc1ccccc1N2C(=C(C(NC2=S)c3cccc(C#N)c3)C(=O)N(C)C)C,0.6,1,N,77.5,COc1ccccc1NC(=S)N,O=Cc1cccc(C#N)c1,CN(C)C(=O)CC(=O)C,C[Si](C)(C)Cl
3568,COc1ccccc1N2C(=C(C(NC2=S)c3cccc(C#N)c3)C(=O)N4CCOCC4)C,0.6,1,N,100.0,COc1ccccc1NC(=S)N,O=Cc1cccc(C#N)c1,CC(=O)CC(=O)N1CCOCC1,C[Si](C)(C)Cl
3569,COc1ccccc1N2C(=C(C(NC2=S)c3cccc(C)c3)C(=O)Nc4cc(C)on4)C,0.6,1,N,60.0,COc1ccccc1NC(=S)N,Cc1cccc(C=O)c1,CC(=O)CC(=O)Nc1cc(C)on1,C[Si](C)(C)Cl
3570,COc1ccccc1N2C(=C(C(NC2=S)c3cccc(OCc4ccccn4)c3)C(=O)N(C)C)C,0.6,0,N,0.0,COc1ccccc1NC(=S)N,O=Cc1cccc(OCc2ccccn2)c1,CN(C)C(=O)CC(=O)C,C[Si](C)(C)Cl
3571,COc1ccccc1N2C(=C(C(NC2=S)c3ccccc3)C(=O)Nc4cc(C)on4)C,0.6,1,N,59.17,COc1ccccc1NC(=S)N,O=Cc1ccccc1,CC(=O)CC(=O)Nc1cc(C)on1,C[Si](C)(C)Cl
3572,COc1ccccc1N2C(=C(C(NC2=S)c3ccccc3OCC#C)C(=O)Nc4cc(C)on4)C,0.6,1,N,47.5,COc1ccccc1NC(=S)N,O=Cc1ccccc1OCC#C,CC(=O)CC(=O)Nc1cc(C)on1,C[Si](C)(C)Cl
3573,COc1ccccc1N2C(=C(C(NC2=S)c3cccs3)C(=O)N4CCOCC4)C,0.6,0,N,0.0,COc1ccccc1NC(=S)N,O=Cc1cccs1,CC(=O)CC(=O)N1CCOCC1,C[Si](C)(C)Cl
3574,COc1ccccc1N2C(=C(C(NC2=S)c3ccsc3)C(=O)N4CCOCC4)C,0.6,1,N,45.0,COc1ccccc1NC(=S)N,O=Cc1ccsc1,CC(=O)CC(=O)N1CCOCC1,C[Si](C)(C)Cl
3575,COc1ccccc1N2C(=C(C(NC2=S)c3ccsc3)C(=O)N4CCOCC4)C,0.6,0,N,0.0,COc1ccccc1NC(=S)N,O=Cc1ccsc1,CC(=O)CC(=O)N1CCOCC1,
3576,COc1ccccc1NC(=O)C2=C(C)N(C(=O)NC2c3ccc(C#N)cc3)c4cccc(c4)C(=O)O,0.6,1,N,35.0,NC(=O)Nc1cccc(c1)C(=O)O,O=Cc1ccc(C#N)cc1,COc1ccccc1NC(=O)CC(=O)C,C[Si](C)(C)Cl
3577,COc1ccccc1NC(=O)C2=C(C)N(C(=O)NC2c3ccc(C#N)cc3)c4ccccc4,0.6,0,N,0.0,NC(=O)Nc1ccccc1,O=Cc1ccc(C#N)cc1,COc1ccccc1NC(=O)CC(=O)C,C[Si](C)(C)Cl
3578,COc1ccccc1NC(=O)C2=C(C)N(C(=O)NC2c3ccc(C#N)cc3)c4ccccc4,0.6,0,N,0.0,NC(=O)Nc1ccccc1,O=Cc1ccc(C#N)cc1,COc1ccccc1NC(=O)CC(=O)C,C[Si](C)(C)Cl
3579,COc1ccccc1NC(=O)C2=C(C)N(C(=O)NC2c3ccc(C#N)cc3)c4ccccc4,0.6,0,N,0.0,NC(=O)Nc1ccccc1,O=Cc1ccc(C#N)cc1,COc1ccccc1NC(=O)CC(=O)C,C[Si](C)(C)Cl
3580,COc1ccccc1NC(=O)C2=C(C)N(C(=O)NC2c3ccc(C#N)cc3)c4ccccc4,0.6,0,N,0.0,NC(=O)Nc1ccccc1,O=Cc1ccc(C#N)cc1,COc1ccccc1NC(=O)CC(=O)C,C[Si](C)(C)Cl
3581,COc1ccccc1NC(=O)C2=C(C)N(C(=O)NC2c3ccc(C#N)cc3)c4ccccc4,0.6,0,N,0.0,NC(=O)Nc1ccccc1,O=Cc1ccc(C#N)cc1,COc1ccccc1NC(=O)CC(=O)C,C[Si](C)(C)Cl
3582,COc1ccccc1NC(=O)C2=C(C)N(C(=O)NC2c3ccc(C#N)cc3)c4ccccc4,0.6,0,N,0.0,NC(=O)Nc1ccccc1,O=Cc1ccc(C#N)cc1,COc1ccccc1NC(=O)CC(=O)C,C[Si](C)(C)Cl
3583,COc1ccccc1NC(=O)C2=C(C)N(C(=O)NC2c3ccc(C#N)cc3)c4ccccc4,0.6,0,N,0.0,NC(=O)Nc1ccccc1,O=Cc1ccc(C#N)cc1,COc1ccccc1NC(=O)CC(=O)C,C[Si](C)(C)Cl
3584,COc1ccccc1NC(=O)C2=C(C)N(C(=O)NC2c3cccc(F)c3)c4cccc(c4)C(=O)O,0.6,0,N,0.0,NC(=O)Nc1cccc(c1)C(=O)O,Fc1cccc(C=O)c1,COc1ccccc1NC(=O)CC(=O)C,C[Si](C)(C)Cl
3585,COc1ccccc1NC(=O)C2=C(C)N(C(=O)NC2c3cccc(F)c3)c4cccc(c4)C(=O)O,0.6,0,N,0.0,NC(=O)Nc1cccc(c1)C(=O)O,Fc1cccc(C=O)c1,COc1ccccc1NC(=O)CC(=O)C,C[Si](C)(C)Cl
3586,COc1ccccc1NC(=O)C2=C(C)N(C(=O)NC2c3ccccc3F)c4cccc(c4)C(=O)O,0.6,0,N,0.0,NC(=O)Nc1cccc(c1)C(=O)O,Fc1ccccc1C=O,COc1ccccc1NC(=O)CC(=O)C,C[Si](C)(C)Cl
3587,COc1ccccc1NC(=O)C2=C(C)N(C(=O)NC2c3ccccc3F)c4cccc(c4)C(=O)O,0.6,0,N,0.0,NC(=O)Nc1cccc(c1)C(=O)O,Fc1ccccc1C=O,COc1ccccc1NC(=O)CC(=O)C,C[Si](C)(C)Cl
3588,COc1ccccc1NC(=O)C2=C(C)N(C(=O)NC2c3ccccc3F)c4cccc(c4)C(=O)O,0.6,0,N,0.0,NC(=O)Nc1cccc(c1)C(=O)O,Fc1ccccc1C=O,COc1ccccc1NC(=O)CC(=O)C,C[Si](C)(C)Cl
3589,COc1ccccc1NC(=O)C2=C(C)N(C(=S)NC2c3ccccc3)c4ccccc4,0.6,1,N,29.67,NC(=S)Nc1ccccc1,O=Cc1ccccc1,COc1ccccc1NC(=O)CC(=O)C,C[Si](C)(C)Cl
3590,COc1ccccc1NC(=O)C2=C(C)N(C)C(=O)N(C)C2c3ccccc3,0.6,0,N,0.0,CNC(=O)NC,O=Cc1ccccc1,COc1ccccc1NC(=O)CC(=O)C,C[Si](C)(C)Cl
3591,COc1ccccc1NC(=O)C2=C(C)N(C)C(=O)NC2c3ccc(cc3)[N+](=O)[O-],0.6,1,N,19.17,CNC(=O)N,[O-][N+](=O)c1ccc(C=O)cc1,COc1ccccc1NC(=O)CC(=O)C,C[Si](C)(C)Cl
3592,COc1ccccc1NC(=O)C2=C(C)N(C)C(=S)N(C)C2c3cccc(c3)[N+](=O)[O-],0.6,0,N,0.0,CNC(=S)NC,[O-][N+](=O)c1cccc(C=O)c1,COc1ccccc1NC(=O)CC(=O)C,
3593,COc1ccccc1NC(=O)C2=C(C)N(C)C(=S)NC2c3ccc(Cl)cc3,0.6,1,N,91.5,CNC(=S)N,Clc1ccc(C=O)cc1,COc1ccccc1NC(=O)CC(=O)C,C[Si](C)(C)Cl
3594,COc1ccccc1NC(=O)C2=C(C)N(C)C(=S)NC2c3ccc(F)cc3,0.6,0,N,0.0,CNC(=S)N,Fc1ccc(C=O)cc1,COc1ccccc1NC(=O)CC(=O)C,C[Si](C)(C)Cl
3595,COc1ccccc1NC(=O)C2=C(C)N(C)C(=S)NC2c3cccc(c3)C(F)(F)F,0.6,1,N,76.67,CNC(=S)N,FC(F)(F)c1cccc(C=O)c1,COc1ccccc1NC(=O)CC(=O)C,C[Si](C)(C)Cl
3596,COc1ccccc1NC(=O)C2=C(C)N(C)C(=S)NC2c3csc(n3)c4ccc(Cl)cc4,0.6,0,N,0.0,CNC(=S)N,Clc1ccc(cc1)c2nc(C=O)cs2,COc1ccccc1NC(=O)CC(=O)C,C[Si](C)(C)Cl
3597,COc1ccccc1NC(=O)C2=C(C)N(C3CC3)C(=O)NC2c4c(F)cccc4F,0.6,1,N,27.33,NC(=O)NC1CC1,Fc1cccc(F)c1C=O,COc1ccccc1NC(=O)CC(=O)C,C[Si](C)(C)Cl
3598,COc1ccccc1NC(=O)C2=C(C)N(C3CC3)C(=O)NC2c4cc(Br)cs4,0.6,1,N,9.83,NC(=O)NC1CC1,Brc1csc(C=O)c1,COc1ccccc1NC(=O)CC(=O)C,C[Si](C)(C)Cl
3599,COc1ccccc1NC(=O)C2=C(C)N(C3CC3)C(=O)NC2c4ccc(Br)s4,0.6,1,N,48.83,NC(=O)NC1CC1,Brc1ccc(C=O)s1,COc1ccccc1NC(=O)CC(=O)C,C[Si](C)(C)Cl
3600,COc1ccccc1NC(=O)C2=C(C)N(C3CC3)C(=O)NC2c4ccc(F)cc4,0.6,1,N,18.33,NC(=O)NC1CC1,Fc1ccc(C=O)cc1,COc1ccccc1NC(=O)CC(=O)C,C[Si](C)(C)Cl
3601,COc1ccccc1NC(=O)C2=C(C)N(C3CC3)C(=O)NC2c4ccc(F)cc4,0.6,0,N,0.0,NC(=O)NC1CC1,Fc1ccc(C=O)cc1,COc1ccccc1NC(=O)CC(=O)C,C[Si](C)(C)Cl
3602,COc1ccccc1NC(=O)C2=C(C)N(C3CC3)C(=O)NC2c4ccc(F)cc4,0.6,0,N,0.0,NC(=O)NC1CC1,Fc1ccc(C=O)cc1,COc1ccccc1NC(=O)CC(=O)C,C[Si](C)(C)Cl
3603,COc1ccccc1NC(=O)C2=C(C)N(C3CC3)C(=O)NC2c4ccc(F)cc4,0.6,0,N,0.0,NC(=O)NC1CC1,Fc1ccc(C=O)cc1,COc1ccccc1NC(=O)CC(=O)C,C[Si](C)(C)Cl
3604,COc1ccccc1NC(=O)C2=C(C)N(C3CC3)C(=O)NC2c4ccc(F)cc4F,0.6,0,N,0.0,NC(=O)NC1CC1,Fc1ccc(C=O)c(F)c1,COc1ccccc1NC(=O)CC(=O)C,C[Si](C)(C)Cl
3605,COc1ccccc1NC(=O)C2=C(C)N(C3CC3)C(=O)NC2c4ccc(F)cc4F,0.6,0,N,0.0,NC(=O)NC1CC1,Fc1ccc(C=O)c(F)c1,COc1ccccc1NC(=O)CC(=O)C,C[Si](C)(C)Cl
3606,COc1ccccc1NC(=O)C2=C(C)N(C3CC3)C(=O)NC2c4ccc(F)cc4F,0.6,0,N,0.0,NC(=O)NC1CC1,Fc1ccc(C=O)c(F)c1,COc1ccccc1NC(=O)CC(=O)C,C[Si](C)(C)Cl
3607,COc1ccccc1NC(=O)C2=C(C)N(C3CC3)C(=O)NC2c4ccc(F)cc4F,0.6,0,N,0.0,NC(=O)NC1CC1,Fc1ccc(C=O)c(F)c1,COc1ccccc1NC(=O)CC(=O)C,C[Si](C)(C)Cl
3608,COc1ccccc1NC(=O)C2=C(C)N(C3CC3)C(=O)NC2c4cccc(F)c4,0.6,1,N,11.67,NC(=O)NC1CC1,Fc1cccc(C=O)c1,COc1ccccc1NC(=O)CC(=O)C,C[Si](C)(C)Cl
3609,COc1ccccc1NC(=O)C2=C(C)N(C3CC3)C(=O)NC2c4cccc(F)c4,0.6,0,N,0.0,NC(=O)NC1CC1,Fc1cccc(C=O)c1,COc1ccccc1NC(=O)CC(=O)C,C[Si](C)(C)Cl
3610,COc1ccccc1NC(=O)C2=C(C)N(C3CC3)C(=O)NC2c4cccc(c4)C(F)(F)F,0.6,1,N,20.0,NC(=O)NC1CC1,FC(F)(F)c1cccc(C=O)c1,COc1ccccc1NC(=O)CC(=O)C,C[Si](C)(C)Cl
3611,COc1ccccc1NC(=O)C2=C(C)N(C3CC3)C(=O)NC2c4cccc(c4)C(F)(F)F,0.6,0,N,0.0,NC(=O)NC1CC1,FC(F)(F)c1cccc(C=O)c1,COc1ccccc1NC(=O)CC(=O)C,C[Si](C)(C)Cl
3612,COc1ccccc1NC(=O)C2=C(C)N(C3CC3)C(=O)NC2c4ccccc4Br,0.6,1,N,8.83,NC(=O)NC1CC1,Brc1ccccc1C=O,COc1ccccc1NC(=O)CC(=O)C,C[Si](C)(C)Cl
3613,COc1ccccc1NC(=O)C2=C(C)N(C3CC3)C(=O)NC2c4ccccc4C(F)(F)F,0.6,1,N,12.5,NC(=O)NC1CC1,FC(F)(F)c1ccccc1C=O,COc1ccccc1NC(=O)CC(=O)C,C[Si](C)(C)Cl
3614,COc1ccccc1NC(=O)C2=C(C)N(C3CC3)C(=O)NC2c4ccccc4F,0.6,1,N,50.5,NC(=O)NC1CC1,Fc1ccccc1C=O,COc1ccccc1NC(=O)CC(=O)C,C[Si](C)(C)Cl
3615,COc1ccccc1NC(=O)C2=C(C)N(C3CC3)C(=S)NC2c4ccsc4,0.6,1,N,34.0,NC(=S)NC1CC1,O=Cc1ccsc1,COc1ccccc1NC(=O)CC(=O)C,C[Si](C)(C)Cl
3616,COc1ccccc1NC(=O)C2=C(C)N(C3CCCC3)C(=O)NC2c4cccc(F)c4,0.6,0,N,0.0,NC(=O)NC1CCCC1,Fc1cccc(C=O)c1,COc1ccccc1NC(=O)CC(=O)C,C[Si](C)(C)Cl
3617,COc1ccccc1NC(=O)C2=C(C)N(C3CCCCC3)C(=O)NC2c4cccc(F)c4,0.6,0,N,0.0,NC(=O)NC1CCCCC1,Fc1cccc(C=O)c1,COc1ccccc1NC(=O)CC(=O)C,C[Si](C)(C)Cl
3618,COc1ccccc1NC(=O)C2=C(C)N(C3CCCCC3C)C(=O)NC2c4cccc(F)c4,0.6,0,N,0.0,CC1CCCCC1NC(=O)N,Fc1cccc(C=O)c1,COc1ccccc1NC(=O)CC(=O)C,C[Si](C)(C)Cl
3619,COc1ccccc1NC(=O)C2=C(C)N(CC3CCCO3)C(=O)NC2c4cccc(c4)C(F)(F)F,0.6,0,N,0.0,NC(=O)NCC1CCCO1,FC(F)(F)c1cccc(C=O)c1,COc1ccccc1NC(=O)CC(=O)C,C[Si](C)(C)Cl
3620,COc1ccccc1NC(=O)C2=C(C)N(CC3CCCO3)C(=O)NC2c4cccc(c4)C(F)(F)F,0.6,0,N,0.0,NC(=O)NCC1CCCO1,FC(F)(F)c1cccc(C=O)c1,COc1ccccc1NC(=O)CC(=O)C,C[Si](C)(C)Cl
3621,COc1ccccc1NC(=O)C2=C(C)N(CCC(C)C)C(=O)NC2c3cccc(F)c3,0.6,1,N,28.67,CC(C)CCNC(=O)N,Fc1cccc(C=O)c1,COc1ccccc1NC(=O)CC(=O)C,C[Si](C)(C)Cl
3622,COc1ccccc1NC(=O)C2=C(C)N(CCCC(=O)O)C(=O)NC2c3ccc4ccccc4c3,0.6,0,N,0.0,NC(=O)NCCCC(=O)O,O=Cc1ccc2ccccc2c1,COc1ccccc1NC(=O)CC(=O)C,C[Si](C)(C)Cl
3623,COc1ccccc1NC(=O)C2=C(C)N(CCCC(=O)O)C(=O)NC2c3ccc4ccccc4c3,0.6,0,N,0.0,NC(=O)NCCCC(=O)O,O=Cc1ccc2ccccc2c1,COc1ccccc1NC(=O)CC(=O)C,C[Si](C)(C)Cl
3624,COc1ccccc1NC(=O)C2=C(C)N(CCCC(=O)O)C(=O)NC2c3ccc4ccccc4c3,0.6,0,N,0.0,NC(=O)NCCCC(=O)O,O=Cc1ccc2ccccc2c1,COc1ccccc1NC(=O)CC(=O)C,C[Si](C)(C)Cl
3625,COc1ccccc1NC(=O)C2=C(C)N(CCCC(=O)O)C(=O)NC2c3ccc4ccccc4c3,0.6,0,N,0.0,NC(=O)NCCCC(=O)O,O=Cc1ccc2ccccc2c1,COc1ccccc1NC(=O)CC(=O)C,C[Si](C)(C)Cl
3626,COc1ccccc1NC(=O)C2=C(C)NC(=O)NC2c3c(Cl)cccc3Cl,0.6,0,N,0.0,NC(=O)N,Clc1cccc(Cl)c1C=O,COc1ccccc1NC(=O)CC(=O)C,
3627,COc1ccccc1NC(=O)C2=C(C)NC(=O)NC2c3c(F)cccc3F,0.6,1,N,0.0,NC(=O)N,Fc1cccc(F)c1C=O,COc1ccccc1NC(=O)CC(=O)C,
3628,COc1ccccc1NC(=O)C2=C(C)NC(=O)NC2c3cc(C)ccc3C,0.6,1,N,0.0,NC(=O)N,Cc1ccc(C)c(C=O)c1,COc1ccccc1NC(=O)CC(=O)C,
3629,COc1ccccc1NC(=O)C2=C(C)NC(=O)NC2c3ccc(C)cc3C,0.6,1,N,0.0,NC(=O)N,Cc1ccc(C=O)c(C)c1,COc1ccccc1NC(=O)CC(=O)C,
3630,COc1ccccc1NC(=O)C2=C(C)NC(=O)NC2c3ccc(C)s3,0.6,1,N,37.33,NC(=O)N,Cc1ccc(C=O)s1,COc1ccccc1NC(=O)CC(=O)C,
3631,COc1ccccc1NC(=O)C2=C(C)NC(=O)NC2c3ccc(Cl)c(c3)[N+](=O)[O-],0.6,1,N,0.0,NC(=O)N,[O-][N+](=O)c1cc(C=O)ccc1Cl,COc1ccccc1NC(=O)CC(=O)C,
3632,COc1ccccc1NC(=O)C2=C(C)NC(=O)NC2c3ccc(F)cc3,0.6,1,N,0.0,NC(=O)N,Fc1ccc(C=O)cc1,COc1ccccc1NC(=O)CC(=O)C,
3633,COc1ccccc1NC(=O)C2=C(C)NC(=O)NC2c3ccc(F)cc3F,0.6,1,N,0.0,NC(=O)N,Fc1ccc(C=O)c(F)c1,COc1ccccc1NC(=O)CC(=O)C,
3634,COc1ccccc1NC(=O)C2=C(C)NC(=O)NC2c3ccc(OC)c(OCc4ccccc4)c3,0.6,0,N,0.0,NC(=O)N,COc1ccc(C=O)cc1OCc2ccccc2,COc1ccccc1NC(=O)CC(=O)C,
3635,COc1ccccc1NC(=O)C2=C(C)NC(=O)NC2c3ccc(OCc4ccccc4)c(OC)c3,0.6,0,N,0.0,NC(=O)N,COc1cc(C=O)ccc1OCc2ccccc2,COc1ccccc1NC(=O)CC(=O)C,
3636,COc1ccccc1NC(=O)C2=C(C)NC(=O)NC2c3ccc(SC)cc3,0.6,0,N,0.0,NC(=O)N,CSc1ccc(C=O)cc1,COc1ccccc1NC(=O)CC(=O)C,C[Si](C)(C)Cl
3637,COc1ccccc1NC(=O)C2=C(C)NC(=O)NC2c3ccc(cc3)N4CCOCC4,0.6,1,N,15.83,NC(=O)N,O=Cc1ccc(cc1)N2CCOCC2,COc1ccccc1NC(=O)CC(=O)C,C[Si](C)(C)Cl
3638,COc1ccccc1NC(=O)C2=C(C)NC(=O)NC2c3ccc(cc3)c4ccccc4,0.6,1,N,0.0,NC(=O)N,O=Cc1ccc(cc1)c2ccccc2,COc1ccccc1NC(=O)CC(=O)C,
3639,COc1ccccc1NC(=O)C2=C(C)NC(=O)NC2c3ccc(o3)c4ccc(F)cc4,0.6,0,N,0.0,NC(=O)N,Fc1ccc(cc1)c2ccc(C=O)o2,COc1ccccc1NC(=O)CC(=O)C,C[Si](C)(C)Cl
3640,COc1ccccc1NC(=O)C2=C(C)NC(=O)NC2c3ccc(o3)c4ccc(F)cc4,0.6,0,N,0.0,NC(=O)N,Fc1ccc(cc1)c2ccc(C=O)o2,COc1ccccc1NC(=O)CC(=O)C,C[Si](C)(C)Cl
3641,COc1ccccc1NC(=O)C2=C(C)NC(=O)NC2c3cccc(C)c3,0.6,1,N,0.0,NC(=O)N,Cc1cccc(C=O)c1,COc1ccccc1NC(=O)CC(=O)C,
3642,COc1ccccc1NC(=O)C2=C(C)NC(=O)NC2c3cccc(F)c3,0.6,0,N,0.0,NC(=O)N,Fc1cccc(C=O)c1,COc1ccccc1NC(=O)CC(=O)C,
3643,COc1ccccc1NC(=O)C2=C(C)NC(=O)NC2c3ccccc3,0.6,0,N,0.0,NC(=O)N,O=Cc1ccccc1,COc1ccccc1NC(=O)CC(=O)C,C[Si](C)(C)Cl
3644,COc1ccccc1NC(=O)C2=C(C)NC(=O)NC2c3ccccc3Br,0.6,1,N,0.0,NC(=O)N,Brc1ccccc1C=O,COc1ccccc1NC(=O)CC(=O)C,
3645,COc1ccccc1NC(=O)C2=C(C)NC(=O)NC2c3ccccc3C,0.6,1,N,0.0,NC(=O)N,Cc1ccccc1C=O,COc1ccccc1NC(=O)CC(=O)C,
3646,COc1ccccc1NC(=O)C2=C(C)NC(=O)NC2c3ccccc3C(F)(F)F,0.6,1,N,0.0,NC(=O)N,FC(F)(F)c1ccccc1C=O,COc1ccccc1NC(=O)CC(=O)C,
3647,COc1ccccc1NC(=O)C2=C(C)NC(=O)NC2c3ccccc3OC(F)F,0.6,1,N,0.0,NC(=O)N,FC(F)Oc1ccccc1C=O,COc1ccccc1NC(=O)CC(=O)C,
3648,COc1ccccc1NC(=O)C2=C(C)NC(=S)NC2c3c(F)cccc3F,0.6,1,N,0.0,NC(=S)N,Fc1cccc(F)c1C=O,COc1ccccc1NC(=O)CC(=O)C,
3649,COc1ccccc1NC(=O)C2=C(C)NC(=S)NC2c3ccc(OC(F)F)c(OC)c3,0.6,1,N,0.0,NC(=S)N,COc1cc(C=O)ccc1OC(F)F,COc1ccccc1NC(=O)CC(=O)C,
3650,COc1ccccc1NC(=O)C2=C(C)NC(=S)NC2c3ccc(OC(F)F)cc3,0.6,1,N,0.0,NC(=S)N,FC(F)Oc1ccc(C=O)cc1,COc1ccccc1NC(=O)CC(=O)C,
3651,COc1ccccc1NC(=O)C2=C(C)NC(=S)NC2c3ccc(cc3)N4CCOCC4,0.6,0,N,0.0,NC(=S)N,O=Cc1ccc(cc1)N2CCOCC2,COc1ccccc1NC(=O)CC(=O)C,
3652,COc1ccccc1NC(=O)C2=C(C)NC(=S)NC2c3cccc(C#N)c3,0.6,1,N,30.83,NC(=S)N,O=Cc1cccc(C#N)c1,COc1ccccc1NC(=O)CC(=O)C,C[Si](C)(C)Cl
3653,COc1ccccc1NC(=O)C2=C(C)NC(=S)NC2c3ccccc3,0.6,1,N,75.67,NC(=S)N,O=Cc1ccccc1,COc1ccccc1NC(=O)CC(=O)C,C[Si](C)(C)Cl
3654,COc1ccccc1NC(=O)C2=C(C)NC(=S)NC2c3ccccc3C,0.6,1,N,85.5,NC(=S)N,Cc1ccccc1C=O,COc1ccccc1NC(=O)CC(=O)C,C[Si](C)(C)Cl
3655,CSc1ccc(cc1)C2N(C)C(=S)N(C)C(=C2C(=O)Nc3ccccc3F)C,0.6,1,N,22.17,CNC(=S)NC,CSc1ccc(C=O)cc1,CC(=O)CC(=O)Nc1ccccc1F,
3656,CSc1ccc(cc1)C2NC(=O)N(C)C(=C2C(=O)N3CCOCC3)C,0.6,0,N,0.0,CNC(=O)N,CSc1ccc(C=O)cc1,CC(=O)CC(=O)N1CCOCC1,C[Si](C)(C)Cl
3657,CSc1ccc(cc1)C2NC(=O)N(C3CC3)C(=C2C(=O)N4CCOCC4)C,0.6,0,N,0.0,NC(=O)NC1CC1,CSc1ccc(C=O)cc1,CC(=O)CC(=O)N1CCOCC1,C[Si](C)(C)Cl
3658,CSc1ccc(cc1)C2NC(=O)NC(=C2C(=O)N(C)C)C,0.6,0,N,0.0,NC(=O)N,CSc1ccc(C=O)cc1,CN(C)C(=O)CC(=O)C,C[Si](C)(C)Cl
3659,CSc1ccc(cc1)C2NC(=O)NC(=C2C(=O)N(C)C)C,0.6,0,N,0.0,NC(=O)N,CSc1ccc(C=O)cc1,CN(C)C(=O)CC(=O)C,C[Si](C)(C)Cl
3660,CSc1ccc(cc1)C2NC(=O)NC(=C2C(=O)Nc3ccc(Br)cc3)C,0.6,0,N,0.0,NC(=O)N,CSc1ccc(C=O)cc1,CC(=O)CC(=O)Nc1ccc(Br)cc1,
3661,CSc1ccc(cc1)C2NC(=O)NC(=C2C(=O)Nc3cccc(c3)[N+](=O)[O-])C,0.6,0,N,0.0,NC(=O)N,CSc1ccc(C=O)cc1,CC(=O)CC(=O)Nc1cccc(c1)[N+](=O)[O-],
3662,CSc1ccc(cc1)C2NC(=O)NC(=C2C(=O)Nc3ccccc3)C,0.6,0,N,0.0,NC(=O)N,CSc1ccc(C=O)cc1,CC(=O)CC(=O)Nc1ccccc1,
3663,CSc1ccc(cc1)C2NC(=S)NC(=C2C(=O)C)c3ccccc3,0.6,0,N,0.0,NC(=S)N,CSc1ccc(C=O)cc1,CC(=O)CC(=O)c1ccccc1,C[Si](C)(C)Cl
3664,CSc1ccc(cc1)C2NC(=S)NC(=C2C(=O)N(C)C)C,0.6,1,N,27.0,NC(=S)N,CSc1ccc(C=O)cc1,CN(C)C(=O)CC(=O)C,
3665,Cc1ccc(CN2C(=S)NC(C(=C2c3cccs3)c4nc5ccccc5[nH]4)c6ccc(F)cc6)cc1,0.6,0,N,0.0,Cc1ccc(CNC(=S)N)cc1,Fc1ccc(C=O)cc1,O=C(Cc1nc2ccccc2[nH]1)c3cccs3,
3666,Cc1ccc(CN2C(=S)NC(C(=C2c3cccs3)c4nc5ccccc5[nH]4)c6ccc(F)cc6)cc1,0.6,0,N,0.0,Cc1ccc(CNC(=S)N)cc1,Fc1ccc(C=O)cc1,O=C(Cc1nc2ccccc2[nH]1)c3cccs3,C[Si](C)(C)Cl
3667,Clc1ccc(s1)C2NC(=S)NC(=C2C(=O)Nc3ccc4OCCOc4c3)c5ccccc5,0.6,0,N,0.0,NC(=S)N,Clc1ccc(C=O)s1,O=C(CC(=O)c1ccccc1)Nc2ccc3OCCOc3c2,C[Si](C)(C)Cl
3668,Clc1ccc(s1)C2NC(=S)NC(=C2C(=O)Nc3ccc4OCCOc4c3)c5ccccc5,0.6,0,N,0.0,NC(=S)N,Clc1ccc(C=O)s1,O=C(CC(=O)c1ccccc1)Nc2ccc3OCCOc3c2,C[Si](C)(C)Cl
3669,Clc1ccc(s1)C2NC(=S)NC(=C2C(=O)Nc3ccc4OCCOc4c3)c5ccccc5,0.6,0,N,0.0,NC(=S)N,Clc1ccc(C=O)s1,O=C(CC(=O)c1ccccc1)Nc2ccc3OCCOc3c2,C[Si](C)(C)Cl
3670,O=C(Nc1ccc2OCCOc2c1)C3=C(NC(=S)NC3c4ccsc4)c5ccccc5,0.6,1,N,40.5,NC(=S)N,O=Cc1ccsc1,O=C(CC(=O)c1ccccc1)Nc2ccc3OCCOc3c2,C[Si](C)(C)Cl
3671,OC(=O)C1=CC(NC(=O)N1)c2ccccc2C(F)(F)F,0.6,1,N,20.0,NC(=O)N,FC(F)(F)c1ccccc1C=O,CC(=O)C(=O)O,C[Si](C)(C)Cl
3672,Brc1cccc(c1)N2C(=O)NC(C(=C2c3ccccc3)C(=O)Nc4ccc5OCCOc5c4)c6ccnn6c7cccnc7,0.096,0,N,0.0,NC(=O)Nc1cccc(Br)c1,O=Cc1ccnn1c2cccnc2,O=C(CC(=O)c1ccccc1)Nc2ccc3OCCOc3c2,C[Si](C)(C)Cl
3673,Brc1cccc(c1)N2C(=O)NC(C3=C2CCN(C3=O)c4ccccc4)c5nc6cc(Br)ccc6s5,0.124,0,N,0.0,NC(=O)Nc1cccc(Br)c1,Brc1ccc2sc(C=O)nc2c1,O=C1CCN(C(=O)C1)c2ccccc2,C[Si](C)(C)Cl
3674,CC(=O)C1=C(N(C(=O)NC1c2ccc(cc2)C(=O)N3CCOCC3)c4cccc(Br)c4)c5ccc(Br)cc5,0.097,0,N,0.0,NC(=O)Nc1cccc(Br)c1,O=Cc1ccc(cc1)C(=O)N2CCOCC2,CC(=O)CC(=O)c1ccc(Br)cc1,C[Si](C)(C)Cl
3675,CC(=O)C1=C(N(C(=O)NC1c2ccc(o2)N3CCN(CC3)C(=O)OC(C)(C)C)c4cccc(Br)c4)c5ccc(Br)cc5,0.104,0,N,0.0,NC(=O)Nc1cccc(Br)c1,CC(C)(C)OC(=O)N1CCN(CC1)c2ccc(C=O)o2,CC(=O)CC(=O)c1ccc(Br)cc1,C[Si](C)(C)Cl
3676,CC(=O)C1=C(N(C(=O)NC1c2ccc3OCCOc3c2F)c4cccc(Br)c4)c5ccc(Br)cc5,0.119,0,Y,0.0,NC(=O)Nc1cccc(Br)c1,Fc1c(C=O)ccc2OCCOc12,CC(=O)CC(=O)c1ccc(Br)cc1,C[Si](C)(C)Cl
3677,CC(=O)C1=C(N(C(=S)NC1c2ccc(Br)cc2Oc3cccc(Cl)c3)c4ccc5OCOc5c4)c6ccc(F)cc6,0.103,1,Y,38.53,NC(=S)Nc1ccc2OCOc2c1,Clc1cccc(Oc2cc(Br)ccc2C=O)c1,CC(=O)CC(=O)c1ccc(F)cc1,C[Si](C)(C)Cl
3678,CC(=O)C1=C(N(C2CC2)C(=S)NC1c3cccc(C#N)c3)c4ccc(C)cc4,0.31,1,N,8.72,NC(=S)NC1CC1,O=Cc1cccc(C#N)c1,CC(=O)CC(=O)c1ccc(C)cc1,C[Si](C)(C)Cl
3679,CC(=O)C1=C(N(CCc2cccs2)C(=O)NC1c3cc(NC(=O)OC(C)(C)C)ccc3Br)c4ccc(F)cc4,0.099,0,Y,0.0,NC(=O)NCCc1cccs1,CC(C)(C)OC(=O)Nc1ccc(Br)c(C=O)c1,CC(=O)CC(=O)c1ccc(F)cc1,C[Si](C)(C)Cl
3680,CC(=O)C1=C(N(Cc2ccc(F)cc2F)C(=O)NC1c3ccc(OC4CCN(CC4)C(=O)OC(C)(C)C)cc3)c5ccc(F)cc5,0.103,0,N,0.0,NC(=O)NCc1ccc(F)cc1F,CC(C)(C)OC(=O)N1CCC(CC1)Oc2ccc(C=O)cc2,CC(=O)CC(=O)c1ccc(F)cc1,C[Si](C)(C)Cl
3681,CC(=O)C1=C(N(Cc2ccc(F)cc2F)C(=O)NC1c3ccc(o3)N4CCN(CC4)C(=O)OC(C)(C)C)c5ccc(Br)cc5,0.102,0,N,0.0,NC(=O)NCc1ccc(F)cc1F,CC(C)(C)OC(=O)N1CCN(CC1)c2ccc(C=O)o2,CC(=O)CC(=O)c1ccc(Br)cc1,C[Si](C)(C)Cl
3682,CC(=O)C1=C(N(Cc2ccc(cc2)C(=O)O)C(=O)NC1c3cc(Br)cc4CCCOc34)c5ccc(Br)cc5,0.102,1,Y,8.74,NC(=O)NCc1ccc(cc1)C(=O)O,Brc1cc(C=O)c2OCCCc2c1,CC(=O)CC(=O)c1ccc(Br)cc1,C[Si](C)(C)Cl
3683,CC(=O)C1=C(NC(=S)NC1c2ccccc2C(F)(F)F)c3ccc(Cl)cc3,0.308,1,N,27.91,NC(=S)N,FC(F)(F)c1ccccc1C=O,CC(=O)CC(=O)c1ccc(Cl)cc1,C[Si](C)(C)Cl
3684,CC(=O)C1=C(NC(=S)NC1c2ccn(C)c2)c3ccc(C)cc3,0.297,0,N,0.0,NC(=S)N,Cn1ccc(C=O)c1,CC(=O)CC(=O)c1ccc(C)cc1,C[Si](C)(C)Cl
3685,CC(=O)C1=C(NC(=S)NC1c2ccn(C)c2)c3ccc(C)cc3,0.613,0,N,0.0,NC(=S)N,Cn1ccc(C=O)c1,CC(=O)CC(=O)c1ccc(C)cc1,C[Si](C)(C)Cl
3686,CC(=O)C1=C(NC(=S)NC1c2cscn2)c3ccc(Cl)cc3,0.307,0,N,0.0,NC(=S)N,O=Cc1cscn1,CC(=O)CC(=O)c1ccc(Cl)cc1,C[Si](C)(C)Cl
3687,CC(=O)C1=C(NC(=S)NC1c2csnn2)c3ccc(C)cc3,0.3,1,N,30.66,NC(=S)N,O=Cc1csnn1,CC(=O)CC(=O)c1ccc(C)cc1,C[Si](C)(C)Cl
3688,CC(C)(C)OC(=O)Nc1ccc(Br)c(c1)C2NC(=O)N(C3=C2C(=O)N(CC3)c4ccccc4)c5cccc(Br)c5,0.112,0,Y,0.0,NC(=O)Nc1cccc(Br)c1,CC(C)(C)OC(=O)Nc1ccc(Br)c(C=O)c1,O=C1CCN(C(=O)C1)c2ccccc2,C[Si](C)(C)Cl
3689,CC(C)(C)c1ccc(cc1)c2ccc(o2)C3NC(=O)N(Cc4ccc(F)cc4F)C(=C3C(=O)Nc5ccc6OCCOc6c5)c7ccccc7,0.091,0,N,0.0,NC(=O)NCc1ccc(F)cc1F,CC(C)(C)c1ccc(cc1)c2ccc(C=O)o2,O=C(CC(=O)c1ccccc1)Nc2ccc3OCCOc3c2,C[Si](C)(C)Cl
3690,CC(C)CC1(CN2C(=C(C(NC2=O)c3ccc(cc3)c4cc(C)cc(C)c4)C(=O)Nc5ccccc5C(F)(F)F)C)CCCC1,0.09,0,N,0.0,CC(C)CC1(CNC(=O)N)CCCC1,Cc1cc(C)cc(c1)c2ccc(C=O)cc2,CC(=O)CC(=O)Nc1ccccc1C(F)(F)F,C[Si](C)(C)Cl
3691,CC(C)CC1(CN2C(=C(C(NC2=O)c3ccc(cc3C)n4ccc(C)n4)C(=O)Nc5ccccc5C(F)(F)F)C)CCCC1,0.093,0,N,0.0,CC(C)CC1(CNC(=O)N)CCCC1,Cc1ccn(n1)c2ccc(C=O)c(C)c2,CC(=O)CC(=O)Nc1ccccc1C(F)(F)F,C[Si](C)(C)Cl
3692,CC(C)CCN1C(=C(C(NC1=O)c2cc(Br)cc(C)c2OC(F)F)C(=O)Nc3ccc4nc(C)sc4c3)C,0.104,1,Y,12.6,CC(C)CCNC(=O)N,Cc1cc(Br)cc(C=O)c1OC(F)F,CC(=O)CC(=O)Nc1ccc2nc(C)sc2c1,C[Si](C)(C)Cl
3693,CC(C)CCN1C(=C(C(NC1=O)c2cc(ccc2F)C(C)(C)OCc3ccccc3)C(=O)N(C)Cc4ccccc4Cl)C,0.101,0,N,0.0,CC(C)CCNC(=O)N,CC(C)(OCc1ccccc1)c2ccc(F)c(C=O)c2,CN(Cc1ccccc1Cl)C(=O)CC(=O)C,C[Si](C)(C)Cl
3694,CC(C)CCN1C(=C(C(NC1=O)c2ccc(Oc3ccc(cc3)C(C)(C)C)c(c2)[N+](=O)[O-])C(=O)N(C)Cc4cccc(Cl)c4)C,0.097,0,Y,0.0,CC(C)CCNC(=O)N,CC(C)(C)c1ccc(Oc2ccc(C=O)cc2[N+](=O)[O-])cc1,CN(Cc1cccc(Cl)c1)C(=O)CC(=O)C,C[Si](C)(C)Cl
3695,CC(C)CCN1C(=C(C(NC1=O)c2ccc(Oc3ccc(cc3)C(C)(C)C)c(c2)[N+](=O)[O-])C(=O)N(C)Cc4cccc(Cl)c4)C,0.103,1,Y,30.74,CC(C)CCNC(=O)N,CC(C)(C)c1ccc(Oc2ccc(C=O)cc2[N+](=O)[O-])cc1,CN(Cc1cccc(Cl)c1)C(=O)CC(=O)C,C[Si](C)(C)Cl
3696,CC(C)CCN1C(=C(C(NC1=O)c2ccccc2Oc3ccc(Br)cc3F)C(=O)Nc4ccc(C)cc4Cl)C,0.1,0,N,0.0,CC(C)CCNC(=O)N,Fc1cc(Br)ccc1Oc2ccccc2C=O,CC(=O)CC(=O)Nc1ccc(C)cc1Cl,C[Si](C)(C)Cl
3697,CC(C)CCN1C(=O)NC(C(=C1c2ccccc2)C(=O)Nc3c(C)cc(C)cc3Cl)c4cc(Br)cc5CCCOc45,0.088,1,Y,10.57,CC(C)CCNC(=O)N,Brc1cc(C=O)c2OCCCc2c1,Cc1cc(C)c(NC(=O)CC(=O)c2ccccc2)c(Cl)c1,C[Si](C)(C)Cl
3698,CC(C)CCN1C(=O)NC(C(=C1c2ccccc2)C(=O)Nc3ccc(F)cc3C)c4ccc(cc4Br)C(C)(C)C,0.117,1,Y,13.8,CC(C)CCNC(=O)N,CC(C)(C)c1ccc(C=O)c(Br)c1,Cc1cc(F)ccc1NC(=O)CC(=O)c2ccccc2,C[Si](C)(C)Cl
3699,CC(C)CN1C(=C(C(NC1=S)c2cccc(Cl)c2)C(=O)N(C)C)C,0.111,0,Y,0.0,CC(C)CNC(=S)N,Clc1cccc(C=O)c1,CN(C)C(=O)CC(=O)C,C[Si](C)(C)Cl
3700,CC(C)CN1C(=C(C(NC1=S)c2ccccc2)C(=O)N(C)C)C,0.252,0,N,0.0,CC(C)CNC(=S)N,O=Cc1ccccc1,CN(C)C(=O)CC(=O)C,C[Si](C)(C)Cl
3701,CC(C)CN1C(=C(C(NC1=S)c2ccccc2)C(=O)N(C)C)C,0.344,0,N,0.0,CC(C)CNC(=S)N,O=Cc1ccccc1,CN(C)C(=O)CC(=O)C,C[Si](C)(C)Cl
3702,CC(C)CN1C(=C(C(NC1=S)c2ccccc2)C(=O)N(C)C)C,0.603,0,N,0.0,CC(C)CNC(=S)N,O=Cc1ccccc1,CN(C)C(=O)CC(=O)C,C[Si](C)(C)Cl
3703,CC(C)COC(=O)C1=C(C)N(C(=O)NC1c2cc(ccc2F)C(C)(C)OCc3ccccc3)c4ccc(Br)cc4,0.083,0,N,0.0,NC(=O)Nc1ccc(Br)cc1,CC(C)(OCc1ccccc1)c2ccc(F)c(C=O)c2,CC(C)COC(=O)CC(=O)C,C[Si](C)(C)Cl
3704,CC(C)COC(=O)C1=C(C)N(C(=O)NC1c2ccc(OCc3c(F)cccc3Cl)cc2)c4cccc(Br)c4,0.108,1,Y,10.02,NC(=O)Nc1cccc(Br)c1,Fc1cccc(Cl)c1COc2ccc(C=O)cc2,CC(C)COC(=O)CC(=O)C,C[Si](C)(C)Cl
3705,CC(C)COC(=O)C1=C(C)N(C(=O)NC1c2ccc(Sc3ccc(C)cc3)c(c2)[N+](=O)[O-])c4cccc(Br)c4,0.1,1,Y,24.88,NC(=O)Nc1cccc(Br)c1,Cc1ccc(Sc2ccc(C=O)cc2[N+](=O)[O-])cc1,CC(C)COC(=O)CC(=O)C,C[Si](C)(C)Cl
3706,CC(C)COC(=O)C1=C(C)NC(=S)NC1c2cnc(s2)c3ccccc3,0.3,1,N,98.31,NC(=S)N,O=Cc1cnc(s1)c2ccccc2,CC(C)COC(=O)CC(=O)C,C[Si](C)(C)Cl
3707,CC(C)COC(=O)C1=C(C)NC(=S)NC1c2csnn2,0.295,1,N,16.97,NC(=S)N,O=Cc1csnn1,CC(C)COC(=O)CC(=O)C,C[Si](C)(C)Cl
3708,CC(C)COC(=O)C1=C(C)NC(=S)NC1c2ncccc2C(F)(F)F,0.295,0,N,0.0,NC(=S)N,FC(F)(F)c1cccnc1C=O,CC(C)COC(=O)CC(=O)C,C[Si](C)(C)Cl
3709,CC(C)COC(=O)C1=C(C)NC(=S)NC1c2ncccc2C(F)(F)F,0.297,1,N,11.11,NC(=S)N,FC(F)(F)c1cccnc1C=O,CC(C)COC(=O)CC(=O)C,C[Si](C)(C)Cl
3710,CC(C)OC(=O)C1=C(C)N(Cc2ccc(F)cc2F)C(=O)NC1c3cn(nc3CN4C(=O)c5ccccc5C4=O)C(C)(C)C,0.13,0,Y,0.0,NC(=O)NCc1ccc(F)cc1F,CC(C)(C)n1cc(C=O)c(CN2C(=O)c3ccccc3C2=O)n1,CC(C)OC(=O)CC(=O)C,C[Si](C)(C)Cl
3711,CC(C)OC(=O)C1=C(C)N(Cc2ccccc2)C(=O)NC1c3ccc(cc3)C(=O)O,0.097,1,Y,46.46,NC(=O)NCc1ccccc1,OC(=O)c1ccc(C=O)cc1,CC(C)OC(=O)CC(=O)C,C[Si](C)(C)Cl
3712,CC(C)OC(=O)C1=C(C)NC(=O)NC1c2ccc(Br)s2,0.098,1,Y,7.38,NC(=O)N,Brc1ccc(C=O)s1,CC(C)OC(=O)CC(=O)C,C[Si](C)(C)Cl
3713,CC(C)OC(=O)C1=C(C)NC(=O)NC1c2cccc(c2)C(C)(F)F,0.098,1,Y,48.57,NC(=O)N,CC(F)(F)c1cccc(C=O)c1,CC(C)OC(=O)CC(=O)C,C[Si](C)(C)Cl
3714,CC(C)OC(=O)C1=C(C)NC(=O)NC1c2cccc(c2F)C(F)(F)F,0.096,1,Y,40.81,NC(=O)N,Fc1c(C=O)cccc1C(F)(F)F,CC(C)OC(=O)CC(=O)C,C[Si](C)(C)Cl
3715,CC(C)OC(=O)C1=C(C)NC(=S)NC1c2ccc3ccncc3c2,0.101,0,Y,0.0,NC(=S)N,O=Cc1ccc2ccncc2c1,CC(C)OC(=O)CC(=O)C,C[Si](C)(C)Cl
3716,CC(C)OC(=O)C1=C(C)NC(=S)NC1c2csc(n2)C3CC3,0.213,1,N,29.63,NC(=S)N,O=Cc1csc(n1)C2CC2,CC(C)OC(=O)CC(=O)C,C[Si](C)(C)Cl
3717,CC(C)OC(=O)C1=C(C)NC(=S)NC1c2csc(n2)C3CC3,0.293,1,N,16.75,NC(=S)N,O=Cc1csc(n1)C2CC2,CC(C)OC(=O)CC(=O)C,C[Si](C)(C)Cl
3718,CC(C)OC(=O)C1=C(C)NC(=S)NC1c2csc(n2)C3CC3,0.105,0,Y,0.0,NC(=S)N,O=Cc1csc(n1)C2CC2,CC(C)OC(=O)CC(=O)C,C[Si](C)(C)Cl
3719,CC(C)OC(=O)C1=C(C)NC(=S)NC1c2csc(n2)C3CC3,0.322,0,N,0.0,NC(=S)N,O=Cc1csc(n1)C2CC2,CC(C)OC(=O)CC(=O)C,C[Si](C)(C)Cl
3720,CC(C)OCCCN1C(=C(C(NC1=O)c2ccc(Cn3cc(Br)cn3)cc2)C(=O)Nc4cccc(Cl)c4)C,0.109,0,Y,0.0,CC(C)OCCCNC(=O)N,Brc1cnn(Cc2ccc(C=O)cc2)c1,CC(=O)CC(=O)Nc1cccc(Cl)c1,C[Si](C)(C)Cl
3721,CC(C)Oc1ccc(cc1)C2NC(=S)NC(=C2C(=O)N3CCCCCC3)C,0.3,1,N,96.8,NC(=S)N,CC(C)Oc1ccc(C=O)cc1,CC(=O)CC(=O)N1CCCCCC1,C[Si](C)(C)Cl
3722,CC(C)c1ccc(NC(=O)C2=C(C)N(Cc3ccc(F)cc3F)C(=O)NC2c4ccc(Br)cc4OC5CC5)cc1,0.097,0,Y,0.0,NC(=O)NCc1ccc(F)cc1F,Brc1ccc(C=O)c(OC2CC2)c1,CC(C)c1ccc(NC(=O)CC(=O)C)cc1,C[Si](C)(C)Cl
3723,CC(C)c1cccc(c1)N2C(=C(C(NC2=S)c3ccc(cc3)C(=O)NC4CC4)C(=O)N(C)C)C,0.083,1,Y,37.55,CC(C)c1cccc(NC(=S)N)c1,O=Cc1ccc(cc1)C(=O)NC2CC2,CN(C)C(=O)CC(=O)C,C[Si](C)(C)Cl
3724,CC(CCN1C(=C(C(NC1=O)c2cc(ccc2C)C(=O)OC(C)(C)C)C(=O)Nc3ccccc3C(F)(F)F)C)c4ccccc4,0.106,0,Y,0.0,CC(CCNC(=O)N)c1ccccc1,Cc1ccc(cc1C=O)C(=O)OC(C)(C)C,CC(=O)CC(=O)Nc1ccccc1C(F)(F)F,C[Si](C)(C)Cl
3725,CC1=C(C(NC(=O)N1)c2cc(C#N)cs2)C(=O)Nc3ccc(F)cc3,0.097,1,Y,49.5,NC(=O)N,O=Cc1cc(C#N)cs1,CC(=O)CC(=O)Nc1ccc(F)cc1,C[Si](C)(C)Cl
3726,CC1=C(C(NC(=O)N1)c2cc(C)c3ncccc3c2)C(=O)Nc4ccccc4C(F)(F)F,0.1,1,Y,5.88,NC(=O)N,Cc1cc(C=O)cc2cccnc12,CC(=O)CC(=O)Nc1ccccc1C(F)(F)F,C[Si](C)(C)Cl
3727,CC1=C(C(NC(=O)N1)c2cc(C)ccc2OC(F)F)C(=O)Nc3ccc(F)cc3,0.109,1,Y,48.7,NC(=O)N,Cc1ccc(OC(F)F)c(C=O)c1,CC(=O)CC(=O)Nc1ccc(F)cc1,C[Si](C)(C)Cl
3728,CC1=C(C(NC(=O)N1)c2cc(C)cs2)C(=O)N3CCOCC3,0.111,1,Y,30.62,NC(=O)N,Cc1csc(C=O)c1,CC(=O)CC(=O)N1CCOCC1,C[Si](C)(C)Cl
3729,CC1=C(C(NC(=O)N1)c2ccc(F)cc2)C(=O)Nc3ccc(F)cc3,0.199,1,Y,24.93,NC(=O)N,Fc1ccc(C=O)cc1,CC(=O)CC(=O)Nc1ccc(F)cc1,C[Si](C)(C)Cl
3730,CC1=C(C(NC(=O)N1)c2ccc(OCC(=O)O)cc2)C(=O)Nc3ccccc3C(F)(F)F,0.095,0,Y,0.0,NC(=O)N,OC(=O)COc1ccc(C=O)cc1,CC(=O)CC(=O)Nc1ccccc1C(F)(F)F,C[Si](C)(C)Cl
3731,CC1=C(C(NC(=O)N1)c2ccc(OCCC(=O)O)cc2)C(=O)Nc3ccccc3C(F)(F)F,0.098,0,Y,0.0,NC(=O)N,OC(=O)CCOc1ccc(C=O)cc1,CC(=O)CC(=O)Nc1ccccc1C(F)(F)F,C[Si](C)(C)Cl
3732,CC1=C(C(NC(=O)N1)c2ccc(c(C)c2)n3cncn3)C(=O)Nc4cccc(Cl)c4,0.103,1,Y,25.67,NC(=O)N,Cc1cc(C=O)ccc1n2cncn2,CC(=O)CC(=O)Nc1cccc(Cl)c1,C[Si](C)(C)Cl
3733,CC1=C(C(NC(=O)N1)c2ccc(cc2)S(=O)(=O)C)C(=O)Nc3ccccc3C(F)(F)F,0.1,1,Y,30.85,NC(=O)N,CS(=O)(=O)c1ccc(C=O)cc1,CC(=O)CC(=O)Nc1ccccc1C(F)(F)F,C[Si](C)(C)Cl
3734,CC1=C(C(NC(=O)N1)c2ccc(cc2)[N+](=O)[O-])C(=O)Nc3ccccc3,0.103,1,Y,11.58,NC(=O)N,[O-][N+](=O)c1ccc(C=O)cc1,CC(=O)CC(=O)Nc1ccccc1,C[Si](C)(C)Cl
3735,CC1=C(C(NC(=O)N1)c2ccc3CCCc3c2)C(=O)Nc4ccc(F)cc4,0.106,1,Y,29.13,NC(=O)N,O=Cc1ccc2CCCc2c1,CC(=O)CC(=O)Nc1ccc(F)cc1,C[Si](C)(C)Cl
3736,CC1=C(C(NC(=O)N1)c2ccc3CCCc3c2)C(=O)Nc4cccc(Cl)c4,0.096,1,Y,36.79,NC(=O)N,O=Cc1ccc2CCCc2c1,CC(=O)CC(=O)Nc1cccc(Cl)c1,C[Si](C)(C)Cl
3737,CC1=C(C(NC(=O)N1)c2cccc(C#N)c2)C(=O)Nc3ccccc3C(F)(F)F,0.102,1,Y,17.15,NC(=O)N,O=Cc1cccc(C#N)c1,CC(=O)CC(=O)Nc1ccccc1C(F)(F)F,C[Si](C)(C)Cl
3738,CC1=C(C(NC(=O)N1)c2cccc(C#N)c2)C(=O)Nc3ccccc3C(F)(F)F,0.112,1,N,100.0,NC(=O)N,O=Cc1cccc(C#N)c1,CC(=O)CC(=O)Nc1ccccc1C(F)(F)F,C[Si](C)(C)Cl
3739,CC1=C(C(NC(=O)N1)c2cccc(Oc3ccc(Cl)cc3)c2)C(=O)Nc4ccccc4,0.355,1,N,43.38,NC(=O)N,Clc1ccc(Oc2cccc(C=O)c2)cc1,CC(=O)CC(=O)Nc1ccccc1,C[Si](C)(C)Cl
3740,CC1=C(C(NC(=O)N1)c2cccc(Oc3ccc(Cl)cc3)c2)C(=O)Nc4ccccc4,0.255,0,N,0.0,NC(=O)N,Clc1ccc(Oc2cccc(C=O)c2)cc1,CC(=O)CC(=O)Nc1ccccc1,C[Si](C)(C)Cl
3741,CC1=C(C(NC(=O)N1)c2cccc(c2)n3cccn3)C(=O)Nc4ccccc4C(F)(F)F,0.108,1,Y,42.77,NC(=O)N,O=Cc1cccc(c1)n2cccn2,CC(=O)CC(=O)Nc1ccccc1C(F)(F)F,C[Si](C)(C)Cl
3742,CC1=C(C(NC(=O)N1)c2ccccc2)C(=O)Nc3ccccc3,0.101,1,Y,44.73,NC(=O)N,O=Cc1ccccc1,CC(=O)CC(=O)Nc1ccccc1,C[Si](C)(C)Cl
3743,CC1=C(C(NC(=O)N1)c2ccco2)C(=O)Nc3ccc(C)cc3,0.198,1,Y,10.14,NC(=O)N,O=Cc1ccco1,CC(=O)CC(=O)Nc1ccc(C)cc1,C[Si](C)(C)Cl
3744,CC1=C(C(NC(=O)N1)c2ccnn2c3ccc(F)cc3)C(=O)Nc4cccc(Cl)c4,0.097,1,Y,42.88,NC(=O)N,Fc1ccc(cc1)n2nccc2C=O,CC(=O)CC(=O)Nc1cccc(Cl)c1,C[Si](C)(C)Cl
3745,CC1=C(C(NC(=O)N1)c2conc2C)C(=O)Nc3ccc(F)cc3,0.106,1,Y,43.4,NC(=O)N,Cc1nocc1C=O,CC(=O)CC(=O)Nc1ccc(F)cc1,C[Si](C)(C)Cl
3746,CC1=C(C(NC(=O)N1)c2csnn2)C(=O)Nc3cccc(Cl)c3,0.291,1,N,28.56,NC(=O)N,O=Cc1csnn1,CC(=O)CC(=O)Nc1cccc(Cl)c1,C[Si](C)(C)Cl
3747,CC1=C(C(NC(=O)N1)c2scnc2C)C(=O)Nc3ccc(F)cc3,0.297,0,N,0.0,NC(=O)N,Cc1ncsc1C=O,CC(=O)CC(=O)Nc1ccc(F)cc1,C[Si](C)(C)Cl
3748,CC1=C(C(NC(=O)N1C2CC2)c3c(Cl)cccc3Cl)C(=O)Nc4ccc(cc4)[N+](=O)[O-],0.104,1,Y,16.47,NC(=O)NC1CC1,Clc1cccc(Cl)c1C=O,CC(=O)CC(=O)Nc1ccc(cc1)[N+](=O)[O-],C[Si](C)(C)Cl
3749,CC1=C(C(NC(=O)N1C2CC2)c3ccc(cc3)n4cc(Cl)c(C)n4)C(=O)Nc5cccnc5Cl,0.101,0,Y,0.0,NC(=O)NC1CC1,Cc1nn(cc1Cl)c2ccc(C=O)cc2,CC(=O)CC(=O)Nc1cccnc1Cl,C[Si](C)(C)Cl
3750,CC1=C(C(NC(=O)N1CC2CC2)c3cn(nc3CN4C(=O)c5ccccc5C4=O)C(C)(C)C)C(=O)Nc6ccc(F)c(F)c6,0.106,0,N,0.0,NC(=O)NCC1CC1,CC(C)(C)n1cc(C=O)c(CN2C(=O)c3ccccc3C2=O)n1,CC(=O)CC(=O)Nc1ccc(F)c(F)c1,C[Si](C)(C)Cl
3751,CC1=C(C(NC(=O)N1CC2CCCO2)c3ccc(C#N)cc3)C(=O)Nc4ccccc4F,0.108,0,Y,0.0,NC(=O)NCC1CCCO1,O=Cc1ccc(C#N)cc1,CC(=O)CC(=O)Nc1ccccc1F,C[Si](C)(C)Cl
3752,CC1=C(C(NC(=O)N1CC=C)c2cccc(C#N)c2)C(=O)Nc3cccc(Cl)c3,0.197,0,N,0.0,NC(=O)NCC=C,O=Cc1cccc(C#N)c1,CC(=O)CC(=O)Nc1cccc(Cl)c1,C[Si](C)(C)Cl
3753,CC1=C(C(NC(=O)N1CC=C)c2cccc(F)c2)C(=O)Nc3ccc(F)cc3,0.6,1,N,7.0,NC(=O)NCC=C,Fc1cccc(C=O)c1,CC(=O)CC(=O)Nc1ccc(F)cc1,C[Si](C)(C)Cl
3754,CC1=C(C(NC(=O)N1CC=C)c2cccc(F)c2)C(=O)Nc3ccc(F)cc3,0.247,0,N,0.0,NC(=O)NCC=C,Fc1cccc(C=O)c1,CC(=O)CC(=O)Nc1ccc(F)cc1,C[Si](C)(C)Cl
3755,CC1=C(C(NC(=O)N1CCC2=CCCCC2)c3cc(Br)c(C)c(Br)c3)C(=O)OCc4ccccc4,0.123,1,Y,35.52,NC(=O)NCCC1=CCCCC1,Cc1c(Br)cc(C=O)cc1Br,CC(=O)CC(=O)OCc1ccccc1,C[Si](C)(C)Cl
3756,CC1=C(C(NC(=O)N1CCC2=CCCCC2)c3cc(NC(=O)OC(C)(C)C)ccc3Br)C(=O)Nc4ccc(F)cc4,0.096,1,Y,1.14,NC(=O)NCCC1=CCCCC1,CC(C)(C)OC(=O)Nc1ccc(Br)c(C=O)c1,CC(=O)CC(=O)Nc1ccc(F)cc1,C[Si](C)(C)Cl
3757,CC1=C(C(NC(=O)N1CCCCCC(=O)O)c2ccc(cc2)C(=O)O)C(=O)Nc3ccc(F)cc3,0.099,0,N,0.0,NC(=O)NCCCCCC(=O)O,OC(=O)c1ccc(C=O)cc1,CC(=O)CC(=O)Nc1ccc(F)cc1,C[Si](C)(C)Cl
3758,CC1=C(C(NC(=O)N1CCCCCC(=O)O)c2ccc(o2)c3ccn[nH]3)C(=O)Nc4ccccc4C(F)(F)F,0.106,0,N,0.0,NC(=O)NCCCCCC(=O)O,O=Cc1ccc(o1)c2ccn[nH]2,CC(=O)CC(=O)Nc1ccccc1C(F)(F)F,C[Si](C)(C)Cl
3759,CC1=C(C(NC(=O)N1CCc2nc(C)cs2)c3ccc(cc3)c4ccccc4Br)C(=O)Nc5ccc(F)c(F)c5,0.1,1,Y,3.9,Cc1csc(CCNC(=O)N)n1,Brc1ccccc1c2ccc(C=O)cc2,CC(=O)CC(=O)Nc1ccc(F)c(F)c1,C[Si](C)(C)Cl
3760,CC1=C(C(NC(=O)N1Cc2ccc(F)cc2F)c3ccc(Oc4ccc(cc4)C(C)(C)C)c(c3)[N+](=O)[O-])C(=O)N5CCCCCC5,0.118,1,Y,36.54,NC(=O)NCc1ccc(F)cc1F,CC(C)(C)c1ccc(Oc2ccc(C=O)cc2[N+](=O)[O-])cc1,CC(=O)CC(=O)N1CCCCCC1,C[Si](C)(C)Cl
3761,CC1=C(C(NC(=O)N1Cc2ccc(F)cc2F)c3ccc(Oc4cccc(Br)c4)cc3)C(=O)N5CCNC(=O)C5,0.086,1,Y,6.88,NC(=O)NCc1ccc(F)cc1F,Brc1cccc(Oc2ccc(C=O)cc2)c1,CC(=O)CC(=O)N1CCNC(=O)C1,C[Si](C)(C)Cl
3762,CC1=C(C(NC(=O)N1Cc2ccc(F)cc2F)c3ccc(Oc4ncc(Br)cn4)cc3)C(=O)N5CCCCCC5,0.111,1,Y,5.12,NC(=O)NCc1ccc(F)cc1F,Brc1cnc(Oc2ccc(C=O)cc2)nc1,CC(=O)CC(=O)N1CCCCCC1,C[Si](C)(C)Cl
3763,CC1=C(C(NC(=O)N1Cc2ccc(F)cc2F)c3cn(Cc4ccccc4)nc3c5ccc6OCCCOc6c5)C(=O)Nc7ccc(F)cc7,0.102,0,N,0.0,NC(=O)NCc1ccc(F)cc1F,O=Cc1cn(Cc2ccccc2)nc1c3ccc4OCCCOc4c3,CC(=O)CC(=O)Nc1ccc(F)cc1,C[Si](C)(C)Cl
3764,CC1=C(C(NC(=O)N1Cc2ccc(cc2)C(=O)O)c3cc(Br)c(C)c(Br)c3)C(=O)N4CCCCCC4,0.082,1,Y,25.59,NC(=O)NCc1ccc(cc1)C(=O)O,Cc1c(Br)cc(C=O)cc1Br,CC(=O)CC(=O)N1CCCCCC1,C[Si](C)(C)Cl
3765,CC1=C(C(NC(=O)N1Cc2ccc(cc2)C(=O)O)c3cccc(OCCCc4ccccc4)c3)C(=O)N5CCCCCC5,0.103,1,Y,1.84,NC(=O)NCc1ccc(cc1)C(=O)O,O=Cc1cccc(OCCCc2ccccc2)c1,CC(=O)CC(=O)N1CCCCCC1,C[Si](C)(C)Cl
3766,CC1=C(C(NC(=O)N1Cc2ccc(cc2)C(=O)O)c3cn(nc3c4ccccc4)c5ccccc5)C(=O)OCc6ccccc6,0.112,1,Y,37.25,NC(=O)NCc1ccc(cc1)C(=O)O,O=Cc1cn(nc1c2ccccc2)c3ccccc3,CC(=O)CC(=O)OCc1ccccc1,C[Si](C)(C)Cl
3767,CC1=C(C(NC(=O)N1Cc2ccccc2)c3ccc(o3)N4CCN(CC4)C(=O)OC(C)(C)C)C(=O)Nc5cccc(Cl)c5C,0.112,0,N,0.0,NC(=O)NCc1ccccc1,CC(C)(C)OC(=O)N1CCN(CC1)c2ccc(C=O)o2,CC(=O)CC(=O)Nc1cccc(Cl)c1C,C[Si](C)(C)Cl
3768,CC1=C(C(NC(=O)N1Cc2nccs2)c3sccc3S(=O)(=O)C)C(=O)OCc4ccccc4,0.094,1,Y,37.7,NC(=O)NCc1nccs1,CS(=O)(=O)c1ccsc1C=O,CC(=O)CC(=O)OCc1ccccc1,C[Si](C)(C)Cl
3769,CC1=C(C(NC(=O)N1c2ccc(Br)cc2)c3c4OCOc4ccc3Br)C(=O)Nc5ccc(F)cc5,0.1,0,N,0.0,NC(=O)Nc1ccc(Br)cc1,Brc1ccc2OCOc2c1C=O,CC(=O)CC(=O)Nc1ccc(F)cc1,C[Si](C)(C)Cl
3770,CC1=C(C(NC(=O)N1c2ccc(C)c(F)c2)c3c(F)cc(C#N)cc3F)C(=O)N4CCOCC4,0.108,0,Y,0.0,Cc1ccc(NC(=O)N)cc1F,Fc1cc(C#N)cc(F)c1C=O,CC(=O)CC(=O)N1CCOCC1,C[Si](C)(C)Cl
3771,CC1=C(C(NC(=O)N1c2ccc(C)c(F)c2)c3cc(Br)c4OCCCOc4c3)C(=O)Nc5cccc(Cl)c5,0.111,0,Y,0.0,Cc1ccc(NC(=O)N)cc1F,Brc1cc(C=O)cc2OCCCOc12,CC(=O)CC(=O)Nc1cccc(Cl)c1,C[Si](C)(C)Cl
3772,CC1=C(C(NC(=O)N1c2ccc(C)c(F)c2)c3cc(Br)cc(Br)c3)C(=O)NCc4ccc(C)cc4,0.103,0,Y,0.0,Cc1ccc(NC(=O)N)cc1F,Brc1cc(Br)cc(C=O)c1,CC(=O)CC(=O)NCc1ccc(C)cc1,C[Si](C)(C)Cl
3773,CC1=C(C(NC(=O)N1c2ccc(C)cc2C)c3ccc4N(CCc4c3)C(=O)OC(C)(C)C)C(=O)Nc5ccccc5C(F)(F)F,0.095,0,N,0.0,Cc1ccc(NC(=O)N)c(C)c1,CC(C)(C)OC(=O)N1CCc2cc(C=O)ccc12,CC(=O)CC(=O)Nc1ccccc1C(F)(F)F,C[Si](C)(C)Cl
3774,CC1=C(C(NC(=O)N1c2ccc(CC(=O)O)cc2)c3cc(Br)cc(Br)c3)C(=O)N4CCCCCC4,0.11,0,N,0.0,NC(=O)Nc1ccc(CC(=O)O)cc1,Brc1cc(Br)cc(C=O)c1,CC(=O)CC(=O)N1CCCCCC1,C[Si](C)(C)Cl
3775,CC1=C(C(NC(=O)N1c2ccc(CC(=O)O)cc2)c3ccc(C)cc3)C(=O)Nc4ccccc4,0.109,0,N,0.0,NC(=O)Nc1ccc(CC(=O)O)cc1,Cc1ccc(C=O)cc1,CC(=O)CC(=O)Nc1ccccc1,C[Si](C)(C)Cl
3776,CC1=C(C(NC(=O)N1c2ccc(CC(=O)O)cc2)c3ccc(Cl)cc3Oc4ccc(F)c(C)c4)C(=O)N5CCCCCC5,0.083,1,Y,2.42,NC(=O)Nc1ccc(CC(=O)O)cc1,Cc1cc(Oc2cc(Cl)ccc2C=O)ccc1F,CC(=O)CC(=O)N1CCCCCC1,C[Si](C)(C)Cl
3777,CC1=C(C(NC(=O)N1c2ccc(CC(=O)O)cc2)c3ccc(F)cc3)C(=O)Nc4ccccc4,0.11,0,Y,0.0,NC(=O)Nc1ccc(CC(=O)O)cc1,Fc1ccc(C=O)cc1,CC(=O)CC(=O)Nc1ccccc1,C[Si](C)(C)Cl
3778,CC1=C(C(NC(=O)N1c2ccc(CC(=O)O)cc2)c3ccc(O)cc3)C(=O)Nc4ccc(F)cc4,0.108,0,N,0.0,NC(=O)Nc1ccc(CC(=O)O)cc1,Oc1ccc(C=O)cc1,CC(=O)CC(=O)Nc1ccc(F)cc1,C[Si](C)(C)Cl
3779,CC1=C(C(NC(=O)N1c2ccc(cc2)C(=O)O)c3cnn4ccccc34)C(=O)Nc5cccc(C)c5C,0.107,0,Y,0.0,NC(=O)Nc1ccc(cc1)C(=O)O,O=Cc1cnn2ccccc12,CC(=O)CC(=O)Nc1cccc(C)c1C,C[Si](C)(C)Cl
3780,CC1=C(C(NC(=O)N1c2ccc3OCCCOc3c2)c4ccc(cc4Br)C(C)(C)C)C(=O)Nc5ccc(F)c(F)c5,0.108,0,Y,0.0,NC(=O)Nc1ccc2OCCCOc2c1,CC(C)(C)c1ccc(C=O)c(Br)c1,CC(=O)CC(=O)Nc1ccc(F)c(F)c1,C[Si](C)(C)Cl
3781,CC1=C(C(NC(=O)N1c2ccc3OCOc3c2)c4ccc(C#N)c(Cl)c4)C(=O)N5CCNC(=O)C5,0.103,1,Y,2.53,NC(=O)Nc1ccc2OCOc2c1,Clc1cc(C=O)ccc1C#N,CC(=O)CC(=O)N1CCNC(=O)C1,C[Si](C)(C)Cl
3782,CC1=C(C(NC(=O)N1c2cccc(Br)c2)c3ccc(Oc4ncc(Br)cn4)cc3)C(=O)N5CCCCCC5,0.111,0,Y,0.0,NC(=O)Nc1cccc(Br)c1,Brc1cnc(Oc2ccc(C=O)cc2)nc1,CC(=O)CC(=O)N1CCCCCC1,C[Si](C)(C)Cl
3783,CC1=C(C(NC(=O)N1c2cccc(Br)c2)c3ccc([N+](=O)[O-])c(OC4CC4)c3)C(=O)Nc5cc(Cl)ccc5C,0.099,0,N,0.0,NC(=O)Nc1cccc(Br)c1,[O-][N+](=O)c1ccc(C=O)cc1OC2CC2,CC(=O)CC(=O)Nc1cc(Cl)ccc1C,C[Si](C)(C)Cl
3784,CC1=C(C(NC(=O)N1c2cccc(Br)c2)c3ccc(cc3)C4CN(C4)C(=O)OC(C)(C)C)C(=O)N5CCCCCC5,0.119,0,Y,0.0,NC(=O)Nc1cccc(Br)c1,CC(C)(C)OC(=O)N1CC(C1)c2ccc(C=O)cc2,CC(=O)CC(=O)N1CCCCCC1,C[Si](C)(C)Cl
3785,CC1=C(C(NC(=O)N1c2cccc(Br)c2)c3ccc(cc3)c4scnc4C)C(=O)Nc5ccc(cc5)[N+](=O)[O-],0.107,0,Y,0.0,NC(=O)Nc1cccc(Br)c1,Cc1ncsc1c2ccc(C=O)cc2,CC(=O)CC(=O)Nc1ccc(cc1)[N+](=O)[O-],C[Si](C)(C)Cl
3786,CC1=C(C(NC(=O)N1c2cccc(Br)c2)c3cccc(OCc4ccc(F)cc4F)c3)C(=O)N5CCCCCC5,0.1,0,N,0.0,NC(=O)Nc1cccc(Br)c1,Fc1ccc(COc2cccc(C=O)c2)c(F)c1,CC(=O)CC(=O)N1CCCCCC1,C[Si](C)(C)Cl
3787,CC1=C(C(NC(=O)N1c2cccc(Br)c2)c3cn(CC(=O)N)nn3)C(=O)NCCc4ccccc4,0.098,0,Y,0.0,NC(=O)Nc1cccc(Br)c1,NC(=O)Cn1cc(C=O)nn1,CC(=O)CC(=O)NCCc1ccccc1,C[Si](C)(C)Cl
3788,CC1=C(C(NC(=S)N1)c2c[nH]nc2C)C(=O)Nc3ccc(F)cc3,0.298,0,N,0.0,NC(=S)N,Cc1n[nH]cc1C=O,CC(=O)CC(=O)Nc1ccc(F)cc1,C[Si](C)(C)Cl
3789,CC1=C(C(NC(=S)N1)c2ccc(C)c(C)c2)C(=O)N3CCCCCC3,0.246,1,N,85.13,NC(=S)N,Cc1ccc(C=O)cc1C,CC(=O)CC(=O)N1CCCCCC1,C[Si](C)(C)Cl
3790,CC1=C(C(NC(=S)N1)c2ccc(C)c(C)c2)C(=O)N3CCOCC3,0.303,1,N,92.17,NC(=S)N,Cc1ccc(C=O)cc1C,CC(=O)CC(=O)N1CCOCC1,C[Si](C)(C)Cl
3791,CC1=C(C(NC(=S)N1)c2ccc(Cl)cc2)C(=O)OCc3ccccc3,0.6,1,N,67.17,NC(=S)N,Clc1ccc(C=O)cc1,CC(=O)CC(=O)OCc1ccccc1,C[Si](C)(C)Cl
3792,CC1=C(C(NC(=S)N1)c2ccc(cc2)C(C)(C)C)C(=O)N3CCOCC3,0.6,1,N,83.5,NC(=S)N,CC(C)(C)c1ccc(C=O)cc1,CC(=O)CC(=O)N1CCOCC1,C[Si](C)(C)Cl
3793,CC1=C(C(NC(=S)N1)c2cccc(c2)c3cccnc3)C(=O)Nc4nccc(C)n4,0.099,0,N,0.0,NC(=S)N,O=Cc1cccc(c1)c2cccnc2,CC(=O)CC(=O)Nc1nccc(C)n1,C[Si](C)(C)Cl
3794,CC1=C(C(NC(=S)N1)c2cccc(c2)c3cccnc3)C(=O)Nc4nccc(C)n4,0.111,0,Y,0.0,NC(=S)N,O=Cc1cccc(c1)c2cccnc2,CC(=O)CC(=O)Nc1nccc(C)n1,C[Si](C)(C)Cl
3795,CC1=C(C(NC(=S)N1)c2cccc3OCOc32)C(=O)Nc4ccc(F)cc4,0.248,1,N,16.1,NC(=S)N,O=Cc1cccc2OCOc21,CC(=O)CC(=O)Nc1ccc(F)cc1,C[Si](C)(C)Cl
3796,CC1=C(C(NC(=S)N1)c2ccccc2)C(=O)OCc3ccccc3,0.6,1,N,68.5,NC(=S)N,O=Cc1ccccc1,CC(=O)CC(=O)OCc1ccccc1,C[Si](C)(C)Cl
3797,CC1=C(C(NC(=S)N1)c2cccs2)C(=O)OCc3ccccc3,0.3,1,N,23.99,NC(=S)N,O=Cc1cccs1,CC(=O)CC(=O)OCc1ccccc1,C[Si](C)(C)Cl
3798,CC1=C(C(NC(=S)N1)c2cnc(s2)C3CCC3)C(=O)N4CCCCCC4,0.29,0,N,0.0,NC(=S)N,O=Cc1cnc(s1)C2CCC2,CC(=O)CC(=O)N1CCCCCC1,C[Si](C)(C)Cl
3799,CC1=C(C(NC(=S)N1)c2cscn2)C(=O)Nc3cc(C)on3,0.293,0,N,0.0,NC(=S)N,O=Cc1cscn1,CC(=O)CC(=O)Nc1cc(C)on1,C[Si](C)(C)Cl
3800,CC1=C(C(NC(=S)N1)c2csnn2)C(=O)OCc3ccccc3,0.299,1,N,45.84,NC(=S)N,O=Cc1csnn1,CC(=O)CC(=O)OCc1ccccc1,C[Si](C)(C)Cl
3801,CC1=C(C(NC(=S)N1)c2nc(cs2)c3ccccc3)C(=O)N4CCCCCC4,0.293,1,N,44.42,NC(=S)N,O=Cc1nc(cs1)c2ccccc2,CC(=O)CC(=O)N1CCCCCC1,C[Si](C)(C)Cl
3802,CC1=C(C(NC(=S)N1C2CC2)c3c(F)cccc3Cl)C(=O)N4CCOCC4,0.6,1,N,29.17,NC(=S)NC1CC1,Fc1cccc(Cl)c1C=O,CC(=O)CC(=O)N1CCOCC1,C[Si](C)(C)Cl
3803,CC1=C(C(NC(=S)N1C2CC2)c3ncc(s3)C(F)(F)F)C(=O)N4CCNC(=O)C4,0.101,0,Y,0.0,NC(=S)NC1CC1,FC(F)(F)c1cnc(C=O)s1,CC(=O)CC(=O)N1CCNC(=O)C1,C[Si](C)(C)Cl
3804,CCC(C)N1C(=C(C(NC1=O)c2ccc(Oc3ccc(cc3)C(C)(C)C)c(c2)[N+](=O)[O-])C(=O)Nc4ccccc4C(F)(F)F)C,0.1,0,N,0.0,CCC(C)NC(=O)N,CC(C)(C)c1ccc(Oc2ccc(C=O)cc2[N+](=O)[O-])cc1,CC(=O)CC(=O)Nc1ccccc1C(F)(F)F,C[Si](C)(C)Cl
3805,CCC1=C(C(N(C)C(=O)N1C)c2cccc3n(C)nnc23)C(=O)Nc4ccccc4,0.106,1,Y,50.02,CNC(=O)NC,Cn1nnc2c(C=O)cccc12,CCC(=O)CC(=O)Nc1ccccc1,C[Si](C)(C)Cl
3806,CCC1=C(C(NC(=O)N1C2CC2)c3cc(C)cc(c3)C(F)F)C(=O)Nc4ccccc4,0.104,0,Y,0.0,NC(=O)NC1CC1,Cc1cc(C=O)cc(c1)C(F)F,CCC(=O)CC(=O)Nc1ccccc1,C[Si](C)(C)Cl
3807,CCC1=C(C(NC(=O)N1c2ccc(C)c(F)c2)c3cc(Br)c(C)c(Br)c3)C(=O)Nc4ccccc4,0.097,0,Y,0.0,Cc1ccc(NC(=O)N)cc1F,Cc1c(Br)cc(C=O)cc1Br,CCC(=O)CC(=O)Nc1ccccc1,C[Si](C)(C)Cl
3808,CCCC(=O)C1=C(NC(=S)NC1c2cccs2)C(=O)OCC,0.6,0,N,0.0,NC(=S)N,O=Cc1cccs1,CCCC(=O)CC(=O)C(=O)OCC,C[Si](C)(C)Cl
3809,CCCC1=C(C(NC(=O)N1CCSC)c2cc(cs2)c3ccccc3)C(=O)OCC,0.105,0,Y,0.0,CSCCNC(=O)N,O=Cc1cc(cs1)c2ccccc2,CCCC(=O)CC(=O)OCC,C[Si](C)(C)Cl
3810,CCCC1=C(C(NC(=O)N1Cc2ccccc2)c3cn(C)nc3CN4C(=O)c5ccccc5C4=O)C(=O)OCC,0.094,1,Y,34.94,NC(=O)NCc1ccccc1,Cn1cc(C=O)c(CN2C(=O)c3ccccc3C2=O)n1,CCCC(=O)CC(=O)OCC,C[Si](C)(C)Cl
3811,CCCC1=C(C(NC(=O)N1c2ccc(Br)cc2)c3cc(F)ccc3Oc4ccc(Br)cc4)C(=O)OCC,0.09,0,Y,0.0,NC(=O)Nc1ccc(Br)cc1,Fc1ccc(Oc2ccc(Br)cc2)c(C=O)c1,CCCC(=O)CC(=O)OCC,C[Si](C)(C)Cl
3812,CCCC1=C(C(NC(=O)N1c2ccc(Br)cc2)c3ccc(Oc4ccc(F)c(C)c4)cc3Cl)C(=O)OCC,0.105,1,Y,11.56,NC(=O)Nc1ccc(Br)cc1,Cc1cc(Oc2ccc(C=O)c(Cl)c2)ccc1F,CCCC(=O)CC(=O)OCC,C[Si](C)(C)Cl
3813,CCCC1=C(C(NC(=O)N1c2ccc3OCCCOc3c2)c4cc(Br)c(C)c(Br)c4)C(=O)OCC,0.096,1,Y,6.66,NC(=O)Nc1ccc2OCCCOc2c1,Cc1c(Br)cc(C=O)cc1Br,CCCC(=O)CC(=O)OCC,C[Si](C)(C)Cl
3814,CCCC1=C(C(NC(=S)N1)c2ccc(cc2)C(C)(C)C)C(=O)OCC,0.6,1,N,80.33,NC(=S)N,CC(C)(C)c1ccc(C=O)cc1,CCCC(=O)CC(=O)OCC,C[Si](C)(C)Cl
3815,CCCCC(=O)Nc1ccc(cc1)C2NC(=S)NC(=C2C(=O)c3ccc(C)cc3)C(=O)OC,0.111,0,N,0.0,NC(=S)N,CCCCC(=O)Nc1ccc(C=O)cc1,COC(=O)C(=O)CC(=O)c1ccc(C)cc1,C[Si](C)(C)Cl
3816,CCCCN1C(=C(C(NC1=O)c2ccc(C#N)cc2)C(=O)N3CCOCC3)C,0.9,0,N,0.0,CCCCNC(=O)N,O=Cc1ccc(C#N)cc1,CC(=O)CC(=O)N1CCOCC1,C[Si](C)(C)Cl
3817,CCCCN1C(=C(C(NC1=O)c2cccc3n(C)cnc23)C(=O)N(C)C)C,0.117,0,Y,0.0,CCCCNC(=O)N,Cn1cnc2c(C=O)cccc12,CN(C)C(=O)CC(=O)C,C[Si](C)(C)Cl
3818,CCCCN1C(=C(C(NC1=O)c2ccccc2)C(=O)OCC)C,0.267,1,N,15.71,CCCCNC(=O)N,O=Cc1ccccc1,CCOC(=O)CC(=O)C,C[Si](C)(C)Cl
3819,CCCCOc1ccc(cc1OCC)C2NC(=S)NC(=C2C(=O)OCC)C,0.6,1,N,45.67,NC(=S)N,CCCCOc1ccc(C=O)cc1OCC,CCOC(=O)CC(=O)C,C[Si](C)(C)Cl
3820,CCCOc1ccc(Br)cc1C2NC(=S)NC(=C2C(=O)OC)C,0.6,1,N,85.5,NC(=S)N,CCCOc1ccc(Br)cc1C=O,COC(=O)CC(=O)C,C[Si](C)(C)Cl
3821,CCCOc1ccc(cc1)C2NC(=O)N(C)C(=C2C(=O)OC)C,0.103,1,Y,43.77,CNC(=O)N,CCCOc1ccc(C=O)cc1,COC(=O)CC(=O)C,C[Si](C)(C)Cl
3822,CCCOc1ccc(cc1OC)C2NC(=S)N(C3CC3)C(=C2C(=O)OCC)C,0.614,1,N,24.92,NC(=S)NC1CC1,CCCOc1ccc(C=O)cc1OC,CCOC(=O)CC(=O)C,C[Si](C)(C)Cl
3823,CCCOc1ccc(cc1OCCC)N2C(=C(C(NC2=O)c3cc(Br)c(C)c(Br)c3)C(=O)N(C)C)C,0.101,0,Y,0.0,CCCOc1ccc(NC(=O)N)cc1OCCC,Cc1c(Br)cc(C=O)cc1Br,CN(C)C(=O)CC(=O)C,C[Si](C)(C)Cl
3824,CCCOc1ccc(cc1OCCC)N2C(=C(C(NC2=O)c3cc(Br)c(cc3F)C(C)OCOC)C(=O)OCc4ccccc4)C,0.097,0,N,0.0,CCCOc1ccc(NC(=O)N)cc1OCCC,COCOC(C)c1cc(F)c(C=O)cc1Br,CC(=O)CC(=O)OCc1ccccc1,C[Si](C)(C)Cl
3825,CCCOc1ccc(cc1OCCC)N2C(=C(C(NC2=O)c3cc(C)cc(Br)c3F)C(=O)Nc4ccc(F)cc4)C,0.094,0,Y,0.0,CCCOc1ccc(NC(=O)N)cc1OCCC,Cc1cc(Br)c(F)c(C=O)c1,CC(=O)CC(=O)Nc1ccc(F)cc1,C[Si](C)(C)Cl
3826,CCCOc1ccc(cc1OCCC)N2C(=C(C(NC2=O)c3cc(F)ccc3Oc4ccc(Cl)c(CC)c4)C(=O)N(C)C)C,0.105,1,Y,3.63,CCCOc1ccc(NC(=O)N)cc1OCCC,CCc1cc(Oc2ccc(F)cc2C=O)ccc1Cl,CN(C)C(=O)CC(=O)C,C[Si](C)(C)Cl
3827,CCCOc1ccc(cc1OCCC)N2C(=C(C(NC2=O)c3cc(ccc3F)C(C)(C)OCc4ccccc4)C(=O)N(C)C)C,0.092,0,N,0.0,CCCOc1ccc(NC(=O)N)cc1OCCC,CC(C)(OCc1ccccc1)c2ccc(F)c(C=O)c2,CN(C)C(=O)CC(=O)C,C[Si](C)(C)Cl
3828,CCCOc1ccc(cc1OCCC)N2C(=C(C(NC2=O)c3ccc(Cl)cc3Oc4ccc(C)cc4C)C(=O)N(C)C)C,0.09,0,Y,0.0,CCCOc1ccc(NC(=O)N)cc1OCCC,Cc1ccc(Oc2cc(Cl)ccc2C=O)c(C)c1,CN(C)C(=O)CC(=O)C,C[Si](C)(C)Cl
3829,CCCOc1ccc(cc1OCCC)N2C(=C(C(NC2=O)c3ccc(Oc4cc(F)cc(F)c4)cc3)C(=O)N(CC)CC)C,0.126,0,N,0.0,CCCOc1ccc(NC(=O)N)cc1OCCC,Fc1cc(F)cc(Oc2ccc(C=O)cc2)c1,CCN(CC)C(=O)CC(=O)C,C[Si](C)(C)Cl
3830,CCCOc1ccc(cc1OCCC)N2C(=C(C(NC2=O)c3ccc(Oc4ccc(F)c(C)c4)cc3Cl)C(=O)N(C)C)C,0.11,0,Y,0.0,CCCOc1ccc(NC(=O)N)cc1OCCC,Cc1cc(Oc2ccc(C=O)c(Cl)c2)ccc1F,CN(C)C(=O)CC(=O)C,C[Si](C)(C)Cl
3831,CCCOc1ccc(cc1OCCC)N2C(=C(C(NC2=O)c3ccc(cc3C)n4ccc(n4)C(F)(F)F)C(=O)N(CC)CC)C,0.103,1,Y,8.24,CCCOc1ccc(NC(=O)N)cc1OCCC,Cc1cc(ccc1C=O)n2ccc(n2)C(F)(F)F,CCN(CC)C(=O)CC(=O)C,C[Si](C)(C)Cl
3832,CCCOc1ccc(cc1OCCC)N2C(=C(C(NC2=O)c3ccc(o3)c4cccc(c4)C(F)(F)F)C(=O)N(CC)CC)C,0.098,0,Y,0.0,CCCOc1ccc(NC(=O)N)cc1OCCC,FC(F)(F)c1cccc(c1)c2ccc(C=O)o2,CCN(CC)C(=O)CC(=O)C,C[Si](C)(C)Cl
3833,CCCOc1ccc(cc1OCCC)N2C(=C(C(NC2=O)c3ccc(o3)c4cccc(c4)C(F)(F)F)C(=O)N(CC)CC)C,0.104,0,N,0.0,CCCOc1ccc(NC(=O)N)cc1OCCC,FC(F)(F)c1cccc(c1)c2ccc(C=O)o2,CCN(CC)C(=O)CC(=O)C,C[Si](C)(C)Cl
3834,CCCOc1ccc(cc1OCCC)N2C(=C(C(NC2=O)c3cccc(OCc4ccc(Cl)cc4)c3)C(=O)N(CC)CC)C,0.112,0,N,0.0,CCCOc1ccc(NC(=O)N)cc1OCCC,Clc1ccc(COc2cccc(C=O)c2)cc1,CCN(CC)C(=O)CC(=O)C,C[Si](C)(C)Cl
3835,CCCOc1ccc(cc1OCCC)N2C(=C(C(NC2=O)c3cccc(OCc4ccc(Cl)cc4)c3)C(=O)N(CC)CC)C,0.091,0,Y,0.0,CCCOc1ccc(NC(=O)N)cc1OCCC,Clc1ccc(COc2cccc(C=O)c2)cc1,CCN(CC)C(=O)CC(=O)C,C[Si](C)(C)Cl
3836,CCCOc1ccc(cc1OCCC)N2C(=C(C(NC2=O)c3ccccc3C(C)C)C(=O)Nc4ccccc4C(F)(F)F)C,0.102,0,Y,0.0,CCCOc1ccc(NC(=O)N)cc1OCCC,CC(C)c1ccccc1C=O,CC(=O)CC(=O)Nc1ccccc1C(F)(F)F,C[Si](C)(C)Cl
3837,CCCOc1ccc(cc1OCCC)N2C(=O)NC(C(=C2CCC(F)(F)F)C(=O)OCC)c3ccc(cc3)c4cc(C)cc(C)c4,0.1,0,Y,0.0,CCCOc1ccc(NC(=O)N)cc1OCCC,Cc1cc(C)cc(c1)c2ccc(C=O)cc2,CCOC(=O)CC(=O)CCC(F)(F)F,C[Si](C)(C)Cl
3838,CCCn1ccc(c1)C2NC(=O)N(C)C(=C2C(=O)OC)C,0.316,0,N,0.0,CNC(=O)N,CCCn1ccc(C=O)c1,COC(=O)CC(=O)C,C[Si](C)(C)Cl
3839,CCCn1ccc(c1)C2NC(=O)N(Cc3cccs3)C4=C2C(=O)N(Cc5ccccc5)C4,0.104,0,N,0.0,NC(=O)NCc1cccs1,CCCn1ccc(C=O)c1,O=C1CN(Cc2ccccc2)C(=O)C1,C[Si](C)(C)Cl
3840,CCN(C(=O)C)c1nc(cs1)C2NC(=O)NC(=C2C(=O)OC)C,0.311,1,N,41.18,NC(=O)N,CCN(C(=O)C)c1nc(C=O)cs1,COC(=O)CC(=O)C,C[Si](C)(C)Cl
3841,CCN(C(=O)C)c1nc(cs1)C2NC(=S)NC(=C2C(=O)Nc3ccc(Cl)cc3)C,0.106,1,Y,18.06,NC(=S)N,CCN(C(=O)C)c1nc(C=O)cs1,CC(=O)CC(=O)Nc1ccc(Cl)cc1,C[Si](C)(C)Cl
3842,CCN(CC)C(=O)C1=C(C)N(C(=O)NC1c2cc(Br)ccc2OCc3ccccn3)c4cccc(Br)c4,0.12,0,Y,0.0,NC(=O)Nc1cccc(Br)c1,Brc1ccc(OCc2ccccn2)c(C=O)c1,CCN(CC)C(=O)CC(=O)C,C[Si](C)(C)Cl
3843,CCN(CC)C(=O)C1=C(C)N(C(=O)NC1c2ccc(Cn3cc(Br)cn3)cc2)c4cccc(Br)c4,0.128,0,Y,0.0,NC(=O)Nc1cccc(Br)c1,Brc1cnn(Cc2ccc(C=O)cc2)c1,CCN(CC)C(=O)CC(=O)C,C[Si](C)(C)Cl
3844,CCN(CC)C(=O)C1=C(C)N(C(=O)NC1c2ccc(OCC(=O)Nc3ccc(Cl)cc3)cc2)c4cccc(Br)c4,0.103,0,N,0.0,NC(=O)Nc1cccc(Br)c1,Clc1ccc(NC(=O)COc2ccc(C=O)cc2)cc1,CCN(CC)C(=O)CC(=O)C,C[Si](C)(C)Cl
3845,CCN(CC)C(=O)C1=C(C)N(C(=O)NC1c2ccc(Oc3ccc(F)c(C)c3)cc2Cl)c4ccc(Br)cc4,0.108,0,Y,0.0,NC(=O)Nc1ccc(Br)cc1,Cc1cc(Oc2ccc(C=O)c(Cl)c2)ccc1F,CCN(CC)C(=O)CC(=O)C,C[Si](C)(C)Cl
3846,CCN(CC)C(=O)C1=C(C)N(C(=O)NC1c2ccc(Oc3cccc(Br)c3)cc2)c4ccc(cc4)S(=O)(=O)C,0.104,0,N,0.0,CS(=O)(=O)c1ccc(NC(=O)N)cc1,Brc1cccc(Oc2ccc(C=O)cc2)c1,CCN(CC)C(=O)CC(=O)C,C[Si](C)(C)Cl
3847,CCN(CC)C(=O)C1=C(C)N(C(=O)NC1c2ccc(o2)c3ccc(cc3Br)[N+](=O)[O-])c4cccc(Br)c4,0.094,0,N,0.0,NC(=O)Nc1cccc(Br)c1,[O-][N+](=O)c1ccc(c2ccc(C=O)o2)c(Br)c1,CCN(CC)C(=O)CC(=O)C,C[Si](C)(C)Cl
3848,CCN(CC)C(=O)C1=C(C)N(C(=O)NC1c2ccc3CCN(C(=O)OCc4ccccc4)c3c2)c5cccc(Br)c5,0.111,0,N,0.0,NC(=O)Nc1cccc(Br)c1,O=Cc1ccc2CCN(C(=O)OCc3ccccc3)c2c1,CCN(CC)C(=O)CC(=O)C,C[Si](C)(C)Cl
3849,CCN(CC)C(=O)C1=C(C)N(C(=O)NC1c2ccccc2Oc3ccc(Br)cc3F)c4ccc5OCCCOc5c4,0.119,1,Y,3.69,NC(=O)Nc1ccc2OCCCOc2c1,Fc1cc(Br)ccc1Oc2ccccc2C=O,CCN(CC)C(=O)CC(=O)C,C[Si](C)(C)Cl
3850,CCN(CC)C(=O)C1=C(C)N(C(=O)NC1c2cn(C)nc2c3ccccc3Br)c4cccc(Br)c4,0.108,0,N,0.0,NC(=O)Nc1cccc(Br)c1,Cn1cc(C=O)c(n1)c2ccccc2Br,CCN(CC)C(=O)CC(=O)C,C[Si](C)(C)Cl
3851,CCN(CC)C(=O)C1=C(C)N(C(=O)NC1c2cn(nc2C(=O)OC)c3ccc(Cl)c(Cl)c3)c4ccc(Br)cc4,0.094,0,N,0.0,NC(=O)Nc1ccc(Br)cc1,COC(=O)c1nn(cc1C=O)c2ccc(Cl)c(Cl)c2,CCN(CC)C(=O)CC(=O)C,C[Si](C)(C)Cl
3852,CCN(CC)C(=O)C1=C(C)N(C)C(=S)NC1c2csnn2,0.29,1,N,20.36,CNC(=S)N,O=Cc1csnn1,CCN(CC)C(=O)CC(=O)C,C[Si](C)(C)Cl
3853,CCN(CC)C(=O)C1=C(C)N(C2CC2)C(=O)NC1c3ccc(cc3Cl)C(=O)O,0.088,1,Y,9.74,NC(=O)NC1CC1,OC(=O)c1ccc(C=O)c(Cl)c1,CCN(CC)C(=O)CC(=O)C,C[Si](C)(C)Cl
3854,CCN(CC)C(=O)C1=C(C)N(C2CC2)C(=S)NC1c3ccccc3,0.6,1,N,22.0,NC(=S)NC1CC1,O=Cc1ccccc1,CCN(CC)C(=O)CC(=O)C,C[Si](C)(C)Cl
3855,CCN(CC)C(=O)C1=C(C)N(CCC(C)c2ccccc2)C(=O)NC1c3ccc(Br)cc3Oc4ccc(F)c(Cl)c4,0.106,1,Y,3.03,CC(CCNC(=O)N)c1ccccc1,Fc1ccc(Oc2cc(Br)ccc2C=O)cc1Cl,CCN(CC)C(=O)CC(=O)C,C[Si](C)(C)Cl
3856,CCN(CC)C(=O)C1=C(C)N(CCC(C)c2ccccc2)C(=O)NC1c3ccc(Br)cc3Oc4ccc(F)c(Cl)c4,0.112,1,Y,34.76,CC(CCNC(=O)N)c1ccccc1,Fc1ccc(Oc2cc(Br)ccc2C=O)cc1Cl,CCN(CC)C(=O)CC(=O)C,C[Si](C)(C)Cl
3857,CCN(CC)C(=O)C1=C(C)N(CCc2ccc(cc2)C(=O)O)C(=O)NC1c3ccc(Br)cc3Oc4cccc(Cl)c4,0.095,0,N,0.0,NC(=O)NCCc1ccc(cc1)C(=O)O,Clc1cccc(Oc2cc(Br)ccc2C=O)c1,CCN(CC)C(=O)CC(=O)C,C[Si](C)(C)Cl
3858,CCN(CC)C(=O)C1=C(C)N(Cc2ccc(OC)cc2)C(=O)NC1c3ccc(OCc4ccc(Cl)cc4Cl)c(OC)c3,0.104,1,Y,7.99,COc1ccc(CNC(=O)N)cc1,COc1cc(C=O)ccc1OCc2ccc(Cl)cc2Cl,CCN(CC)C(=O)CC(=O)C,C[Si](C)(C)Cl
3859,CCN(CC)C(=O)C1=C(C)N(Cc2ccc(OC)cc2)C(=O)NC1c3ccc(OCc4ccc(Cl)cc4Cl)c(OC)c3,0.104,0,Y,0.0,COc1ccc(CNC(=O)N)cc1,COc1cc(C=O)ccc1OCc2ccc(Cl)cc2Cl,CCN(CC)C(=O)CC(=O)C,C[Si](C)(C)Cl
3860,CCN(CC)C(=O)C1=C(C)N(Cc2ccc(OC)cc2OC)C(=O)NC1c3cc(C)c(OCc4ccccc4Cl)c(C)c3,0.093,1,Y,2.58,COc1ccc(CNC(=O)N)c(OC)c1,Cc1cc(C=O)cc(C)c1OCc2ccccc2Cl,CCN(CC)C(=O)CC(=O)C,C[Si](C)(C)Cl
3861,CCN(CC)C(=O)C1=C(C)N(Cc2ccc(OC)cc2OC)C(=O)NC1c3cc(F)ccc3Oc4ccc(Br)cc4,0.116,1,Y,29.08,COc1ccc(CNC(=O)N)c(OC)c1,Fc1ccc(Oc2ccc(Br)cc2)c(C=O)c1,CCN(CC)C(=O)CC(=O)C,C[Si](C)(C)Cl
3862,CCN(CC)C(=O)C1=C(C)N(Cc2ccc(OC)cc2OC)C(=O)NC1c3ccc(Oc4cccc(Br)c4)cc3,0.103,1,Y,13.56,COc1ccc(CNC(=O)N)c(OC)c1,Brc1cccc(Oc2ccc(C=O)cc2)c1,CCN(CC)C(=O)CC(=O)C,C[Si](C)(C)Cl
3863,CCN(CC)C(=O)C1=C(C)N(Cc2ccc(OC)cc2OC)C(=O)NC1c3ccc(cc3)n4cnc(C)c4C,0.113,1,Y,29.63,COc1ccc(CNC(=O)N)c(OC)c1,Cc1ncn(c1C)c2ccc(C=O)cc2,CCN(CC)C(=O)CC(=O)C,C[Si](C)(C)Cl
3864,CCN(CC)C(=O)C1=C(C)N(Cc2ccc(OC)cc2OC)C(=O)NC1c3cn(Cc4ccc(C)cc4)nc3c5ccc(C)cc5,0.132,0,Y,0.0,COc1ccc(CNC(=O)N)c(OC)c1,Cc1ccc(Cn2cc(C=O)c(n2)c3ccc(C)cc3)cc1,CCN(CC)C(=O)CC(=O)C,C[Si](C)(C)Cl
3865,CCN(CC)C(=O)C1=C(C)N(Cc2cccs2)C(=O)NC1c3ccc(OCc4c(C)cc(cc4C)C(C)(C)C)c(OC)c3,0.102,0,Y,0.0,NC(=O)NCc1cccs1,COc1cc(C=O)ccc1OCc2c(C)cc(cc2C)C(C)(C)C,CCN(CC)C(=O)CC(=O)C,C[Si](C)(C)Cl
3866,CCN(CC)C(=O)C1=C(C)NC(=S)NC1c2c(F)cccc2F,0.6,1,N,90.17,NC(=S)N,Fc1cccc(F)c1C=O,CCN(CC)C(=O)CC(=O)C,C[Si](C)(C)Cl
3867,CCN(CC)C(=O)C1=C(C)NC(=S)NC1c2ccc(Cl)c(Cl)c2,0.6,1,N,84.0,NC(=S)N,Clc1ccc(C=O)cc1Cl,CCN(CC)C(=O)CC(=O)C,C[Si](C)(C)Cl
3868,CCN(CC)C(=O)C1=C(C)NC(=S)NC1c2ccccc2C(F)(F)F,0.6,1,N,75.33,NC(=S)N,FC(F)(F)c1ccccc1C=O,CCN(CC)C(=O)CC(=O)C,C[Si](C)(C)Cl
3869,CCN(CC)C(=O)C1=C(C)NC(=S)NC1c2cn(nc2c3ccc(Cl)cc3)c4ccccc4,0.6,1,N,14.5,NC(=S)N,Clc1ccc(cc1)c2nn(cc2C=O)c3ccccc3,CCN(CC)C(=O)CC(=O)C,C[Si](C)(C)Cl
3870,CCN(CC)C(=O)c1ccc(cc1)C2NC(=O)N(C(=C2C(=O)C)c3ccc(Br)cc3)c4cccc(Br)c4,0.097,0,N,0.0,NC(=O)Nc1cccc(Br)c1,CCN(CC)C(=O)c1ccc(C=O)cc1,CC(=O)CC(=O)c1ccc(Br)cc1,C[Si](C)(C)Cl
3871,CCN(CCO)c1ccc(C2NC(=S)NC(=C2C(=O)OC)C)c(C)c1,0.31,0,N,0.0,NC(=S)N,CCN(CCO)c1ccc(C=O)c(C)c1,COC(=O)CC(=O)C,C[Si](C)(C)Cl
3872,CCN(CCO)c1ccc(C2NC(=S)NC(=C2C(=O)OC)C)c(C)c1,0.595,0,N,0.0,NC(=S)N,CCN(CCO)c1ccc(C=O)c(C)c1,COC(=O)CC(=O)C,C[Si](C)(C)Cl
3873,CCN(CCO)c1ccc(C2NC(=S)NC(=C2C(=O)OC)C)c(C)c1,0.3,0,N,0.0,NC(=S)N,CCN(CCO)c1ccc(C=O)c(C)c1,COC(=O)CC(=O)C,C[Si](C)(C)Cl
3874,CCN1C(=C(C(NC1=O)c2cc(F)ccc2Oc3ccc(SC)cc3)C(=O)N4CCNC(=O)C4)C,0.102,1,Y,3.45,CCNC(=O)N,CSc1ccc(Oc2ccc(F)cc2C=O)cc1,CC(=O)CC(=O)N1CCNC(=O)C1,C[Si](C)(C)Cl
3875,CCN1C(=C(C(NC1=O)c2ccc(Oc3ccc(Cl)c(Cl)c3)cc2Br)C(=O)Nc4ccc(cc4)C(C)C)C,0.117,1,Y,12.62,CCNC(=O)N,Clc1ccc(Oc2ccc(C=O)c(Br)c2)cc1Cl,CC(C)c1ccc(NC(=O)CC(=O)C)cc1,C[Si](C)(C)Cl
3876,CCN1C(=C(C(NC1=O)c2ccc(cc2)C(=O)OC)C(=O)N3CCOCC3)C,0.9,0,N,0.0,CCNC(=O)N,COC(=O)c1ccc(C=O)cc1,CC(=O)CC(=O)N1CCOCC1,C[Si](C)(C)Cl
3877,CCN1C(=C(C(NC1=O)c2ccc(cc2)n3cncn3)C(=O)OC)C,0.091,1,Y,55.93,CCNC(=O)N,O=Cc1ccc(cc1)n2cncn2,COC(=O)CC(=O)C,C[Si](C)(C)Cl
3878,CCN1C(=C(C(NC1=O)c2ccc(cc2F)c3cccs3)C(=O)OC)C,0.204,1,Y,19.73,CCNC(=O)N,Fc1cc(ccc1C=O)c2cccs2,COC(=O)CC(=O)C,C[Si](C)(C)Cl
3879,CCN1C(=C(C(NC1=O)c2ccc3ccccc3c2OC)C(=O)Nc4cc(C)on4)C,0.102,0,N,0.0,CCNC(=O)N,COc1c(C=O)ccc2ccccc12,CC(=O)CC(=O)Nc1cc(C)on1,C[Si](C)(C)Cl
3880,CCN1C(=C(C(NC1=O)c2cccc(c2)c3ccc(cc3)C(=O)O)C(=O)N(C)c4ccccc4)C,0.1,0,Y,0.0,CCNC(=O)N,OC(=O)c1ccc(cc1)c2cccc(C=O)c2,CN(C(=O)CC(=O)C)c1ccccc1,C[Si](C)(C)Cl
3881,CCN1C(=C(C(NC1=O)c2cccc3n(C)cnc23)C(=O)N(C)C)C,0.104,0,Y,0.0,CCNC(=O)N,Cn1cnc2c(C=O)cccc12,CN(C)C(=O)CC(=O)C,C[Si](C)(C)Cl
3882,CCN1C(=C(C(NC1=S)c2cc(Cl)cc(Cl)c2)C(=O)N(C)Cc3ccccc3Cl)C,0.107,0,N,0.0,CCNC(=S)N,Clc1cc(Cl)cc(C=O)c1,CN(Cc1ccccc1Cl)C(=O)CC(=O)C,C[Si](C)(C)Cl
3883,CCN1C(=O)NC(C(=C1C(=O)OC)C(=O)c2ccc(OC)cc2OC)c3c(Br)cnn3C,0.1,1,Y,37.29,CCNC(=O)N,Cn1ncc(Br)c1C=O,COC(=O)C(=O)CC(=O)c1ccc(OC)cc1OC,C[Si](C)(C)Cl
3884,CCN1C(=O)NC(C(=C1C(=O)OC)C(=O)c2cccs2)c3c([nH]c4cc(OC)cc(OC)c34)C(=O)O,0.101,0,N,0.0,CCNC(=O)N,COc1cc(OC)c2c(C=O)c([nH]c2c1)C(=O)O,COC(=O)C(=O)CC(=O)c1cccs1,C[Si](C)(C)Cl
3885,CCN1C(=O)NC(C(=C1c2ccccc2)C(=O)Nc3ccc(F)cc3C)c4cc(Br)c(C)cc4Br,0.1,1,Y,18.15,CCNC(=O)N,Cc1cc(Br)c(C=O)cc1Br,Cc1cc(F)ccc1NC(=O)CC(=O)c2ccccc2,C[Si](C)(C)Cl
3886,CCOC(=O)C(=O)C1=C(C2CCCC2)N(C(=O)NC1c3ccc(cc3)C(=O)N4CCCCC4)c5cccc(Br)c5,0.108,0,N,0.0,NC(=O)Nc1cccc(Br)c1,O=Cc1ccc(cc1)C(=O)N2CCCCC2,CCOC(=O)C(=O)CC(=O)C1CCCC1,C[Si](C)(C)Cl
3887,CCOC(=O)C(=O)C1=C(C2CCCC2)N(Cc3ccc(F)cc3F)C(=O)NC1c4ccc(cc4)c5ccccc5Br,0.1,0,Y,0.0,NC(=O)NCc1ccc(F)cc1F,Brc1ccccc1c2ccc(C=O)cc2,CCOC(=O)C(=O)CC(=O)C1CCCC1,C[Si](C)(C)Cl
3888,CCOC(=O)C(=O)C1=C(C2CCCC2)N(Cc3ccc(OC)cc3)C(=O)NC1c4cc(F)ccc4Oc5ccc(Cl)cc5C,0.102,1,Y,4.2,COc1ccc(CNC(=O)N)cc1,Cc1cc(Cl)ccc1Oc2ccc(F)cc2C=O,CCOC(=O)C(=O)CC(=O)C1CCCC1,C[Si](C)(C)Cl
3889,CCOC(=O)C(=O)C1=C(C2CCOCC2)N(C(=O)NC1c3cc(C)c(C)cc3OC(F)F)c4cccc(Br)c4,0.1,0,Y,0.0,NC(=O)Nc1cccc(Br)c1,Cc1cc(OC(F)F)c(C=O)cc1C,CCOC(=O)C(=O)CC(=O)C1CCOCC1,C[Si](C)(C)Cl
3890,CCOC(=O)C(=O)C1=C(C2CCOCC2)N(C(=O)NC1c3ccc(Cl)cc3Oc4ccc(C)cc4C)c5ccc(C)c(F)c5,0.134,0,Y,0.0,Cc1ccc(NC(=O)N)cc1F,Cc1ccc(Oc2cc(Cl)ccc2C=O)c(C)c1,CCOC(=O)C(=O)CC(=O)C1CCOCC1,C[Si](C)(C)Cl
3891,CCOC(=O)C(=O)C1=C(C2CCOCC2)N(C(=O)NC1c3ccc(s3)c4ccc(Cl)c(Cl)c4)c5ccc(C)c(F)c5,0.092,0,Y,0.0,Cc1ccc(NC(=O)N)cc1F,Clc1ccc(cc1Cl)c2ccc(C=O)s2,CCOC(=O)C(=O)CC(=O)C1CCOCC1,C[Si](C)(C)Cl
3892,CCOC(=O)C(=O)C1=C(C2CCOCC2)N(Cc3ccc(F)cc3F)C(=O)NC1c4csc5ccc(Br)cc45,0.097,0,Y,0.0,NC(=O)NCc1ccc(F)cc1F,Brc1ccc2scc(C=O)c2c1,CCOC(=O)C(=O)CC(=O)C1CCOCC1,C[Si](C)(C)Cl
3893,CCOC(=O)C(=O)C1=C(N(C(=O)NC1c2cc(Br)cc(c2)[N+](=O)[O-])c3cccc(Br)c3)c4ccc(CC)cc4,0.095,0,Y,0.0,NC(=O)Nc1cccc(Br)c1,[O-][N+](=O)c1cc(Br)cc(C=O)c1,CCOC(=O)C(=O)CC(=O)c1ccc(CC)cc1,C[Si](C)(C)Cl
3894,CCOC(=O)C(=O)C1=C(N(C(=O)NC1c2cc(OC)c(OC)cc2Cl)c3cccc(Br)c3)c4ccc(O)cc4,0.098,0,Y,0.0,NC(=O)Nc1cccc(Br)c1,COc1cc(Cl)c(C=O)cc1OC,CCOC(=O)C(=O)CC(=O)c1ccc(O)cc1,C[Si](C)(C)Cl
3895,CCOC(=O)C(=O)C1=C(N(C(=O)NC1c2ccc(OCC)cc2C)c3cccc(Br)c3)c4c(Cl)cccc4Cl,0.102,0,Y,0.0,NC(=O)Nc1cccc(Br)c1,CCOc1ccc(C=O)c(C)c1,CCOC(=O)C(=O)CC(=O)c1c(Cl)cccc1Cl,C[Si](C)(C)Cl
3896,CCOC(=O)C(=O)C1=C(N(C(=O)NC1c2ccc(cc2)C(=O)N(C)CC)c3cccc(Br)c3)c4ccc(O)cc4,0.107,0,Y,0.0,NC(=O)Nc1cccc(Br)c1,CCN(C)C(=O)c1ccc(C=O)cc1,CCOC(=O)C(=O)CC(=O)c1ccc(O)cc1,C[Si](C)(C)Cl
3897,CCOC(=O)C(=O)C1=C(N(C(=O)NC1c2ccc(cc2)C(=O)N3CCCCC3)c4ccc(C)c(F)c4)c5c(Cl)cccc5Cl,0.099,0,Y,0.0,Cc1ccc(NC(=O)N)cc1F,O=Cc1ccc(cc1)C(=O)N2CCCCC2,CCOC(=O)C(=O)CC(=O)c1c(Cl)cccc1Cl,C[Si](C)(C)Cl
3898,CCOC(=O)C(=O)C1=C(N(C(=O)NC1c2ccc(cc2Br)C(C)(C)C)c3ccc(C)c(F)c3)c4cc(OC)ccc4OC,0.109,0,Y,0.0,Cc1ccc(NC(=O)N)cc1F,CC(C)(C)c1ccc(C=O)c(Br)c1,CCOC(=O)C(=O)CC(=O)c1cc(OC)ccc1OC,C[Si](C)(C)Cl
3899,CCOC(=O)C(=O)C1=C(N(C(=O)NC1c2ccc(cc2Br)C(C)(C)C)c3ccc(C)c(F)c3)c4ccc5OCCc5c4,0.105,0,Y,0.0,Cc1ccc(NC(=O)N)cc1F,CC(C)(C)c1ccc(C=O)c(Br)c1,CCOC(=O)C(=O)CC(=O)c1ccc2OCCc2c1,C[Si](C)(C)Cl
3900,CCOC(=O)C(=O)C1=C(N(C(=O)NC1c2ccc3c(CCC3(C)C)c2)c4cccc(Br)c4)c5ccc(CC)cc5,0.085,0,N,0.0,NC(=O)Nc1cccc(Br)c1,CC1(C)CCc2cc(C=O)ccc21,CCOC(=O)C(=O)CC(=O)c1ccc(CC)cc1,C[Si](C)(C)Cl
3901,CCOC(=O)C(=O)C1=C(N(CC)C(=O)NC1c2ccc(Br)cc2Oc3ccc(C)cc3)c4ccccc4[N+](=O)[O-],0.107,1,Y,2.24,CCNC(=O)N,Cc1ccc(Oc2cc(Br)ccc2C=O)cc1,CCOC(=O)C(=O)CC(=O)c1ccccc1[N+](=O)[O-],C[Si](C)(C)Cl
3902,CCOC(=O)C(=O)C1=C(N(CC2CC2)C(=O)NC1c3ccc(s3)c4ccc(Br)cc4)c5ccc(F)cc5F,0.104,0,Y,0.0,NC(=O)NCC1CC1,Brc1ccc(cc1)c2ccc(C=O)s2,CCOC(=O)C(=O)CC(=O)c1ccc(F)cc1F,C[Si](C)(C)Cl
3903,CCOC(=O)C(=O)C1=C(N(CCC(C)C)C(=O)NC1c2cc(ccc2F)C(C)(C)OCc3ccccc3)c4c(Cl)cccc4Cl,0.102,0,N,0.0,CC(C)CCNC(=O)N,CC(C)(OCc1ccccc1)c2ccc(F)c(C=O)c2,CCOC(=O)C(=O)CC(=O)c1c(Cl)cccc1Cl,C[Si](C)(C)Cl
3904,CCOC(=O)C(=O)C1=C(N(CCC(C)C)C(=O)NC1c2ccc(Cl)cc2Oc3ccc(C)cc3C)c4ccc(CC)cc4,0.103,1,Y,19.08,CC(C)CCNC(=O)N,Cc1ccc(Oc2cc(Cl)ccc2C=O)c(C)c1,CCOC(=O)C(=O)CC(=O)c1ccc(CC)cc1,C[Si](C)(C)Cl
3905,CCOC(=O)C(=O)C1=C(N(CCC(C)C)C(=O)NC1c2ccc(Cl)cc2Oc3ccc(F)c(C)c3)c4cc(OC)ccc4OC,0.099,1,Y,31.17,CC(C)CCNC(=O)N,Cc1cc(Oc2cc(Cl)ccc2C=O)ccc1F,CCOC(=O)C(=O)CC(=O)c1cc(OC)ccc1OC,C[Si](C)(C)Cl
3906,CCOC(=O)C(=O)C1=C(N(CCC(C)C)C(=O)NC1c2ccc(OCCOc3cccc(Cl)c3)c(OCC)c2)c4c(Cl)cccc4Cl,0.101,0,Y,0.0,CC(C)CCNC(=O)N,CCOc1cc(C=O)ccc1OCCOc2cccc(Cl)c2,CCOC(=O)C(=O)CC(=O)c1c(Cl)cccc1Cl,C[Si](C)(C)Cl
3907,CCOC(=O)C(=O)C1=C(N(CCC(C)C)C(=O)NC1c2ccc(Oc3ccc(Cl)c(Cl)c3)cc2Br)c4cc(OC)ccc4OC,0.103,1,Y,35.6,CC(C)CCNC(=O)N,Clc1ccc(Oc2ccc(C=O)c(Br)c2)cc1Cl,CCOC(=O)C(=O)CC(=O)c1cc(OC)ccc1OC,C[Si](C)(C)Cl
3908,CCOC(=O)C(=O)C1=C(N(CCC(C)C)C(=O)NC1c2ccc3ccc(Br)cc3c2)c4c(Cl)cccc4Cl,0.1,0,Y,0.0,CC(C)CCNC(=O)N,Brc1ccc2ccc(C=O)cc2c1,CCOC(=O)C(=O)CC(=O)c1c(Cl)cccc1Cl,C[Si](C)(C)Cl
3909,CCOC(=O)C(=O)C1=C(N(CCC(C)C)C(=O)NC1c2ccccc2C(=O)N3CCCCC3)c4c(Cl)cccc4Cl,0.1,0,N,0.0,CC(C)CCNC(=O)N,O=Cc1ccccc1C(=O)N2CCCCC2,CCOC(=O)C(=O)CC(=O)c1c(Cl)cccc1Cl,C[Si](C)(C)Cl
3910,CCOC(=O)C(=O)C1=C(N(CCc2cccs2)C(=O)NC1c3ccc(C)c(Br)c3C)c4ccc(F)cc4F,0.12,1,Y,5.93,NC(=O)NCCc1cccs1,Cc1ccc(C=O)c(C)c1Br,CCOC(=O)C(=O)CC(=O)c1ccc(F)cc1F,C[Si](C)(C)Cl
3911,CCOC(=O)C(=O)C1=C(N(CCc2cccs2)C(=O)NC1c3ccc4N(C)C(=O)CCc4c3)c5c(Cl)cccc5Cl,0.099,0,N,0.0,NC(=O)NCCc1cccs1,CN1C(=O)CCc2cc(C=O)ccc12,CCOC(=O)C(=O)CC(=O)c1c(Cl)cccc1Cl,C[Si](C)(C)Cl
3912,CCOC(=O)C(=O)C1=C(N(Cc2ccc(F)cc2F)C(=O)NC1c3cc4CCOc4c(Br)c3)c5ccc(O)cc5,0.106,1,Y,16.88,NC(=O)NCc1ccc(F)cc1F,Brc1cc(C=O)cc2CCOc21,CCOC(=O)C(=O)CC(=O)c1ccc(O)cc1,C[Si](C)(C)Cl
3913,CCOC(=O)C(=O)C1=C(N(Cc2ccc(F)cc2F)C(=O)NC1c3ccc(Br)cc3)c4ccccc4[N+](=O)[O-],0.102,0,N,0.0,NC(=O)NCc1ccc(F)cc1F,Brc1ccc(C=O)cc1,CCOC(=O)C(=O)CC(=O)c1ccccc1[N+](=O)[O-],C[Si](C)(C)Cl
3914,CCOC(=O)C(=O)C1=C(N(Cc2ccc(F)cc2F)C(=O)NC1c3ccc(C)c(Br)c3C)c4ccc(CC)cc4,0.099,0,Y,0.0,NC(=O)NCc1ccc(F)cc1F,Cc1ccc(C=O)c(C)c1Br,CCOC(=O)C(=O)CC(=O)c1ccc(CC)cc1,C[Si](C)(C)Cl
3915,CCOC(=O)C(=O)C1=C(N(Cc2ccc(OC)cc2)C(=O)NC1c3ccc(Br)c(C)c3)c4ccccc4[N+](=O)[O-],0.101,0,N,0.0,COc1ccc(CNC(=O)N)cc1,Cc1cc(C=O)ccc1Br,CCOC(=O)C(=O)CC(=O)c1ccccc1[N+](=O)[O-],C[Si](C)(C)Cl
3916,CCOC(=O)C(=O)C1=C(N(Cc2ccc(OC)cc2)C(=O)NC1c3ccc(cc3)C(C)(C)C(F)(F)F)c4cc(OC)ccc4OC,0.093,1,Y,20.36,COc1ccc(CNC(=O)N)cc1,CC(C)(c1ccc(C=O)cc1)C(F)(F)F,CCOC(=O)C(=O)CC(=O)c1cc(OC)ccc1OC,C[Si](C)(C)Cl
3917,CCOC(=O)C(=O)C1=C(N(Cc2ccc(OC)cc2)C(=O)NC1c3ccc4c(CCC4(C)C)c3)c5c(Cl)cccc5Cl,0.103,0,Y,0.0,COc1ccc(CNC(=O)N)cc1,CC1(C)CCc2cc(C=O)ccc21,CCOC(=O)C(=O)CC(=O)c1c(Cl)cccc1Cl,C[Si](C)(C)Cl
3918,CCOC(=O)C(=O)C1=C(N(Cc2ccc(OC)cc2OC)C(=O)NC1c3ccc(cc3)C(C)(C)C)c4c(Cl)cccc4Cl,0.099,0,N,0.0,COc1ccc(CNC(=O)N)c(OC)c1,CC(C)(C)c1ccc(C=O)cc1,CCOC(=O)C(=O)CC(=O)c1c(Cl)cccc1Cl,C[Si](C)(C)Cl
3919,CCOC(=O)C(=O)C1=C(N(Cc2ccc(OC)cc2OC)C(=O)NC1c3cccc(c3)C(C)(C)C(F)(F)F)c4ccc(CC)cc4,0.103,0,N,0.0,COc1ccc(CNC(=O)N)c(OC)c1,CC(C)(c1cccc(C=O)c1)C(F)(F)F,CCOC(=O)C(=O)CC(=O)c1ccc(CC)cc1,C[Si](C)(C)Cl
3920,CCOC(=O)C(=O)C1=C(N(Cc2ccccc2)C(=O)NC1c3cc(Cl)c(C)cc3Br)c4ccccc4[N+](=O)[O-],0.104,0,N,0.0,NC(=O)NCc1ccccc1,Cc1cc(Br)c(C=O)cc1Cl,CCOC(=O)C(=O)CC(=O)c1ccccc1[N+](=O)[O-],C[Si](C)(C)Cl
3921,CCOC(=O)C(=O)C1=C(N(Cc2ccccc2)C(=O)NC1c3ccc(cc3Br)C(C)(C)C)c4ccc(F)cc4F,0.115,1,Y,13.44,NC(=O)NCc1ccccc1,CC(C)(C)c1ccc(C=O)c(Br)c1,CCOC(=O)C(=O)CC(=O)c1ccc(F)cc1F,C[Si](C)(C)Cl
3922,CCOC(=O)C(=O)C1=C(N(Cc2cccs2)C(=O)NC1c3cc(Br)ccc3C4CC4)c5ccc(F)cc5F,0.096,0,Y,0.0,NC(=O)NCc1cccs1,Brc1ccc(C2CC2)c(C=O)c1,CCOC(=O)C(=O)CC(=O)c1ccc(F)cc1F,C[Si](C)(C)Cl
3923,CCOC(=O)C1=C(C(NC(=O)N1CC2CC2)c3cccc4n(C)nnc34)C(=O)CC,0.1,1,Y,16.67,NC(=O)NCC1CC1,Cn1nnc2c(C=O)cccc12,CCOC(=O)C(=O)CC(=O)CC,C[Si](C)(C)Cl
3924,CCOC(=O)C1=C(C(NC(=O)N1CCC(C)C)c2n[nH]c3ccc(cc23)C(=O)OC)C(=O)C4CC4,0.092,1,Y,33.37,CC(C)CCNC(=O)N,COC(=O)c1ccc2[nH]nc(C=O)c2c1,CCOC(=O)C(=O)CC(=O)C1CC1,C[Si](C)(C)Cl
3925,CCOC(=O)C1=C(C(NC(=O)N1CCc2cccs2)c3cc(C#N)cs3)C(=O)C4CC4,0.103,0,Y,0.0,NC(=O)NCCc1cccs1,O=Cc1cc(C#N)cs1,CCOC(=O)C(=O)CC(=O)C1CC1,C[Si](C)(C)Cl
3926,CCOC(=O)C1=C(C(NC(=O)N1Cc2ccc(cc2)C(=O)O)c3cnc(s3)c4ccsc4)C(=O)C(C)C,0.109,0,N,0.0,NC(=O)NCc1ccc(cc1)C(=O)O,O=Cc1cnc(s1)c2ccsc2,CCOC(=O)C(=O)CC(=O)C(C)C,C[Si](C)(C)Cl
3927,CCOC(=O)C1=C(C(NC(=O)N1Cc2cccs2)c3ccnn3c4ccccc4)C(=O)c5ccccc5C,0.109,0,Y,0.0,NC(=O)NCc1cccs1,O=Cc1ccnn1c2ccccc2,CCOC(=O)C(=O)CC(=O)c1ccccc1C,C[Si](C)(C)Cl
3928,CCOC(=O)C1=C(C(NC(=S)N1)c2ccc(OC)cc2)C(=O)C3CC3,0.602,0,N,0.0,NC(=S)N,COc1ccc(C=O)cc1,CCOC(=O)C(=O)CC(=O)C1CC1,C[Si](C)(C)Cl
3929,CCOC(=O)C1=C(C(NC(=S)N1)c2ccc(OC)cc2)C(=O)C3CC3,0.594,0,N,0.0,NC(=S)N,COc1ccc(C=O)cc1,CCOC(=O)C(=O)CC(=O)C1CC1,C[Si](C)(C)Cl
3930,CCOC(=O)C1=C(C(NC(=S)N1)c2cccc(F)c2F)C(=O)C,0.296,0,N,0.0,NC(=S)N,Fc1cccc(C=O)c1F,CCOC(=O)C(=O)CC(=O)C,C[Si](C)(C)Cl
3931,CCOC(=O)C1=C(C(NC(=S)N1)c2cccs2)C(=O)C(C)C,0.6,1,N,10.5,NC(=S)N,O=Cc1cccs1,CCOC(=O)C(=O)CC(=O)C(C)C,C[Si](C)(C)Cl
3932,CCOC(=O)C1=C(C(NC(=S)N1)c2csc(CC)n2)C(=O)C,0.315,1,N,11.75,NC(=S)N,CCc1nc(C=O)cs1,CCOC(=O)C(=O)CC(=O)C,C[Si](C)(C)Cl
3933,CCOC(=O)C1=C(C(NC(=S)N1)c2csnn2)C(=O)C,0.3,0,N,0.0,NC(=S)N,O=Cc1csnn1,CCOC(=O)C(=O)CC(=O)C,C[Si](C)(C)Cl
3934,CCOC(=O)C1=C(C)N(C)C(=O)N(C)C1c2ccc(Cl)c(c2)[N+](=O)[O-],0.6,1,N,85.83,CNC(=O)NC,[O-][N+](=O)c1cc(C=O)ccc1Cl,CCOC(=O)CC(=O)C,C[Si](C)(C)Cl
3935,CCOC(=O)C1=C(C)N(C)C(=O)N(C)C1c2ccc(F)cc2F,0.6,1,N,52.5,CNC(=O)NC,Fc1ccc(C=O)c(F)c1,CCOC(=O)CC(=O)C,C[Si](C)(C)Cl
3936,CCOC(=O)C1=C(C)N(C)C(=O)N(C)C1c2ccccc2F,0.6,1,N,64.83,CNC(=O)NC,Fc1ccccc1C=O,CCOC(=O)CC(=O)C,C[Si](C)(C)Cl
3937,CCOC(=O)C1=C(C)N(C)C(=O)N(C)C1c2sc(C)nc2C,0.302,1,N,12.57,CNC(=O)NC,Cc1nc(C)c(C=O)s1,CCOC(=O)CC(=O)C,C[Si](C)(C)Cl
3938,CCOC(=O)C1=C(C)N(C)C(=O)NC1c2ccc(CC)cc2,0.252,1,N,31.39,CNC(=O)N,CCc1ccc(C=O)cc1,CCOC(=O)CC(=O)C,C[Si](C)(C)Cl
3939,CCOC(=O)C1=C(C)N(C)C(=O)NC1c2ccc(cc2F)c3cccs3,0.307,1,N,100.0,CNC(=O)N,Fc1cc(ccc1C=O)c2cccs2,CCOC(=O)CC(=O)C,C[Si](C)(C)Cl
3940,CCOC(=O)C1=C(C)N(C2CC2)C(=O)NC1c3cnc(s3)C4CCCC4,0.281,1,N,15.29,NC(=O)NC1CC1,O=Cc1cnc(s1)C2CCCC2,CCOC(=O)CC(=O)C,C[Si](C)(C)Cl
3941,CCOC(=O)C1=C(C)N(CC(C)C)C(=O)NC1c2ccccc2,0.245,1,N,56.7,CC(C)CNC(=O)N,O=Cc1ccccc1,CCOC(=O)CC(=O)C,C[Si](C)(C)Cl
3942,CCOC(=O)C1=C(C)N(CC(C)C)C(=O)NC1c2csnn2,0.295,1,N,96.28,CC(C)CNC(=O)N,O=Cc1csnn1,CCOC(=O)CC(=O)C,C[Si](C)(C)Cl
3943,CCOC(=O)C1=C(C)N(CC2CC2)C(=O)NC1c3c(F)cccc3Cl,0.298,1,N,43.24,NC(=O)NCC1CC1,Fc1cccc(Cl)c1C=O,CCOC(=O)CC(=O)C,C[Si](C)(C)Cl
3944,CCOC(=O)C1=C(C)N(CC2CC2)C(=O)NC1c3c(F)cccc3F,0.294,1,N,87.1,NC(=O)NCC1CC1,Fc1cccc(F)c1C=O,CCOC(=O)CC(=O)C,C[Si](C)(C)Cl
3945,CCOC(=O)C1=C(C)N(CC2CC2)C(=O)NC1c3ccc(Cl)c(c3)[N+](=O)[O-],0.333,1,N,30.64,NC(=O)NCC1CC1,[O-][N+](=O)c1cc(C=O)ccc1Cl,CCOC(=O)CC(=O)C,C[Si](C)(C)Cl
3946,CCOC(=O)C1=C(C)N(CC2CC2)C(=O)NC1c3ccc(Cl)c(c3)[N+](=O)[O-],0.237,0,N,0.0,NC(=O)NCC1CC1,[O-][N+](=O)c1cc(C=O)ccc1Cl,CCOC(=O)CC(=O)C,C[Si](C)(C)Cl
3947,CCOC(=O)C1=C(C)N(CC2CCCCC2)C(=O)NC1c3ccc(OCC(=O)Nc4cccc(c4)C(F)(F)F)c(OC)c3,0.104,1,Y,28.65,NC(=O)NCC1CCCCC1,COc1cc(C=O)ccc1OCC(=O)Nc2cccc(c2)C(F)(F)F,CCOC(=O)CC(=O)C,C[Si](C)(C)Cl
3948,CCOC(=O)C1=C(C)N(CC=C)C(=O)NC1c2ccccc2,0.238,1,N,52.0,NC(=O)NCC=C,O=Cc1ccccc1,CCOC(=O)CC(=O)C,C[Si](C)(C)Cl
3949,CCOC(=O)C1=C(C)N(CCc2cccs2)C(=O)NC1c3ccccc3,0.242,1,N,33.89,NC(=O)NCCc1cccs1,O=Cc1ccccc1,CCOC(=O)CC(=O)C,C[Si](C)(C)Cl
3950,CCOC(=O)C1=C(C)N(Cc2ccccc2)C(=O)NC1c3ccccc3,0.256,1,N,30.49,NC(=O)NCc1ccccc1,O=Cc1ccccc1,CCOC(=O)CC(=O)C,C[Si](C)(C)Cl
3951,CCOC(=O)C1=C(C)N(Cc2cccs2)C(=O)NC1c3cc(OC)c(OC)c(OC)c3,0.263,1,N,47.14,NC(=O)NCc1cccs1,COc1cc(C=O)cc(OC)c1OC,CCOC(=O)CC(=O)C,C[Si](C)(C)Cl
3952,CCOC(=O)C1=C(C)NC(=O)NC1c2c(F)c(F)c(F)c(F)c2F,0.105,1,Y,9.86,NC(=O)N,Fc1c(F)c(F)c(C=O)c(F)c1F,CCOC(=O)CC(=O)C,C[Si](C)(C)Cl
3953,CCOC(=O)C1=C(C)NC(=O)NC1c2cc(Br)c(OCc3ccccc3)c(OC)c2,0.6,0,N,0.0,NC(=O)N,COc1cc(C=O)cc(Br)c1OCc2ccccc2,CCOC(=O)CC(=O)C,C[Si](C)(C)Cl
3954,CCOC(=O)C1=C(C)NC(=O)NC1c2cc(Cl)ccc2Cl,0.093,0,Y,0.0,NC(=O)N,Clc1ccc(Cl)c(C=O)c1,CCOC(=O)CC(=O)C,C[Si](C)(C)Cl
3955,CCOC(=O)C1=C(C)NC(=O)NC1c2ccc(C)s2,0.6,0,N,0.0,NC(=O)N,Cc1ccc(C=O)s1,CCOC(=O)CC(=O)C,C[Si](C)(C)Cl
3956,CCOC(=O)C1=C(C)NC(=O)NC1c2ccc(F)c(c2)c3cccs3,0.291,1,N,91.83,NC(=O)N,Fc1ccc(C=O)cc1c2cccs2,CCOC(=O)CC(=O)C,C[Si](C)(C)Cl
3957,CCOC(=O)C1=C(C)NC(=O)NC1c2ccc(OC)c(Cn3cccn3)c2,0.114,1,Y,51.74,NC(=O)N,COc1ccc(C=O)cc1Cn2cccn2,CCOC(=O)CC(=O)C,C[Si](C)(C)Cl
3958,CCOC(=O)C1=C(C)NC(=O)NC1c2ccc(SC)c(OC)c2,0.6,1,N,29.33,NC(=O)N,COc1cc(C=O)ccc1SC,CCOC(=O)CC(=O)C,C[Si](C)(C)Cl
3959,CCOC(=O)C1=C(C)NC(=O)NC1c2ccc(cc2)C3CC3,0.09,0,N,0.0,NC(=O)N,O=Cc1ccc(cc1)C2CC2,CCOC(=O)CC(=O)C,C[Si](C)(C)Cl
3960,CCOC(=O)C1=C(C)NC(=O)NC1c2cnc(nc2)c3ccccc3,0.232,1,N,41.84,NC(=O)N,O=Cc1cnc(nc1)c2ccccc2,CCOC(=O)CC(=O)C,C[Si](C)(C)Cl
3961,CCOC(=O)C1=C(C)NC(=O)NC1c2cnc(s2)c3ccc(C)o3,0.282,1,N,53.1,NC(=O)N,Cc1ccc(o1)c2ncc(C=O)s2,CCOC(=O)CC(=O)C,C[Si](C)(C)Cl
3962,CCOC(=O)C1=C(C)NC(=S)NC1c2c(CC)oc3ccccc23,0.296,0,N,0.0,NC(=S)N,CCc1oc2ccccc2c1C=O,CCOC(=O)CC(=O)C,C[Si](C)(C)Cl
3963,CCOC(=O)C1=C(C)NC(=S)NC1c2c(CC)oc3ccccc23,0.3,0,N,0.0,NC(=S)N,CCc1oc2ccccc2c1C=O,CCOC(=O)CC(=O)C,C[Si](C)(C)Cl
3964,CCOC(=O)C1=C(C)NC(=S)NC1c2c(CC)oc3ccccc23,0.393,0,N,0.0,NC(=S)N,CCc1oc2ccccc2c1C=O,CCOC(=O)CC(=O)C,C[Si](C)(C)Cl
3965,CCOC(=O)C1=C(C)NC(=S)NC1c2c[nH]nc2C,0.289,0,N,0.0,NC(=S)N,Cc1n[nH]cc1C=O,CCOC(=O)CC(=O)C,C[Si](C)(C)Cl
3966,CCOC(=O)C1=C(C)NC(=S)NC1c2ccc(O)c(Br)c2,0.6,0,N,0.0,NC(=S)N,Oc1ccc(C=O)cc1Br,CCOC(=O)CC(=O)C,C[Si](C)(C)Cl
3967,CCOC(=O)C1=C(C)NC(=S)NC1c2ccc(O)c(Cl)c2,0.6,1,N,63.33,NC(=S)N,Oc1ccc(C=O)cc1Cl,CCOC(=O)CC(=O)C,C[Si](C)(C)Cl
3968,CCOC(=O)C1=C(C)NC(=S)NC1c2cccc3OCCCOc23,0.252,1,N,83.3,NC(=S)N,O=Cc1cccc2OCCCOc12,CCOC(=O)CC(=O)C,C[Si](C)(C)Cl
3969,CCOC(=O)C1=C(C)NC(=S)NC1c2cccc3OCCOc23,0.289,1,N,66.77,NC(=S)N,O=Cc1cccc2OCCOc12,CCOC(=O)CC(=O)C,C[Si](C)(C)Cl
3970,CCOC(=O)C1=C(C)NC(=S)NC1c2sc3ccccc3c2Cl,0.296,0,N,0.0,NC(=S)N,Clc1c(C=O)sc2ccccc12,CCOC(=O)CC(=O)C,C[Si](C)(C)Cl
3971,CCOC(=O)C1=C(C)NC(=S)NC1c2sc3ccccc3c2Cl,0.296,0,N,0.0,NC(=S)N,Clc1c(C=O)sc2ccccc12,CCOC(=O)CC(=O)C,C[Si](C)(C)Cl
3972,CCOC(=O)C1=C(C2CCCCO2)N(C(=O)NC1c3cc(Br)c(C)c(Br)c3)c4ccc(C)cc4C,0.083,0,Y,0.0,Cc1ccc(NC(=O)N)c(C)c1,Cc1c(Br)cc(C=O)cc1Br,CCOC(=O)CC(=O)C1CCCCO1,C[Si](C)(C)Cl
3973,CCOC(=O)C1=C(C2CCCCO2)N(C(=O)NC1c3cc(Br)c(cc3F)C(C)OCOC)c4ccc(C)c(F)c4,0.099,0,N,0.0,Cc1ccc(NC(=O)N)cc1F,COCOC(C)c1cc(F)c(C=O)cc1Br,CCOC(=O)CC(=O)C1CCCCO1,C[Si](C)(C)Cl
3974,CCOC(=O)C1=C(C2CCCCO2)N(C(=O)NC1c3cc(Cl)c(C)cc3Br)c4ccc5OCCCOc5c4,0.108,0,Y,0.0,NC(=O)Nc1ccc2OCCCOc2c1,Cc1cc(Br)c(C=O)cc1Cl,CCOC(=O)CC(=O)C1CCCCO1,C[Si](C)(C)Cl
3975,CCOC(=O)C1=C(C2CCCCO2)N(C(=O)NC1c3cc(c(O)c(c3)C(C)(C)C)C(C)(C)C)c4cccc(Br)c4,0.084,1,Y,0.36,NC(=O)Nc1cccc(Br)c1,CC(C)(C)c1cc(C=O)cc(c1O)C(C)(C)C,CCOC(=O)CC(=O)C1CCCCO1,C[Si](C)(C)Cl
3976,CCOC(=O)C1=C(C2CCCCO2)N(C(=O)NC1c3cc(ccc3F)C(C)(C)OCc4ccccc4)c5cccc(C)c5C,0.12,0,Y,0.0,Cc1cccc(NC(=O)N)c1C,CC(C)(OCc1ccccc1)c2ccc(F)c(C=O)c2,CCOC(=O)CC(=O)C1CCCCO1,C[Si](C)(C)Cl
3977,CCOC(=O)C1=C(C2CCCCO2)N(C(=O)NC1c3ccc(Cl)cc3Oc4ccc(F)c(Cl)c4)c5ccc(C)cc5C,0.089,0,Y,0.0,Cc1ccc(NC(=O)N)c(C)c1,Fc1ccc(Oc2cc(Cl)ccc2C=O)cc1Cl,CCOC(=O)CC(=O)C1CCCCO1,C[Si](C)(C)Cl
3978,CCOC(=O)C1=C(C2CCCCO2)N(C(=O)NC1c3ccc(Oc4ccc(F)c(C)c4)cc3Cl)c5cccc(Br)c5,0.094,0,Y,0.0,NC(=O)Nc1cccc(Br)c1,Cc1cc(Oc2ccc(C=O)c(Cl)c2)ccc1F,CCOC(=O)CC(=O)C1CCCCO1,C[Si](C)(C)Cl
3979,CCOC(=O)C1=C(C2CCCCO2)N(CCC(C)C)C(=O)NC1c3ccc(OCc4c(F)cccc4Cl)c(OCC)c3,0.11,0,Y,0.0,CC(C)CCNC(=O)N,CCOc1cc(C=O)ccc1OCc2c(F)cccc2Cl,CCOC(=O)CC(=O)C1CCCCO1,C[Si](C)(C)Cl
3980,CCOC(=O)C1=C(C2CCCCO2)N(CCC(C)C)C(=O)NC1c3ccc(OCc4ccc(Br)cc4)c(OC)c3,0.079,0,Y,0.0,CC(C)CCNC(=O)N,COc1cc(C=O)ccc1OCc2ccc(Br)cc2,CCOC(=O)CC(=O)C1CCCCO1,C[Si](C)(C)Cl
3981,CCOC(=O)C1=C(C2CCCCO2)N(CCC(C)c3ccccc3)C(=O)NC1c4c(F)c(F)c(OC)cc4Br,0.106,0,N,0.0,CC(CCNC(=O)N)c1ccccc1,COc1cc(Br)c(C=O)c(F)c1F,CCOC(=O)CC(=O)C1CCCCO1,C[Si](C)(C)Cl
3982,CCOC(=O)C1=C(C2CCCCO2)N(Cc3ccc(F)cc3F)C(=O)NC1c4ccc(Br)cc4SC(C)C,0.081,0,Y,0.0,NC(=O)NCc1ccc(F)cc1F,CC(C)Sc1cc(Br)ccc1C=O,CCOC(=O)CC(=O)C1CCCCO1,C[Si](C)(C)Cl
3983,CCOC(=O)C1=C(C2CCCCO2)N(Cc3ccc(F)cc3F)C(=O)NC1c4ccc(Cl)cc4Oc5ccc(C)cc5C,0.089,0,Y,0.0,NC(=O)NCc1ccc(F)cc1F,Cc1ccc(Oc2cc(Cl)ccc2C=O)c(C)c1,CCOC(=O)CC(=O)C1CCCCO1,C[Si](C)(C)Cl
3984,CCOC(=O)C1=C(C2CCCCO2)N(Cc3ccc(F)cc3F)C(=O)NC1c4cn(C)nc4c5ccccc5Br,0.097,0,Y,0.0,NC(=O)NCc1ccc(F)cc1F,Cn1cc(C=O)c(n1)c2ccccc2Br,CCOC(=O)CC(=O)C1CCCCO1,C[Si](C)(C)Cl
3985,CCOC(=O)C1=C(C2CCCO2)N(C(=O)NC1c3ccc(Cn4cc(Br)cn4)cc3)c5ccc(F)c(Cl)c5,0.116,0,N,0.0,NC(=O)Nc1ccc(F)c(Cl)c1,Brc1cnn(Cc2ccc(C=O)cc2)c1,CCOC(=O)CC(=O)C1CCCO1,C[Si](C)(C)Cl
3986,CCOC(=O)C1=C(C2CCCO2)N(C(=O)NC1c3ccc(OCCOc4cccc(C)c4)c(OCC)c3)c5ccc(C)c(F)c5,0.108,0,Y,0.0,Cc1ccc(NC(=O)N)cc1F,CCOc1cc(C=O)ccc1OCCOc2cccc(C)c2,CCOC(=O)CC(=O)C1CCCO1,C[Si](C)(C)Cl
3987,CCOC(=O)C1=C(C2CCCO2)N(C(=O)NC1c3ccc(Oc4ccc(cc4)C(C)(C)C)c(c3)[N+](=O)[O-])c5ccc(C)cc5C,0.104,0,Y,0.0,Cc1ccc(NC(=O)N)c(C)c1,CC(C)(C)c1ccc(Oc2ccc(C=O)cc2[N+](=O)[O-])cc1,CCOC(=O)CC(=O)C1CCCO1,C[Si](C)(C)Cl
3988,CCOC(=O)C1=C(C2CCCO2)N(Cc3ccc(F)cc3F)C(=O)NC1c4ccc(OCc5c(C)cc(cc5C)C(C)(C)C)c(OC)c4,0.086,0,Y,0.0,NC(=O)NCc1ccc(F)cc1F,COc1cc(C=O)ccc1OCc2c(C)cc(cc2C)C(C)(C)C,CCOC(=O)CC(=O)C1CCCO1,C[Si](C)(C)Cl
3989,CCOC(=O)C1=C(CCC(F)(F)F)N(C(=O)NC1c2ccc(Oc3ccc(cc3)C(C)(C)C)c(c2)[N+](=O)[O-])c4cccc(C)c4C,0.1,1,Y,19.7,Cc1cccc(NC(=O)N)c1C,CC(C)(C)c1ccc(Oc2ccc(C=O)cc2[N+](=O)[O-])cc1,CCOC(=O)CC(=O)CCC(F)(F)F,C[Si](C)(C)Cl
3990,CCOC(=O)C1=C(CCC(F)(F)F)N(Cc2ccc(OC)cc2OC)C(=O)NC1c3ccc(OCc4ccc(cc4)C(C)(C)C)c(OCC)c3,0.093,0,N,0.0,COc1ccc(CNC(=O)N)c(OC)c1,CCOc1cc(C=O)ccc1OCc2ccc(cc2)C(C)(C)C,CCOC(=O)CC(=O)CCC(F)(F)F,C[Si](C)(C)Cl
3991,CCOC(=O)C1=C(CCC(F)(F)F)N(Cc2ccc(OC)cc2OC)C(=O)NC1c3cn(Cc4ccccc4)nc3c5ccc(C)c(C)c5,0.098,0,N,0.0,COc1ccc(CNC(=O)N)c(OC)c1,Cc1ccc(cc1C)c2nn(Cc3ccccc3)cc2C=O,CCOC(=O)CC(=O)CCC(F)(F)F,C[Si](C)(C)Cl
3992,CCOC(=O)C1=C(CCC(F)(F)F)NC(=O)NC1c2conc2COC,0.104,0,N,0.0,NC(=O)N,COCc1nocc1C=O,CCOC(=O)CC(=O)CCC(F)(F)F,C[Si](C)(C)Cl
3993,CCOC(=O)C1=C(N(C(=O)NC1c2c3OCOc3ccc2Br)c4cccc(Br)c4)c5ccc(cc5)[N+](=O)[O-],0.104,0,N,0.0,NC(=O)Nc1cccc(Br)c1,Brc1ccc2OCOc2c1C=O,CCOC(=O)CC(=O)c1ccc(cc1)[N+](=O)[O-],C[Si](C)(C)Cl
3994,CCOC(=O)C1=C(N(C(=O)NC1c2cc(Br)cc(c2)[N+](=O)[O-])c3cccc(Br)c3)c4cccnc4,0.122,0,Y,0.0,NC(=O)Nc1cccc(Br)c1,[O-][N+](=O)c1cc(Br)cc(C=O)c1,CCOC(=O)CC(=O)c1cccnc1,C[Si](C)(C)Cl
3995,CCOC(=O)C1=C(N(C(=O)NC1c2cc(Br)cc3CCCOc23)c4cccc(Br)c4)c5cncc(F)c5,0.117,0,Y,0.0,NC(=O)Nc1cccc(Br)c1,Brc1cc(C=O)c2OCCCc2c1,CCOC(=O)CC(=O)c1cncc(F)c1,C[Si](C)(C)Cl
3996,CCOC(=O)C1=C(N(C(=O)NC1c2ccc(OC(C)C)cc2Cl)c3ccc(C)c(F)c3)c4cncc(Br)c4,0.102,0,Y,0.0,Cc1ccc(NC(=O)N)cc1F,CC(C)Oc1ccc(C=O)c(Cl)c1,CCOC(=O)CC(=O)c1cncc(Br)c1,C[Si](C)(C)Cl
3997,CCOC(=O)C1=C(N(C(=O)NC1c2ccc(cc2)C(=O)N3CCOCC3)c4cccc(Br)c4)c5cccc(F)c5C,0.099,0,N,0.0,NC(=O)Nc1cccc(Br)c1,O=Cc1ccc(cc1)C(=O)N2CCOCC2,CCOC(=O)CC(=O)c1cccc(F)c1C,C[Si](C)(C)Cl
3998,CCOC(=O)C1=C(N(C(=O)NC1c2ccc(cc2Br)S(=O)(=O)N(C)C)c3cccc(Br)c3)c4ccccc4,0.124,0,N,0.0,NC(=O)Nc1cccc(Br)c1,CN(C)S(=O)(=O)c1ccc(C=O)c(Br)c1,CCOC(=O)CC(=O)c1ccccc1,C[Si](C)(C)Cl
3999,CCOC(=O)C1=C(N(C(=O)NC1c2ccc3N(C)C(=O)CCc3c2)c4cccc(Br)c4)c5cncc(Br)c5,0.108,0,N,0.0,NC(=O)Nc1cccc(Br)c1,CN1C(=O)CCc2cc(C=O)ccc12,CCOC(=O)CC(=O)c1cncc(Br)c1,C[Si](C)(C)Cl
4000,CCOC(=O)C1=C(N(C(=O)NC1c2ccc3OC(C)(C)C=Cc3c2)c4cccc(Br)c4)c5cncc(Br)c5,0.106,0,N,0.0,NC(=O)Nc1cccc(Br)c1,CC1(C)Oc2ccc(C=O)cc2C=C1,CCOC(=O)CC(=O)c1cncc(Br)c1,C[Si](C)(C)Cl
4001,CCOC(=O)C1=C(N(C(=O)NC1c2cccc3n(C)cnc23)c4cccc(Br)c4)c5cncc(Br)c5,0.09,0,N,0.0,NC(=O)Nc1cccc(Br)c1,Cn1cnc2c(C=O)cccc12,CCOC(=O)CC(=O)c1cncc(Br)c1,C[Si](C)(C)Cl
4002,CCOC(=O)C1=C(N(C(=O)NC1c2ccccc2C(=O)N3CCCCC3)c4cccc(Br)c4)c5cccnc5Cl,0.116,0,N,0.0,NC(=O)Nc1cccc(Br)c1,O=Cc1ccccc1C(=O)N2CCCCC2,CCOC(=O)CC(=O)c1cccnc1Cl,C[Si](C)(C)Cl
4003,CCOC(=O)C1=C(N(C)C(=O)N(C)C1c2ccc(Br)cc2Oc3cc(Cl)cc(Cl)c3)c4ncccc4C,0.083,0,N,0.0,CNC(=O)NC,Clc1cc(Cl)cc(Oc2cc(Br)ccc2C=O)c1,CCOC(=O)CC(=O)c1ncccc1C,C[Si](C)(C)Cl
4004,CCOC(=O)C1=C(N(C)C(=O)N(C)C1c2ccccc2)c3ccccc3,0.191,1,Y,32.23,CNC(=O)NC,O=Cc1ccccc1,CCOC(=O)CC(=O)c1ccccc1,C[Si](C)(C)Cl
4005,CCOC(=O)C1=C(N(C2CC2)C(=O)NC1c3cc(F)ccc3Oc4ccc(Br)cc4)c5cncc(Br)c5,0.097,1,Y,29.07,NC(=O)NC1CC1,Fc1ccc(Oc2ccc(Br)cc2)c(C=O)c1,CCOC(=O)CC(=O)c1cncc(Br)c1,C[Si](C)(C)Cl
4006,CCOC(=O)C1=C(N(CC)C(=O)NC1c2ccc(Br)cc2Oc3cccc(Cl)c3)c4cccc(c4)[N+](=O)[O-],0.103,1,Y,39.45,CCNC(=O)N,Clc1cccc(Oc2cc(Br)ccc2C=O)c1,CCOC(=O)CC(=O)c1cccc(c1)[N+](=O)[O-],C[Si](C)(C)Cl
4007,CCOC(=O)C1=C(N(CC)C(=O)NC1c2cccc(Br)c2)c3ccccc3,0.199,1,Y,44.04,CCNC(=O)N,Brc1cccc(C=O)c1,CCOC(=O)CC(=O)c1ccccc1,C[Si](C)(C)Cl
4008,CCOC(=O)C1=C(N(CCC(C)C)C(=O)NC1c2ccc(Br)cc2Oc3ccc(C)cc3)c4cccc(F)c4C,0.1,0,Y,0.0,CC(C)CCNC(=O)N,Cc1ccc(Oc2cc(Br)ccc2C=O)cc1,CCOC(=O)CC(=O)c1cccc(F)c1C,C[Si](C)(C)Cl
4009,CCOC(=O)C1=C(N(CCC(C)C)C(=O)NC1c2ccc(Br)cc2Oc3ccc(C)cc3)c4cccc(F)c4C,0.102,1,Y,0.98,CC(C)CCNC(=O)N,Cc1ccc(Oc2cc(Br)ccc2C=O)cc1,CCOC(=O)CC(=O)c1cccc(F)c1C,C[Si](C)(C)Cl
4010,CCOC(=O)C1=C(N(CCC(C)C)C(=O)NC1c2ccc(Oc3ccc(cc3)C(C)(C)C)c(c2)[N+](=O)[O-])c4cccc(F)c4C,0.101,0,Y,0.0,CC(C)CCNC(=O)N,CC(C)(C)c1ccc(Oc2ccc(C=O)cc2[N+](=O)[O-])cc1,CCOC(=O)CC(=O)c1cccc(F)c1C,C[Si](C)(C)Cl
4011,CCOC(=O)C1=C(N(CCC(C)C)C(=O)NC1c2ccc(s2)c3ccc(Cl)c(Cl)c3)c4cncc(Br)c4,0.097,1,Y,2.36,CC(C)CCNC(=O)N,Clc1ccc(cc1Cl)c2ccc(C=O)s2,CCOC(=O)CC(=O)c1cncc(Br)c1,C[Si](C)(C)Cl
4012,CCOC(=O)C1=C(N(Cc2ccc(F)cc2F)C(=O)NC1c3ccc4OC(C)(C)C=Cc4c3)c5cncc(Br)c5,0.11,1,Y,2.09,NC(=O)NCc1ccc(F)cc1F,CC1(C)Oc2ccc(C=O)cc2C=C1,CCOC(=O)CC(=O)c1cncc(Br)c1,C[Si](C)(C)Cl
4013,CCOC(=O)C1=C(N(Cc2ccc(F)cc2F)C(=O)NC1c3cccc(c3)c4cnn(C)c4)c5cncc(Br)c5,0.108,1,Y,28.41,NC(=O)NCc1ccc(F)cc1F,Cl.Cn1cc(cn1)c2cccc(C=O)c2,CCOC(=O)CC(=O)c1cncc(Br)c1,C[Si](C)(C)Cl
4014,CCOC(=O)C1=C(N(Cc2ccc(F)cc2F)C(=O)NC1c3ccccc3C(=O)N4CCCCC4)c5cncc(Br)c5,0.106,1,Y,2.93,NC(=O)NCc1ccc(F)cc1F,O=Cc1ccccc1C(=O)N2CCCCC2,CCOC(=O)CC(=O)c1cncc(Br)c1,C[Si](C)(C)Cl
4015,CCOC(=O)C1=C(N(Cc2ccc(OC)cc2)C(=O)NC1c3cc(Br)c(C)cc3Br)c4cccnc4,0.117,1,Y,30.91,COc1ccc(CNC(=O)N)cc1,Cc1cc(Br)c(C=O)cc1Br,CCOC(=O)CC(=O)c1cccnc1,C[Si](C)(C)Cl
4016,CCOC(=O)C1=C(N(Cc2ccc(OC)cc2OC)C(=O)NC1c3ccc(cc3Br)C(C)(C)C)c4cccnc4Cl,0.085,0,Y,0.0,COc1ccc(CNC(=O)N)c(OC)c1,CC(C)(C)c1ccc(C=O)c(Br)c1,CCOC(=O)CC(=O)c1cccnc1Cl,C[Si](C)(C)Cl
4017,CCOC(=O)C1=C(N(Cc2ccccc2)C(=O)NC1c3cc(OC(F)F)ccc3Br)c4ccc(cc4)[N+](=O)[O-],0.102,1,Y,29.93,NC(=O)NCc1ccccc1,FC(F)Oc1ccc(Br)c(C=O)c1,CCOC(=O)CC(=O)c1ccc(cc1)[N+](=O)[O-],C[Si](C)(C)Cl
4018,CCOC(=O)C1=C(NC(=S)NC1c2ccc(F)cc2)c3ccccc3,0.354,1,N,34.2,NC(=S)N,Fc1ccc(C=O)cc1,CCOC(=O)CC(=O)c1ccccc1,C[Si](C)(C)Cl
4019,CCOC(=O)C1=C(NC(=S)NC1c2cccc(F)c2)c3ccccc3,0.354,0,N,0.0,NC(=S)N,Fc1cccc(C=O)c1,CCOC(=O)CC(=O)c1ccccc1,C[Si](C)(C)Cl
4020,CCOC(=O)C1=C(NC(=S)NC1c2cccc(F)c2)c3ccccc3,0.9,1,N,53.44,NC(=S)N,Fc1cccc(C=O)c1,CCOC(=O)CC(=O)c1ccccc1,C[Si](C)(C)Cl
4021,CCOC(=O)C1=C(NC(=S)NC1c2cccs2)c3cccnc3,0.6,1,N,15.17,NC(=S)N,O=Cc1cccs1,CCOC(=O)CC(=O)c1cccnc1,C[Si](C)(C)Cl
4022,CCOC(=O)C1=C(NC(=S)NC1c2csnn2)c3ccccc3,0.293,1,N,35.51,NC(=S)N,O=Cc1csnn1,CCOC(=O)CC(=O)c1ccccc1,C[Si](C)(C)Cl
4023,CCOC(=O)C1=CNC(=O)NC1c2ccc(OC)cc2,0.294,1,N,5.78,NC(=O)N,COc1ccc(C=O)cc1,CCOC(=O)C=CN(C)C,C[Si](C)(C)Cl
4024,CCOC(=O)CC1=C(C(NC(=O)N1CC2CC2)c3cccc(c3)c4ccccc4C)C(=O)OCC,0.102,1,Y,28.2,NC(=O)NCC1CC1,Cc1ccccc1c2cccc(C=O)c2,CCOC(=O)CC(=O)CC(=O)OCC,C[Si](C)(C)Cl
4025,CCOC(=O)c1[nH]ccc1C2NC(=O)N(CCc3cccs3)C(=C2C(=O)N(C)Cc4cccc(Cl)c4)C,0.102,0,Y,0.0,NC(=O)NCCc1cccs1,CCOC(=O)c1[nH]ccc1C=O,CN(Cc1cccc(Cl)c1)C(=O)CC(=O)C,C[Si](C)(C)Cl
4026,CCOC(=O)c1[nH]ccc1C2NC(=O)N(CCc3cccs3)C(=C2C(=O)N(C)Cc4cccc(Cl)c4)C,0.1,0,Y,0.0,NC(=O)NCCc1cccs1,CCOC(=O)c1[nH]ccc1C=O,CN(Cc1cccc(Cl)c1)C(=O)CC(=O)C,C[Si](C)(C)Cl
4027,CCOC(=O)c1c(C2NC(=O)N(Cc3ccc(OC)cc3OC)C(=C2c4nc5ccccc5[nH]4)c6ccc(Br)cc6)c7cc(F)ccc7n1C,0.109,0,Y,0.0,COc1ccc(CNC(=O)N)c(OC)c1,CCOC(=O)c1c(C=O)c2cc(F)ccc2n1C,Brc1ccc(cc1)C(=O)Cc2nc3ccccc3[nH]2,C[Si](C)(C)Cl
4028,CCOCCCN1C(=C(C(NC1=O)c2ccc(cc2)c3ccccc3Br)C(=O)Nc4cc(OC)ccc4OC)C,0.1,0,Y,0.0,CCOCCCNC(=O)N,Brc1ccccc1c2ccc(C=O)cc2,COc1ccc(OC)c(NC(=O)CC(=O)C)c1,C[Si](C)(C)Cl
4029,CCOCCCN1C(=C(C(NC1=O)c2ccccc2Oc3ccc(Br)cc3F)C(=O)Nc4ccc(F)cc4)C,0.108,0,Y,0.0,CCOCCCNC(=O)N,Fc1cc(Br)ccc1Oc2ccccc2C=O,CC(=O)CC(=O)Nc1ccc(F)cc1,C[Si](C)(C)Cl
4030,CCOCCCN1C(=C(C(NC1=O)c2ccccc2Oc3ccc(Br)cc3F)C(=O)Nc4ccc(F)cc4)C,0.1,0,Y,0.0,CCOCCCNC(=O)N,Fc1cc(Br)ccc1Oc2ccccc2C=O,CC(=O)CC(=O)Nc1ccc(F)cc1,C[Si](C)(C)Cl
4031,CCOc1c(OC)cc(cc1OC)C2NC(=O)N(Cc3ccc(F)cc3F)C(=C2C(=O)C)c4ccc(Br)cc4,0.102,0,N,0.0,NC(=O)NCc1ccc(F)cc1F,CCOc1c(OC)cc(C=O)cc1OC,CC(=O)CC(=O)c1ccc(Br)cc1,C[Si](C)(C)Cl
4032,CCOc1cc(Br)c(cc1OCC)C2NC(=O)N(Cc3cccs3)C(=C2C(=O)Nc4ccccc4OC)C,0.099,0,N,0.0,NC(=O)NCc1cccs1,CCOc1cc(Br)c(C=O)cc1OCC,COc1ccccc1NC(=O)CC(=O)C,C[Si](C)(C)Cl
4033,CCOc1cc(Br)cc(F)c1C2N(C)C(=O)N(C)C(=C2C(=O)Nc3c(C)cc(C)cc3Cl)c4ccccc4,0.096,1,Y,22.96,CNC(=O)NC,CCOc1cc(Br)cc(F)c1C=O,Cc1cc(C)c(NC(=O)CC(=O)c2ccccc2)c(Cl)c1,C[Si](C)(C)Cl
4034,CCOc1cc(C2NC(=O)N(C(=C2C(=O)Nc3cccc(Cl)c3C)C)c4cccc(Br)c4)c(F)cc1OC,0.1,0,N,0.0,NC(=O)Nc1cccc(Br)c1,CCOc1cc(C=O)c(F)cc1OC,CC(=O)CC(=O)Nc1cccc(Cl)c1C,C[Si](C)(C)Cl
4035,CCOc1cc(ccc1O)C2NC(=S)N(C)C(=C2C(=O)C)c3ccc(C)cc3,0.306,0,N,0.0,CNC(=S)N,CCOc1cc(C=O)ccc1O,CC(=O)CC(=O)c1ccc(C)cc1,C[Si](C)(C)Cl
4036,CCOc1cc(ccc1O)C2NC(=S)N(C)C(=C2C(=O)C)c3ccc(Cl)cc3,0.237,0,N,0.0,CNC(=S)N,CCOc1cc(C=O)ccc1O,CC(=O)CC(=O)c1ccc(Cl)cc1,C[Si](C)(C)Cl
4037,CCOc1cc(ccc1O)C2NC(=S)N(C)C(=C2C(=O)C)c3ccc(Cl)cc3,0.36,0,N,0.0,CNC(=S)N,CCOc1cc(C=O)ccc1O,CC(=O)CC(=O)c1ccc(Cl)cc1,C[Si](C)(C)Cl
4038,CCOc1cc(ccc1O)C2NC(=S)N(C)C(=C2C(=O)C)c3ccc(Cl)cc3,0.597,0,N,0.0,CNC(=S)N,CCOc1cc(C=O)ccc1O,CC(=O)CC(=O)c1ccc(Cl)cc1,C[Si](C)(C)Cl
4039,CCOc1cc(ccc1OCC(=O)N2CC3(C)CC2CC(C)(C)C3)C4NC(=O)N(C(=C4C(=O)Nc5cccc(Cl)c5)C)c6ccc(C)c(F)c6,0.105,0,Y,0.0,Cc1ccc(NC(=O)N)cc1F,CCOc1cc(C=O)ccc1OCC(=O)N2CC3(C)CC2CC(C)(C)C3,CC(=O)CC(=O)Nc1cccc(Cl)c1,C[Si](C)(C)Cl
4040,CCOc1cc(ccc1OCC(=O)N2CC3(C)CC2CC(C)(C)C3)C4NC(=O)N(C(=C4C(=O)OC)C)c5cccc(Br)c5,0.103,0,Y,0.0,NC(=O)Nc1cccc(Br)c1,CCOc1cc(C=O)ccc1OCC(=O)N2CC3(C)CC2CC(C)(C)C3,COC(=O)CC(=O)C,C[Si](C)(C)Cl
4041,CCOc1cc(ccc1OCC2(CC3CC4CC(C3)C2)C4)C5NC(=O)N(C(=C5C(=O)Nc6ccc(F)c(F)c6)C)c7ccc(C)c(F)c7,0.106,0,N,0.0,Cc1ccc(NC(=O)N)cc1F,CCOc1cc(C=O)ccc1OCC2(CC3CC4CC(C3)C2)C4,CC(=O)CC(=O)Nc1ccc(F)c(F)c1,C[Si](C)(C)Cl
4042,CCOc1cc(ccc1OCCOc2ccc(Br)cc2)C3NC(=O)N(C(=C3C(=O)N(C)C)C)c4ccc(C)c(F)c4,0.105,0,Y,0.0,Cc1ccc(NC(=O)N)cc1F,CCOc1cc(C=O)ccc1OCCOc2ccc(Br)cc2,CN(C)C(=O)CC(=O)C,C[Si](C)(C)Cl
4043,CCOc1cc(ccc1OCCOc2cccc(Cl)c2)C3N(C)C(=O)N(C)C(=C3C(=O)N(C)Cc4cccc(Cl)c4)C,0.102,0,Y,0.0,CNC(=O)NC,CCOc1cc(C=O)ccc1OCCOc2cccc(Cl)c2,CN(Cc1cccc(Cl)c1)C(=O)CC(=O)C,C[Si](C)(C)Cl
4044,CCOc1cc(ccc1OCCOc2cccc(Cl)c2)C3NC(=O)N(C(=C3C(=O)N(CC)CC)C)c4ccc(C)cc4C,0.129,0,Y,0.0,Cc1ccc(NC(=O)N)c(C)c1,CCOc1cc(C=O)ccc1OCCOc2cccc(Cl)c2,CCN(CC)C(=O)CC(=O)C,C[Si](C)(C)Cl
4045,CCOc1cc(ccc1OCCOc2cccc(Cl)c2)C3NC(=O)N(CCC(C)C)C(=C3C(=O)N(C)Cc4ccccc4Cl)C,0.1,0,Y,0.0,CC(C)CCNC(=O)N,CCOc1cc(C=O)ccc1OCCOc2cccc(Cl)c2,CN(Cc1ccccc1Cl)C(=O)CC(=O)C,C[Si](C)(C)Cl
4046,CCOc1cc(ccc1OCCOc2cccc(Cl)c2)C3NC(=O)N(CCC4=CCCCC4)C(=C3C(=O)Nc5ccc(F)c(F)c5)C,0.091,0,Y,0.0,NC(=O)NCCC1=CCCCC1,CCOc1cc(C=O)ccc1OCCOc2cccc(Cl)c2,CC(=O)CC(=O)Nc1ccc(F)c(F)c1,C[Si](C)(C)Cl
4047,CCOc1cc(ccc1OCCOc2cccc(Cl)c2)C3NC(=O)N(Cc4ccc(OC)cc4OC)C(=C3C(=O)Nc5ccc6OCCOc6c5)c7ccccc7,0.115,0,N,0.0,COc1ccc(CNC(=O)N)c(OC)c1,CCOc1cc(C=O)ccc1OCCOc2cccc(Cl)c2,O=C(CC(=O)c1ccccc1)Nc2ccc3OCCOc3c2,C[Si](C)(C)Cl
4048,CCOc1cc(ccc1OCCOc2cccc(Cl)c2)C3NC(=O)N(Cc4cccs4)C(=C3c5nc6ccccc6[nH]5)c7ccc(Br)cc7,0.094,0,Y,0.0,NC(=O)NCc1cccs1,CCOc1cc(C=O)ccc1OCCOc2cccc(Cl)c2,Brc1ccc(cc1)C(=O)Cc2nc3ccccc3[nH]2,C[Si](C)(C)Cl
4049,CCOc1cc(ccc1OCc2c(Cl)cccc2Cl)C3NC(=O)N(C(=C3C(=O)OC(C)C)C)c4ccc(C)c(F)c4,0.104,0,Y,0.0,Cc1ccc(NC(=O)N)cc1F,CCOc1cc(C=O)ccc1OCc2c(Cl)cccc2Cl,CC(C)OC(=O)CC(=O)C,C[Si](C)(C)Cl
4050,CCOc1cc(ccc1OCc2c(F)cccc2Cl)C3NC(=O)N(Cc4ccc(OC)cc4)C(=C3C(=O)N(CC)CC)C,0.103,0,Y,0.0,COc1ccc(CNC(=O)N)cc1,CCOc1cc(C=O)ccc1OCc2c(F)cccc2Cl,CCN(CC)C(=O)CC(=O)C,C[Si](C)(C)Cl
4051,CCOc1cc(ccc1OCc2c(F)cccc2Cl)C3NC(=O)N(Cc4ccc(OC)cc4)C(=C3C(=O)N(CC)CC)C,0.103,1,Y,7.05,COc1ccc(CNC(=O)N)cc1,CCOc1cc(C=O)ccc1OCc2c(F)cccc2Cl,CCN(CC)C(=O)CC(=O)C,C[Si](C)(C)Cl
4052,CCOc1cc(ccc1OCc2ccc(cc2)C(C)(C)C)C3NC(=O)N(Cc4ccc(OC)cc4OC)C(=C3C(=O)N(C)C)C,0.139,0,N,0.0,COc1ccc(CNC(=O)N)c(OC)c1,CCOc1cc(C=O)ccc1OCc2ccc(cc2)C(C)(C)C,CN(C)C(=O)CC(=O)C,C[Si](C)(C)Cl
4053,CCOc1cc2CC(C)Oc2c(c1)C3NC(=O)N(C(=C3C(=O)Nc4cc(OC)ccc4OC)C)c5cccc(Br)c5,0.092,0,N,0.0,NC(=O)Nc1cccc(Br)c1,CCOc1cc2CC(C)Oc2c(C=O)c1,COc1ccc(OC)c(NC(=O)CC(=O)C)c1,C[Si](C)(C)Cl
4054,CCOc1ccc(Br)c(c1)C2NC(=O)N(C(=C2C(=O)N(C)Cc3ccccc3Cl)C)c4ccc(cc4)C(=O)O,0.107,0,N,0.0,NC(=O)Nc1ccc(cc1)C(=O)O,CCOc1ccc(Br)c(C=O)c1,CN(Cc1ccccc1Cl)C(=O)CC(=O)C,C[Si](C)(C)Cl
4055,CCOc1ccc(Br)c(c1)C2NC(=O)N(Cc3ccc(F)cc3F)C(=C2C(=O)Nc4cccc(c4)[N+](=O)[O-])C,0.099,1,Y,5.84,NC(=O)NCc1ccc(F)cc1F,CCOc1ccc(Br)c(C=O)c1,CC(=O)CC(=O)Nc1cccc(c1)[N+](=O)[O-],C[Si](C)(C)Cl
4056,CCOc1ccc(Cl)cc1C2NC(=O)N(CC)C(=C2C(=O)Nc3c(C)cc(C)cc3Cl)c4ccccc4,0.1,1,Y,6.93,CCNC(=O)N,CCOc1ccc(Cl)cc1C=O,Cc1cc(C)c(NC(=O)CC(=O)c2ccccc2)c(Cl)c1,C[Si](C)(C)Cl
4057,CCOc1ccc(cc1)N2C(=C(C(NC2=S)c3ccc(cc3)N4CCOCC4)C(=O)N5CCOCC5)C,0.244,1,N,45.45,CCOc1ccc(NC(=S)N)cc1,O=Cc1ccc(cc1)N2CCOCC2,CC(=O)CC(=O)N1CCOCC1,C[Si](C)(C)Cl
4058,CCOc1cccc(c1)C2NC(=O)NC(=C2C(=O)Nc3ccc(OC)cc3OC)C,0.104,1,Y,17.29,NC(=O)N,CCOc1cccc(C=O)c1,COc1ccc(NC(=O)CC(=O)C)c(OC)c1,C[Si](C)(C)Cl
4059,CCc1cc(Oc2ccc(F)cc2C3N(C)C(=O)N(C)C(=C3C(=O)Nc4sc5CCCc5c4C(=O)OC)C)ccc1Cl,0.103,1,Y,17.71,CNC(=O)NC,CCc1cc(Oc2ccc(F)cc2C=O)ccc1Cl,COC(=O)c1c(NC(=O)CC(=O)C)sc2CCCc12,C[Si](C)(C)Cl
4060,CCc1cc(Oc2ccc(F)cc2C3NC(=O)N(C(=C3C(=O)OC(C)C)C)c4cccc(Br)c4)ccc1Cl,0.09,1,Y,5.42,NC(=O)Nc1cccc(Br)c1,CCc1cc(Oc2ccc(F)cc2C=O)ccc1Cl,CC(C)OC(=O)CC(=O)C,C[Si](C)(C)Cl
4061,CCc1cc(Oc2ccc(F)cc2C3NC(=O)N(C4=C3C(=O)N(CC4)c5ccccc5)c6ccc(C)c(F)c6)ccc1Cl,0.111,0,Y,0.0,Cc1ccc(NC(=O)N)cc1F,CCc1cc(Oc2ccc(F)cc2C=O)ccc1Cl,O=C1CCN(C(=O)C1)c2ccccc2,C[Si](C)(C)Cl
4062,CCc1ccc(cc1)C2=C(C(N(C)C(=O)N2C)c3cc(Br)ccc3Oc4ccc(Cl)c(Cl)c4)C(=O)OC,0.105,0,Y,0.0,CNC(=O)NC,Clc1ccc(Oc2ccc(Br)cc2C=O)cc1Cl,CCc1ccc(cc1)C(=O)CC(=O)OC,C[Si](C)(C)Cl
4063,CCc1ccc(cc1)C2NC(=S)N(C3CC3)C(=C2C(=O)N(C)C)C,0.6,1,N,33.0,NC(=S)NC1CC1,CCc1ccc(C=O)cc1,CN(C)C(=O)CC(=O)C,C[Si](C)(C)Cl
4064,CCc1ccc(s1)C2NC(=O)NC(=C2C(=O)Nc3ccc(F)cc3)C,0.104,1,Y,34.12,NC(=O)N,CCc1ccc(C=O)s1,CC(=O)CC(=O)Nc1ccc(F)cc1,C[Si](C)(C)Cl
4065,CCc1cccc(CC)c1NC(=O)C2=C(N(C(=O)NC2c3ccccc3Oc4ccc(Br)cc4F)c5ccc(C)c(F)c5)c6ccccc6,0.1,0,N,0.0,Cc1ccc(NC(=O)N)cc1F,Fc1cc(Br)ccc1Oc2ccccc2C=O,CCc1cccc(CC)c1NC(=O)CC(=O)c2ccccc2,C[Si](C)(C)Cl
4066,CCc1cccc(CC)c1NC(=O)C2=C(N(C)C(=O)N(C)C2c3cc(Cl)cc(Cl)c3)c4ccccc4,0.109,1,Y,34.29,CNC(=O)NC,Clc1cc(Cl)cc(C=O)c1,CCc1cccc(CC)c1NC(=O)CC(=O)c2ccccc2,C[Si](C)(C)Cl
4067,CCc1cccc(CC)c1NC(=O)C2=C(N(C)C(=O)N(C)C2c3cc(F)ccc3Oc4ccc(F)c(Cl)c4)c5ccccc5,0.083,0,Y,0.0,CNC(=O)NC,Fc1ccc(Oc2ccc(F)c(Cl)c2)c(C=O)c1,CCc1cccc(CC)c1NC(=O)CC(=O)c2ccccc2,C[Si](C)(C)Cl
4068,CCc1cccc(CC)c1NC(=O)C2=C(N(C3CC3)C(=O)NC2c4ccc(cc4Br)C(C)(C)C)c5ccccc5,0.088,0,Y,0.0,NC(=O)NC1CC1,CC(C)(C)c1ccc(C=O)c(Br)c1,CCc1cccc(CC)c1NC(=O)CC(=O)c2ccccc2,C[Si](C)(C)Cl
4069,CCc1cccc(CC)c1NC(=O)C2=C(N(CC3CC3)C(=O)NC2c4cc(OC)c(OCC(F)F)c(OC)c4)c5ccccc5,0.101,0,Y,0.0,NC(=O)NCC1CC1,COc1cc(C=O)cc(OC)c1OCC(F)F,CCc1cccc(CC)c1NC(=O)CC(=O)c2ccccc2,C[Si](C)(C)Cl
4070,CCc1cccc(CC)c1NC(=O)C2=C(N(CC3CC3)C(=O)NC2c4ccc(Br)cc4OC(F)F)c5ccccc5,0.1,1,Y,14.44,NC(=O)NCC1CC1,FC(F)Oc1cc(Br)ccc1C=O,CCc1cccc(CC)c1NC(=O)CC(=O)c2ccccc2,C[Si](C)(C)Cl
4071,CCc1cccc(CC)c1NC(=O)C2=C(N(Cc3ccccc3)C(=O)NC2c4ccc5oc6ccccc6c5c4)c7ccccc7,0.103,1,Y,10.44,NC(=O)NCc1ccccc1,O=Cc1ccc2oc3ccccc3c2c1,CCc1cccc(CC)c1NC(=O)CC(=O)c2ccccc2,C[Si](C)(C)Cl
4072,CCc1ccccc1Oc2ccc(C3NC(=O)N(Cc4ccc(F)cc4F)C5=C3C(=O)N(CC5)c6ccccc6)c(Cl)c2,0.1,1,Y,10.75,NC(=O)NCc1ccc(F)cc1F,CCc1ccccc1Oc2ccc(C=O)c(Cl)c2,O=C1CCN(C(=O)C1)c2ccccc2,C[Si](C)(C)Cl
4073,CCn1nc(C2NC(=O)N(CC3CC3)C4=C2C(=O)N(CC4)c5ccccc5)c6ccccc16,0.101,0,Y,0.0,NC(=O)NCC1CC1,CCn1nc(C=O)c2ccccc12,O=C1CCN(C(=O)C1)c2ccccc2,C[Si](C)(C)Cl
4074,CCn1nc(C2NC(=O)N(CC3CC3)C4=C2C(=O)N(CC4)c5ccccc5)c6ccccc16,0.093,1,Y,7.71,NC(=O)NCC1CC1,CCn1nc(C=O)c2ccccc12,O=C1CCN(C(=O)C1)c2ccccc2,C[Si](C)(C)Cl
4075,CCn1nc(C2NC(=O)N(Cc3ccc(F)cc3F)C(=C2C(=O)Nc4ccc5OCCOc5c4)c6ccccc6)c7ccccc17,0.091,0,Y,0.0,NC(=O)NCc1ccc(F)cc1F,CCn1nc(C=O)c2ccccc12,O=C(CC(=O)c1ccccc1)Nc2ccc3OCCOc3c2,C[Si](C)(C)Cl
4076,CCn1nc(C2NC(=O)NC(=C2C(=O)Nc3cc(OC)ccc3OC)C)c4ccccc14,0.107,1,Y,31.29,NC(=O)N,CCn1nc(C=O)c2ccccc12,COc1ccc(OC)c(NC(=O)CC(=O)C)c1,C[Si](C)(C)Cl
4077,CN(C(=O)C1=C(C)N(C(=O)NC1c2cc(Br)cc(c2)[N+](=O)[O-])c3cccc(Br)c3)c4ccccc4,0.126,0,Y,0.0,NC(=O)Nc1cccc(Br)c1,[O-][N+](=O)c1cc(Br)cc(C=O)c1,CN(C(=O)CC(=O)C)c1ccccc1,C[Si](C)(C)Cl
4078,CN(C(=O)C1=C(C)N(C(=O)NC1c2ccc(o2)N3CCC(CC3)C(=O)OC(C)(C)C)c4ccc(C)c(F)c4)c5ccccc5,0.097,0,N,0.0,Cc1ccc(NC(=O)N)cc1F,CC(C)(C)OC(=O)C1CCN(CC1)c2ccc(C=O)o2,CN(C(=O)CC(=O)C)c1ccccc1,C[Si](C)(C)Cl
4079,CN(C(=O)C1=C(C)N(C)C(=O)N(C)C1c2cc(ccc2F)C(F)(F)F)c3ccccc3,0.102,1,Y,36.7,CNC(=O)NC,Fc1ccc(cc1C=O)C(F)(F)F,CN(C(=O)CC(=O)C)c1ccccc1,C[Si](C)(C)Cl
4080,CN(C(=O)C1=C(C)N(C2CC2)C(=O)NC1c3ccc(Br)cc3Oc4cc(Cl)cc(Cl)c4)c5ccccc5,0.105,1,Y,8.78,NC(=O)NC1CC1,Clc1cc(Cl)cc(Oc2cc(Br)ccc2C=O)c1,CN(C(=O)CC(=O)C)c1ccccc1,C[Si](C)(C)Cl
4081,CN(C(=O)C1=C(C)N(CC2CC2)C(=O)NC1c3cn(nn3)c4ccccc4Br)c5ccccc5,0.107,1,Y,19.76,NC(=O)NCC1CC1,Brc1ccccc1n2cc(C=O)nn2,CN(C(=O)CC(=O)C)c1ccccc1,C[Si](C)(C)Cl
4082,CN(C(=O)C1=C(C)NC(=S)NC1c2ccc3ncccc3c2)c4ccccc4,0.606,0,N,0.0,NC(=S)N,O=Cc1ccc2ncccc2c1,CN(C(=O)CC(=O)C)c1ccccc1,C[Si](C)(C)Cl
4083,CN(C(=O)C1=C(C)NC(=S)NC1c2ccc3ncccc3c2)c4ccccc4,0.286,0,N,0.0,NC(=S)N,O=Cc1ccc2ncccc2c1,CN(C(=O)CC(=O)C)c1ccccc1,C[Si](C)(C)Cl
4084,CN(C)C(=O)C1=C(C)N(C(=O)NC1c2ccc(Br)cc2Oc3cccc(Cl)c3)c4ccc5OCCCOc5c4,0.099,1,Y,4.45,NC(=O)Nc1ccc2OCCCOc2c1,Clc1cccc(Oc2cc(Br)ccc2C=O)c1,CN(C)C(=O)CC(=O)C,C[Si](C)(C)Cl
4085,CN(C)C(=O)C1=C(C)N(C(=O)NC1c2ccc(CC#N)cc2)c3ccccc3F,0.119,0,Y,0.0,NC(=O)Nc1ccccc1F,O=Cc1ccc(CC#N)cc1,CN(C)C(=O)CC(=O)C,C[Si](C)(C)Cl
4086,CN(C)C(=O)C1=C(C)N(C(=O)NC1c2cccc(n2)c3ccc(NC(=O)OC(C)(C)C)cc3)c4cccc(Br)c4,0.102,0,Y,0.0,NC(=O)Nc1cccc(Br)c1,CC(C)(C)OC(=O)Nc1ccc(cc1)c2cccc(C=O)n2,CN(C)C(=O)CC(=O)C,C[Si](C)(C)Cl
4087,CN(C)C(=O)C1=C(C)N(C(=O)NC1c2ccccc2)c3cccc(Br)c3,0.599,1,N,3.67,NC(=O)Nc1cccc(Br)c1,O=Cc1ccccc1,CN(C)C(=O)CC(=O)C,C[Si](C)(C)Cl
4088,CN(C)C(=O)C1=C(C)N(C(=O)NC1c2ccccc2)c3cccc(Br)c3,0.299,1,N,16.03,NC(=O)Nc1cccc(Br)c1,O=Cc1ccccc1,CN(C)C(=O)CC(=O)C,C[Si](C)(C)Cl
4089,CN(C)C(=O)C1=C(C)N(C(=O)NC1c2ccccc2Oc3cc(Cl)cc(Cl)c3)c4ccc(Cl)cc4,0.12,1,Y,4.59,NC(=O)Nc1ccc(Cl)cc1,Clc1cc(Cl)cc(Oc2ccccc2C=O)c1,CN(C)C(=O)CC(=O)C,C[Si](C)(C)Cl
4090,CN(C)C(=O)C1=C(C)N(C(=O)NC1c2cn(C)nc2C(F)F)c3ccc(C)cc3C,0.105,0,Y,0.0,Cc1ccc(NC(=O)N)c(C)c1,Cn1cc(C=O)c(n1)C(F)F,CN(C)C(=O)CC(=O)C,C[Si](C)(C)Cl
4091,CN(C)C(=O)C1=C(C)N(C(=O)NC1c2ncc(s2)C(F)(F)F)c3ccccc3F,0.108,0,N,0.0,NC(=O)Nc1ccccc1F,FC(F)(F)c1cnc(C=O)s1,CN(C)C(=O)CC(=O)C,C[Si](C)(C)Cl
4092,CN(C)C(=O)C1=C(C)N(C(=S)NC1c2ccc(OCC3CCCO3)cc2)c4ccc(C)c(F)c4,0.094,0,Y,0.0,Cc1ccc(NC(=S)N)cc1F,O=Cc1ccc(OCC2CCCO2)cc1,CN(C)C(=O)CC(=O)C,C[Si](C)(C)Cl
4093,CN(C)C(=O)C1=C(C)N(C(=S)NC1c2ccc(OCCC(=O)O)cc2)c3cc(C)cc(C)c3,0.097,1,Y,2.59,Cc1cc(C)cc(NC(=S)N)c1,OC(=O)CCOc1ccc(C=O)cc1,CN(C)C(=O)CC(=O)C,C[Si](C)(C)Cl
4094,CN(C)C(=O)C1=C(C)N(C(=S)NC1c2ccc(OCCC(=O)O)cc2)c3ccc4OCCOc4c3,0.096,0,Y,0.0,NC(=S)Nc1ccc2OCCOc2c1,OC(=O)CCOc1ccc(C=O)cc1,CN(C)C(=O)CC(=O)C,C[Si](C)(C)Cl
4095,CN(C)C(=O)C1=C(C)N(C(=S)NC1c2ccc(OCc3noc(C)n3)cc2)c4cc(C)cc(C)c4,0.095,1,Y,36.02,Cc1cc(C)cc(NC(=S)N)c1,Cc1nc(COc2ccc(C=O)cc2)no1,CN(C)C(=O)CC(=O)C,C[Si](C)(C)Cl
4096,CN(C)C(=O)C1=C(C)N(C(=S)NC1c2ccc(OCc3noc(C)n3)cc2)c4ccc(C)cc4C,0.102,1,Y,19.89,Cc1ccc(NC(=S)N)c(C)c1,Cc1nc(COc2ccc(C=O)cc2)no1,CN(C)C(=O)CC(=O)C,C[Si](C)(C)Cl
4097,CN(C)C(=O)C1=C(C)N(C(=S)NC1c2ccc([N+](=O)[O-])c(O)c2)c3ccc4OCCOc4c3,0.088,1,Y,8.63,NC(=S)Nc1ccc2OCCOc2c1,Oc1cc(C=O)ccc1[N+](=O)[O-],CN(C)C(=O)CC(=O)C,C[Si](C)(C)Cl
4098,CN(C)C(=O)C1=C(C)N(C(=S)NC1c2ccc(cc2)C(=O)NC3CC3)c4ccc(C)c(F)c4,0.099,1,Y,39.13,Cc1ccc(NC(=S)N)cc1F,O=Cc1ccc(cc1)C(=O)NC2CC2,CN(C)C(=O)CC(=O)C,C[Si](C)(C)Cl
4099,CN(C)C(=O)C1=C(C)N(C(=S)NC1c2ccc(cc2)S(=O)(=O)C)c3ccc(C)c(F)c3,0.089,0,Y,0.0,Cc1ccc(NC(=S)N)cc1F,CS(=O)(=O)c1ccc(C=O)cc1,CN(C)C(=O)CC(=O)C,C[Si](C)(C)Cl
4100,CN(C)C(=O)C1=C(C)N(C(=S)NC1c2ccc(cc2)n3cncn3)c4ccc5CCCc5c4,0.095,1,Y,29.13,NC(=S)Nc1ccc2CCCc2c1,O=Cc1ccc(cc1)n2cncn2,CN(C)C(=O)CC(=O)C,C[Si](C)(C)Cl
4101,CN(C)C(=O)C1=C(C)N(C(=S)NC1c2ccc(cc2)n3cncn3)c4ccc5OCCOc5c4,0.105,1,Y,13.0,NC(=S)Nc1ccc2OCCOc2c1,O=Cc1ccc(cc1)n2cncn2,CN(C)C(=O)CC(=O)C,C[Si](C)(C)Cl
4102,CN(C)C(=O)C1=C(C)N(C(=S)NC1c2ccccc2OC(F)F)c3ccc(C)cc3,0.6,1,N,39.5,Cc1ccc(NC(=S)N)cc1,FC(F)Oc1ccccc1C=O,CN(C)C(=O)CC(=O)C,C[Si](C)(C)Cl
4103,CN(C)C(=O)C1=C(C)N(C(=S)NC1c2cncc3ccccc23)c4ccccc4C,0.124,0,Y,0.0,Cc1ccccc1NC(=S)N,O=Cc1cncc2ccccc12,CN(C)C(=O)CC(=O)C,C[Si](C)(C)Cl
4104,CN(C)C(=O)C1=C(C)N(C)C(=O)N(C)C1c2ccc(cc2)C(C)(C)C#N,0.114,1,Y,43.73,CNC(=O)NC,CC(C)(C#N)c1ccc(C=O)cc1,CN(C)C(=O)CC(=O)C,C[Si](C)(C)Cl
4105,CN(C)C(=O)C1=C(C)N(C)C(=S)NC1c2c(F)cccc2Cl,0.302,1,N,91.34,CNC(=S)N,Fc1cccc(Cl)c1C=O,CN(C)C(=O)CC(=O)C,C[Si](C)(C)Cl
4106,CN(C)C(=O)C1=C(C)N(C2CC2)C(=S)NC1c3ccc(C)c(C)c3,0.297,1,N,27.28,NC(=S)NC1CC1,Cc1ccc(C=O)cc1C,CN(C)C(=O)CC(=O)C,C[Si](C)(C)Cl
4107,CN(C)C(=O)C1=C(C)N(C2CC2)C(=S)NC1c3cccc(C)c3,0.6,0,N,0.0,NC(=S)NC1CC1,Cc1cccc(C=O)c1,CN(C)C(=O)CC(=O)C,C[Si](C)(C)Cl
4108,CN(C)C(=O)C1=C(C)N(C2CC2)C(=S)NC1c3cccc(C)c3,0.597,1,N,7.37,NC(=S)NC1CC1,Cc1cccc(C=O)c1,CN(C)C(=O)CC(=O)C,C[Si](C)(C)Cl
4109,CN(C)C(=O)C1=C(C)N(C2CC2)C(=S)NC1c3ccccc3,0.6,1,N,19.5,NC(=S)NC1CC1,O=Cc1ccccc1,CN(C)C(=O)CC(=O)C,C[Si](C)(C)Cl
4110,CN(C)C(=O)C1=C(C)N(C2CC2)C(=S)NC1c3ccccc3OCc4ccncc4,0.098,0,N,0.0,NC(=S)NC1CC1,O=Cc1ccccc1OCc2ccncc2,CN(C)C(=O)CC(=O)C,C[Si](C)(C)Cl
4111,CN(C)C(=O)C1=C(C)NC(=O)NC1c2cccc(Br)c2,0.12,1,Y,27.08,NC(=O)N,Brc1cccc(C=O)c1,CN(C)C(=O)CC(=O)C,C[Si](C)(C)Cl
4112,CN(C)C(=O)C1=C(C)NC(=S)NC1c2ccc(o2)c3c(F)cccc3F,0.312,1,N,20.85,NC(=S)N,Fc1cccc(F)c1c2ccc(C=O)o2,CN(C)C(=O)CC(=O)C,C[Si](C)(C)Cl
4113,CN(C)C(=O)C1=C(C)NC(=S)NC1c2ccc(s2)c3ccccc3,0.302,1,N,51.3,NC(=S)N,O=Cc1ccc(s1)c2ccccc2,CN(C)C(=O)CC(=O)C,C[Si](C)(C)Cl
4114,CN(C)C(=O)C1=C(C)NC(=S)NC1c2cccc(Oc3ccccc3)c2,0.306,1,N,98.41,NC(=S)N,O=Cc1cccc(Oc2ccccc2)c1,CN(C)C(=O)CC(=O)C,C[Si](C)(C)Cl
4115,CN(C)C(=O)COc1ccccc1C2NC(=O)N(C(=C2C(=O)N(C)Cc3cccc(Cl)c3)C)c4cccc(Br)c4,0.094,1,Y,1.07,NC(=O)Nc1cccc(Br)c1,CN(C)C(=O)COc1ccccc1C=O,CN(Cc1cccc(Cl)c1)C(=O)CC(=O)C,C[Si](C)(C)Cl
4116,CN(C)C(=O)COc1ccccc1C2NC(=O)N(C(=C2C(=O)Nc3ccc(C)cc3Cl)C)c4cccc(Br)c4,0.102,0,N,0.0,NC(=O)Nc1cccc(Br)c1,CN(C)C(=O)COc1ccccc1C=O,CC(=O)CC(=O)Nc1ccc(C)cc1Cl,C[Si](C)(C)Cl
4117,CN(C)C(=O)COc1ccccc1C2NC(=O)NC(=C2C(=O)Nc3cccc(Cl)c3)C,0.101,0,Y,0.0,NC(=O)N,CN(C)C(=O)COc1ccccc1C=O,CC(=O)CC(=O)Nc1cccc(Cl)c1,C[Si](C)(C)Cl
4118,CN(C)S(=O)(=O)c1ccc(C2NC(=O)N(C(=C2C(=O)NCc3ccc(C)cc3)C)c4ccc(C)c(F)c4)c(Br)c1,0.089,0,N,0.0,Cc1ccc(NC(=O)N)cc1F,CN(C)S(=O)(=O)c1ccc(C=O)c(Br)c1,CC(=O)CC(=O)NCc1ccc(C)cc1,C[Si](C)(C)Cl
4119,CN(C)S(=O)(=O)c1ccc(C2NC(=O)N(C(=C2C(=O)OCc3ccccc3)C)c4ccc(C)cc4C)c(Br)c1,0.122,1,Y,21.86,Cc1ccc(NC(=O)N)c(C)c1,CN(C)S(=O)(=O)c1ccc(C=O)c(Br)c1,CC(=O)CC(=O)OCc1ccccc1,C[Si](C)(C)Cl
4120,CN(C)c1ccc(cc1C2NC(=O)N(Cc3ccc(F)cc3F)C(=C2c4nc5ccccc5[nH]4)c6ccc(Br)cc6)[N+](=O)[O-],0.106,0,N,0.0,NC(=O)NCc1ccc(F)cc1F,CN(C)c1ccc(cc1C=O)[N+](=O)[O-],Brc1ccc(cc1)C(=O)Cc2nc3ccccc3[nH]2,C[Si](C)(C)Cl
4121,CN(Cc1cccc(Cl)c1)C(=O)C2=C(C)N(C(=O)NC2c3cccc(c3)c4cncnc4)c5cccc(Br)c5,0.099,0,N,0.0,NC(=O)Nc1cccc(Br)c1,O=Cc1cccc(c1)c2cncnc2,CN(Cc1cccc(Cl)c1)C(=O)CC(=O)C,C[Si](C)(C)Cl
4122,CN(Cc1cccc(Cl)c1)C(=O)C2=C(C)N(Cc3ccc(F)cc3F)C(=O)NC2c4csc(n4)N(C5CC5)C(=O)C,0.123,1,Y,6.42,NC(=O)NCc1ccc(F)cc1F,CC(=O)N(C1CC1)c2nc(C=O)cs2,CN(Cc1cccc(Cl)c1)C(=O)CC(=O)C,C[Si](C)(C)Cl
4123,CN(Cc1ccccc1Cl)C(=O)C2=C(C)N(C(=O)NC2c3c(C)ccc(Br)c3F)c4ccc(CC(=O)O)cc4,0.098,1,Y,25.83,NC(=O)Nc1ccc(CC(=O)O)cc1,Cc1ccc(Br)c(F)c1C=O,CN(Cc1ccccc1Cl)C(=O)CC(=O)C,C[Si](C)(C)Cl
4124,CN(Cc1ccccc1Cl)C(=O)C2=C(C)N(C(=O)NC2c3ccc(OC4CCOC4)cc3)c5cccc(Br)c5,0.102,0,N,0.0,NC(=O)Nc1cccc(Br)c1,O=Cc1ccc(OC2CCOC2)cc1,CN(Cc1ccccc1Cl)C(=O)CC(=O)C,C[Si](C)(C)Cl
4125,CN(Cc1ccccc1Cl)C(=O)C2=C(C)N(C(=O)NC2c3ccc(nc3)N4CCOCC4)c5cccc(Br)c5,0.1,0,Y,0.0,NC(=O)Nc1cccc(Br)c1,O=Cc1ccc(nc1)N2CCOCC2,CN(Cc1ccccc1Cl)C(=O)CC(=O)C,C[Si](C)(C)Cl
4126,CN(Cc1ccccc1Cl)C(=O)C2=C(C)N(C)C(=O)N(C)C2c3c(F)cc(C#N)cc3F,0.105,0,Y,0.0,CNC(=O)NC,Fc1cc(C#N)cc(F)c1C=O,CN(Cc1ccccc1Cl)C(=O)CC(=O)C,C[Si](C)(C)Cl
4127,CN(Cc1ccccc1Cl)C(=O)C2=C(C)N(Cc3ccc(F)cc3F)C(=O)NC2c4ccc(o4)c5ccc(cc5)C(C)(C)C,0.099,0,N,0.0,NC(=O)NCc1ccc(F)cc1F,CC(C)(C)c1ccc(cc1)c2ccc(C=O)o2,CN(Cc1ccccc1Cl)C(=O)CC(=O)C,C[Si](C)(C)Cl
4128,CN(Cc1ccccc1Cl)C(=O)C2=C(C)N(Cc3ccc(F)cc3F)C(=O)NC2c4cccc(CNC(=O)OC(C)(C)C)c4,0.102,0,Y,0.0,NC(=O)NCc1ccc(F)cc1F,CC(C)(C)OC(=O)NCc1cccc(C=O)c1,CN(Cc1ccccc1Cl)C(=O)CC(=O)C,C[Si](C)(C)Cl
4129,CN(Cc1ccccc1Cl)C(=O)C2=C(C)N(Cc3ccc(F)cc3F)C(=O)NC2c4ccccc4C(=O)N5CCCCC5,0.101,1,Y,35.04,NC(=O)NCc1ccc(F)cc1F,O=Cc1ccccc1C(=O)N2CCCCC2,CN(Cc1ccccc1Cl)C(=O)CC(=O)C,C[Si](C)(C)Cl
4130,CN1C(=C(C(NC1=O)c2c(F)cccc2Cl)C(=O)Nc3ccc(F)cc3)C,0.187,0,N,0.0,CNC(=O)N,Fc1cccc(Cl)c1C=O,CC(=O)CC(=O)Nc1ccc(F)cc1,C[Si](C)(C)Cl
4131,CN1C(=C(C(NC1=O)c2c(F)cccc2Cl)C(=O)Nc3ccc(F)cc3)C,0.345,1,N,47.01,CNC(=O)N,Fc1cccc(Cl)c1C=O,CC(=O)CC(=O)Nc1ccc(F)cc1,C[Si](C)(C)Cl
4132,CN1C(=C(C(NC1=O)c2cccc(c2)c3ccc(cc3)C(=O)O)C(=O)Nc4ccc(F)cc4)C,0.1,0,Y,0.0,CNC(=O)N,OC(=O)c1ccc(cc1)c2cccc(C=O)c2,CC(=O)CC(=O)Nc1ccc(F)cc1,C[Si](C)(C)Cl
4133,CN1C(=C(C(NC1=S)c2cc[nH]n2)C(=O)Nc3ccc(F)cc3)C,0.314,0,N,0.0,CNC(=S)N,O=Cc1cc[nH]n1,CC(=O)CC(=O)Nc1ccc(F)cc1,C[Si](C)(C)Cl
4134,CN1C(=C(C(NC1=S)c2ccc(O)cc2)C(=O)Nc3cccc(Cl)c3)C,0.301,0,N,0.0,CNC(=S)N,Oc1ccc(C=O)cc1,CC(=O)CC(=O)Nc1cccc(Cl)c1,C[Si](C)(C)Cl
4135,CN1C(=C(C(NC1=S)c2ccc(O)cc2)C(=O)Nc3cccc(Cl)c3)C,0.309,0,N,0.0,CNC(=S)N,Oc1ccc(C=O)cc1,CC(=O)CC(=O)Nc1cccc(Cl)c1,C[Si](C)(C)Cl
4136,CN1C(=C(C(NC1=S)c2ccc(O)cc2)C(=O)Nc3cccc(Cl)c3)C,0.403,0,N,0.0,CNC(=S)N,Oc1ccc(C=O)cc1,CC(=O)CC(=O)Nc1cccc(Cl)c1,C[Si](C)(C)Cl
4137,CN1C(=C(C(NC1=S)c2ccc(OC(F)(F)F)cc2)C(=O)N3CCOCC3)C,0.198,1,N,39.36,CNC(=S)N,FC(F)(F)Oc1ccc(C=O)cc1,CC(=O)CC(=O)N1CCOCC1,C[Si](C)(C)Cl
4138,CN1C(=C(C(NC1=S)c2cccs2)C(=O)Nc3cccc(F)c3)C,0.299,1,N,47.77,CNC(=S)N,O=Cc1cccs1,CC(=O)CC(=O)Nc1cccc(F)c1,C[Si](C)(C)Cl
4139,CN1C(=O)CCc2cc(ccc12)C3NC(=O)N(C(=C3C(=O)Nc4ccccc4C(F)(F)F)C)c5ccc6OCCCOc6c5,0.103,0,Y,0.0,NC(=O)Nc1ccc2OCCCOc2c1,CN1C(=O)CCc2cc(C=O)ccc12,CC(=O)CC(=O)Nc1ccccc1C(F)(F)F,C[Si](C)(C)Cl
4140,CN1C(=O)CCc2cc(ccc12)C3NC(=O)NC(=C3C(=O)Nc4cccc(Cl)c4)C,0.107,0,Y,0.0,NC(=O)N,CN1C(=O)CCc2cc(C=O)ccc12,CC(=O)CC(=O)Nc1cccc(Cl)c1,C[Si](C)(C)Cl
4141,CN1C(=S)NC(C(=C1c2ccc(C)cc2)C(=O)C)c3ccccc3,0.598,0,N,0.0,CNC(=S)N,O=Cc1ccccc1,CC(=O)CC(=O)c1ccc(C)cc1,C[Si](C)(C)Cl
4142,CN1C(=S)NC(C(=C1c2ccc(C)cc2)C(=O)C)c3ccccc3,0.294,0,N,0.0,CNC(=S)N,O=Cc1ccccc1,CC(=O)CC(=O)c1ccc(C)cc1,C[Si](C)(C)Cl
4143,CN1C(=S)NC(C(=C1c2ccc(C)cc2)C(=O)C)c3ccccc3,0.407,0,N,0.0,CNC(=S)N,O=Cc1ccccc1,CC(=O)CC(=O)c1ccc(C)cc1,C[Si](C)(C)Cl
4144,CN1C(=S)NC(C(C(=O)c2ccncc2)C1(O)C(F)(F)F)c3scnc3C4CC4,0.097,0,Y,0.0,CNC(=S)N,O=Cc1scnc1C2CC2,[Na+].[O-]C(=CC(=O)c1ccncc1)C(F)(F)F,C[Si](C)(C)Cl
4145,CN1C(=S)NC(C(C(=O)c2ccncc2)C1(O)C(F)(F)F)c3scnc3C4CC4,0.1,0,N,0.0,CNC(=S)N,O=Cc1scnc1C2CC2,FC(F)(F)C(=O)CC(=O)c1ccncc1,C[Si](C)(C)Cl
4146,CN1C(C(=C(C)N(C)C1=O)C(=O)N2CCCCCC2)c3ccc(Br)cc3Oc4cccc(Cl)c4,0.099,1,Y,7.34,CNC(=O)NC,Clc1cccc(Oc2cc(Br)ccc2C=O)c1,CC(=O)CC(=O)N1CCCCCC1,C[Si](C)(C)Cl
4147,CN1C(C(=C(C)N(C)C1=O)C(=O)NCCc2ccccc2)c3cc(Br)ccc3Oc4ccc(Cl)c(Cl)c4,0.096,1,Y,10.99,CNC(=O)NC,Clc1ccc(Oc2ccc(Br)cc2C=O)cc1Cl,CC(=O)CC(=O)NCCc1ccccc1,C[Si](C)(C)Cl
4148,CN1C(C(=C(C)N(C)C1=O)C(=O)Nc2cc(C)on2)c3ccc(F)c(Br)c3,0.302,1,N,22.52,CNC(=O)NC,Fc1ccc(C=O)cc1Br,CC(=O)CC(=O)Nc1cc(C)on1,C[Si](C)(C)Cl
4149,CN1C(C(=C(C)N(C)C1=O)C(=O)Nc2ccc(F)cc2)c3ccccc3,0.596,0,N,0.0,CNC(=O)NC,O=Cc1ccccc1,CC(=O)CC(=O)Nc1ccc(F)cc1,C[Si](C)(C)Cl
4150,CN1C(C(=C(C)N(C)C1=O)C(=O)Nc2ccc(F)cc2)c3ccccc3,0.6,0,N,0.0,CNC(=O)NC,O=Cc1ccccc1,CC(=O)CC(=O)Nc1ccc(F)cc1,C[Si](C)(C)Cl
4151,CN1C(C(=C(C)N(C)C1=O)C(=O)Nc2ccc(F)cc2)c3ccccc3,0.605,1,N,2.64,CNC(=O)NC,O=Cc1ccccc1,CC(=O)CC(=O)Nc1ccc(F)cc1,C[Si](C)(C)Cl
4152,CN1C(C(=C(C)N(C)C1=O)C(=O)Nc2ccc3nc(C)sc3c2)c4ccc(Br)cc4Oc5ccc(F)c(Cl)c5,0.099,1,Y,33.21,CNC(=O)NC,Fc1ccc(Oc2cc(Br)ccc2C=O)cc1Cl,CC(=O)CC(=O)Nc1ccc2nc(C)sc2c1,C[Si](C)(C)Cl
4153,CN1C(C(=C(C)N(C)C1=O)C(=O)Nc2ccc3nc(C)sc3c2)c4ccc(Br)cc4Oc5ccc(F)c(Cl)c5,0.093,0,Y,0.0,CNC(=O)NC,Fc1ccc(Oc2cc(Br)ccc2C=O)cc1Cl,CC(=O)CC(=O)Nc1ccc2nc(C)sc2c1,C[Si](C)(C)Cl
4154,CN1C(C(=C(C)N(C)C1=O)C(=O)Nc2ccccc2)c3c(F)cccc3F,0.302,1,N,81.09,CNC(=O)NC,Fc1cccc(F)c1C=O,CC(=O)CC(=O)Nc1ccccc1,C[Si](C)(C)Cl
4155,CN1C(C(=C(C)N(C)C1=O)C(=O)OCc2ccccc2)c3cn(CCC#N)nc3c4ccccc4,0.112,1,Y,53.64,CNC(=O)NC,O=Cc1cn(CCC#N)nc1c2ccccc2,CC(=O)CC(=O)OCc1ccccc1,C[Si](C)(C)Cl
4156,CN1C(C(=C(N(C)C1=O)c2ccc(Br)cc2)c3nc4ccccc4[nH]3)c5ccc(Oc6ccc(cc6)C(C)(C)C)c(c5)[N+](=O)[O-],0.102,1,Y,10.76,CNC(=O)NC,CC(C)(C)c1ccc(Oc2ccc(C=O)cc2[N+](=O)[O-])cc1,Brc1ccc(cc1)C(=O)Cc2nc3ccccc3[nH]2,C[Si](C)(C)Cl
4157,CN1C(C(=C(N(C)C1=O)c2ccccc2)C(=O)Nc3c(C)cc(C)cc3Cl)c4cc(NC(=O)OC(C)(C)C)ccc4Br,0.112,1,Y,13.31,CNC(=O)NC,CC(C)(C)OC(=O)Nc1ccc(Br)c(C=O)c1,Cc1cc(C)c(NC(=O)CC(=O)c2ccccc2)c(Cl)c1,C[Si](C)(C)Cl
4158,CN1C(C(=C(N(C)C1=O)c2ccccc2)C(=O)Nc3ccc(F)cc3C)c4ccc(Oc5ncc(Br)cn5)cc4,0.111,0,N,0.0,CNC(=O)NC,Brc1cnc(Oc2ccc(C=O)cc2)nc1,Cc1cc(F)ccc1NC(=O)CC(=O)c2ccccc2,C[Si](C)(C)Cl
4159,CN1C(C(=C(N(C)C1=O)c2ccccc2)C(=O)Nc3ccc4OCCOc4c3)c5ccc(s5)c6ccc(cc6)C(F)(F)F,0.092,1,Y,46.04,CNC(=O)NC,FC(F)(F)c1ccc(cc1)c2ccc(C=O)s2,O=C(CC(=O)c1ccccc1)Nc2ccc3OCCOc3c2,C[Si](C)(C)Cl
4160,CNC(=O)C(C)Oc1ccc(Br)cc1C2NC(=O)N(Cc3ccccc3)C(=C2C(=O)Nc4cccc(Cl)c4)C,0.106,1,Y,7.36,NC(=O)NCc1ccccc1,CNC(=O)C(C)Oc1ccc(Br)cc1C=O,CC(=O)CC(=O)Nc1cccc(Cl)c1,C[Si](C)(C)Cl
4161,COC(=O)C(=O)C1=C(C(C)C)N(C(=O)NC1c2ccc(Br)cc2Oc3cccc(Cl)c3)c4ccc(C)c(F)c4,0.107,0,Y,0.0,Cc1ccc(NC(=O)N)cc1F,Clc1cccc(Oc2cc(Br)ccc2C=O)c1,COC(=O)C(=O)CC(=O)C(C)C,C[Si](C)(C)Cl
4162,COC(=O)C(=O)C1=C(C(C)C)N(C(=O)NC1c2ccc(Oc3ccc(F)c(C)c3)cc2Cl)c4cccc(Br)c4,0.104,0,N,0.0,NC(=O)Nc1cccc(Br)c1,Cc1cc(Oc2ccc(C=O)c(Cl)c2)ccc1F,COC(=O)C(=O)CC(=O)C(C)C,C[Si](C)(C)Cl
4163,COC(=O)C(=O)C1=C(CC2CC2)N(Cc3ccc(F)cc3F)C(=O)NC1c4ccc(s4)c5cccc(Br)c5,0.112,0,N,0.0,NC(=O)NCc1ccc(F)cc1F,Brc1cccc(c1)c2ccc(C=O)s2,COC(=O)C(=O)CC(=O)CC1CC1,C[Si](C)(C)Cl
4164,COC(=O)C(=O)C1=C(N(C(=O)NC1c2cc(Br)cc(c2)[N+](=O)[O-])c3cccc(Br)c3)c4cccc(OC)c4,0.112,0,N,0.0,NC(=O)Nc1cccc(Br)c1,[O-][N+](=O)c1cc(Br)cc(C=O)c1,COC(=O)C(=O)CC(=O)c1cccc(OC)c1,C[Si](C)(C)Cl
4165,COC(=O)C(=O)C1=C(N(C(=O)NC1c2ccc(cc2)c3cnn(C)c3)c4cccc(Br)c4)c5cccc(OC)c5,0.108,0,N,0.0,NC(=O)Nc1cccc(Br)c1,Cn1cc(cn1)c2ccc(C=O)cc2,COC(=O)C(=O)CC(=O)c1cccc(OC)c1,C[Si](C)(C)Cl
4166,COC(=O)C(=O)C1=C(N(C(=O)NC1c2ccc(cc2Br)C(C)(C)C)c3cccc(Br)c3)c4ccoc4,0.11,0,Y,0.0,NC(=O)Nc1cccc(Br)c1,CC(C)(C)c1ccc(C=O)c(Br)c1,COC(=O)C(=O)CC(=O)c1ccoc1,C[Si](C)(C)Cl
4167,COC(=O)C(=O)C1=C(N(C(=O)NC1c2ccc3N(C)C(=O)CCc3c2)c4ccc(C)c(F)c4)c5ccccc5Br,0.105,0,Y,0.0,Cc1ccc(NC(=O)N)cc1F,CN1C(=O)CCc2cc(C=O)ccc12,COC(=O)C(=O)CC(=O)c1ccccc1Br,C[Si](C)(C)Cl
4168,COC(=O)C(=O)C1=C(N(C)C(=O)N(C)C1c2ccc(Oc3cccc(Br)c3)cc2)c4ccccc4Br,0.097,1,Y,23.31,CNC(=O)NC,Brc1cccc(Oc2ccc(C=O)cc2)c1,COC(=O)C(=O)CC(=O)c1ccccc1Br,C[Si](C)(C)Cl
4169,COC(=O)C(=O)C1=C(N(C2CC2)C(=O)NC1c3ccc(Br)cc3Oc4cc(Cl)cc(Cl)c4)c5cnn(C)c5,0.084,1,Y,19.37,NC(=O)NC1CC1,Clc1cc(Cl)cc(Oc2cc(Br)ccc2C=O)c1,COC(=O)C(=O)CC(=O)c1cnn(C)c1,C[Si](C)(C)Cl
4170,COC(=O)C(=O)C1=C(N(CCC(C)C)C(=O)NC1c2ccc(Oc3ccc(cc3)C(C)(C)C)c(c2)[N+](=O)[O-])c4c(Cl)cccc4Cl,0.097,0,Y,0.0,CC(C)CCNC(=O)N,CC(C)(C)c1ccc(Oc2ccc(C=O)cc2[N+](=O)[O-])cc1,COC(=O)C(=O)CC(=O)c1c(Cl)cccc1Cl,C[Si](C)(C)Cl
4171,COC(=O)C(=O)C1=C(N(CCC(C)C)C(=O)NC1c2ccc(cc2)c3ccccc3Br)c4c(Cl)cccc4Cl,0.103,0,Y,0.0,CC(C)CCNC(=O)N,Brc1ccccc1c2ccc(C=O)cc2,COC(=O)C(=O)CC(=O)c1c(Cl)cccc1Cl,C[Si](C)(C)Cl
4172,COC(=O)C(=O)C1=C(N(CCC(C)C)C(=O)NC1c2ccc(s2)c3ccc(cc3)[N+](=O)[O-])c4c(Cl)cccc4Cl,0.1,0,N,0.0,CC(C)CCNC(=O)N,[O-][N+](=O)c1ccc(cc1)c2ccc(C=O)s2,COC(=O)C(=O)CC(=O)c1c(Cl)cccc1Cl,C[Si](C)(C)Cl
4173,COC(=O)C(=O)C1=C(N(CCc2cccs2)C(=O)NC1c3c(F)c(Br)ccc3Cl)c4cccc(OC)c4,0.112,0,Y,0.0,NC(=O)NCCc1cccs1,Fc1c(Br)ccc(Cl)c1C=O,COC(=O)C(=O)CC(=O)c1cccc(OC)c1,C[Si](C)(C)Cl
4174,COC(=O)C(=O)C1=C(N(CCc2cccs2)C(=O)NC1c3cc(F)ccc3OC(C)C)c4ccccc4Br,0.113,0,Y,0.0,NC(=O)NCCc1cccs1,CC(C)Oc1ccc(F)cc1C=O,COC(=O)C(=O)CC(=O)c1ccccc1Br,C[Si](C)(C)Cl
4175,COC(=O)C(=O)C1=C(N(Cc2ccc(F)cc2F)C(=O)NC1c3cc(C)cc(c3)[N+](=O)[O-])c4ccccc4Br,0.105,0,N,0.0,NC(=O)NCc1ccc(F)cc1F,Cc1cc(C=O)cc(c1)[N+](=O)[O-],COC(=O)C(=O)CC(=O)c1ccccc1Br,C[Si](C)(C)Cl
4176,COC(=O)C(=O)C1=C(N(Cc2ccc(F)cc2F)C(=O)NC1c3ccc4OC(C)(C)C=Cc4c3)c5ccccc5Br,0.106,0,N,0.0,NC(=O)NCc1ccc(F)cc1F,CC1(C)Oc2ccc(C=O)cc2C=C1,COC(=O)C(=O)CC(=O)c1ccccc1Br,C[Si](C)(C)Cl
4177,COC(=O)C(=O)C1=C(N(Cc2ccccc2)C(=O)NC1c3cc(Br)cc(c3)[N+](=O)[O-])c4ccccc4Br,0.105,0,Y,0.0,NC(=O)NCc1ccccc1,[O-][N+](=O)c1cc(Br)cc(C=O)c1,COC(=O)C(=O)CC(=O)c1ccccc1Br,C[Si](C)(C)Cl
4178,COC(=O)C(=O)C1=C(N(Cc2ccccc2)C(=O)NC1c3ccc(cc3)C(=O)N4CCCCC4)c5c(Cl)cccc5Cl,0.101,0,Y,0.0,NC(=O)NCc1ccccc1,O=Cc1ccc(cc1)C(=O)N2CCCCC2,COC(=O)C(=O)CC(=O)c1c(Cl)cccc1Cl,C[Si](C)(C)Cl
4179,COC(=O)C(=O)C1=C(NC(=S)NC1c2cccs2)c3ccco3,0.255,1,N,100.0,NC(=S)N,O=Cc1cccs1,COC(=O)C(=O)CC(=O)c1ccco1,C[Si](C)(C)Cl
4180,COC(=O)C(=O)C1=C(NC(=S)NC1c2cccs2)c3cccs3,0.296,1,N,8.1,NC(=S)N,O=Cc1cccs1,COC(=O)C(=O)CC(=O)c1cccs1,C[Si](C)(C)Cl
4181,COC(=O)C1=C(C(N(C)C(=O)N1C)c2ccc(Cl)c(C)c2)C(=O)c3ccccc3Cl,0.107,1,Y,15.91,CNC(=O)NC,Cc1cc(C=O)ccc1Cl,COC(=O)C(=O)CC(=O)c1ccccc1Cl,C[Si](C)(C)Cl
4182,COC(=O)C1=C(C(NC(=O)N1C2CC2)c3csc4ccc(cc34)C(=O)OC)C(=O)c5cccc(Cl)c5,0.115,1,Y,3.06,NC(=O)NC1CC1,COC(=O)c1ccc2scc(C=O)c2c1,COC(=O)C(=O)CC(=O)c1cccc(Cl)c1,C[Si](C)(C)Cl
4183,COC(=O)C1=C(C(NC(=O)N1C2CC2)c3csc4ccc(cc34)C(=O)OC)C(=O)c5ccccc5OC,0.099,1,Y,10.49,NC(=O)NC1CC1,COC(=O)c1ccc2scc(C=O)c2c1,COC(=O)C(=O)CC(=O)c1ccccc1OC,C[Si](C)(C)Cl
4184,COC(=O)C1=C(C(NC(=O)N1CC2CC2)c3cc(Br)cc4CCCOc34)C(=O)c5ccccc5F,0.113,1,Y,6.9,NC(=O)NCC1CC1,Brc1cc(C=O)c2OCCCc2c1,COC(=O)C(=O)CC(=O)c1ccccc1F,C[Si](C)(C)Cl
4185,COC(=O)C1=C(C(NC(=O)N1CC2CC2)c3cnc4sc(cn34)C(=O)OC)C(=O)c5ccc(OC)c(OC)c5,0.104,1,Y,35.53,NC(=O)NCC1CC1,COC(=O)c1cn2c(C=O)cnc2s1,COC(=O)C(=O)CC(=O)c1ccc(OC)c(OC)c1,C[Si](C)(C)Cl
4186,COC(=O)C1=C(C(NC(=O)N1CC2CC2)c3cscn3)C(=O)C4CC4,0.104,1,Y,10.05,NC(=O)NCC1CC1,O=Cc1cscn1,COC(=O)C(=O)CC(=O)C1CC1,C[Si](C)(C)Cl
4187,COC(=O)C1=C(C(NC(=O)N1CCCCCC(=O)O)c2ccnn2c3ccccc3)C(=O)c4ccc(cc4)c5ccccc5,0.102,0,Y,0.0,NC(=O)NCCCCCC(=O)O,O=Cc1ccnn1c2ccccc2,COC(=O)C(=O)CC(=O)c1ccc(cc1)c2ccccc2,C[Si](C)(C)Cl
4188,COC(=O)C1=C(C(NC(=O)N1CCc2cccs2)c3ccc4occc4c3)C(=O)c5cccs5,0.083,1,Y,24.05,NC(=O)NCCc1cccs1,O=Cc1ccc2occc2c1,COC(=O)C(=O)CC(=O)c1cccs1,C[Si](C)(C)Cl
4189,COC(=O)C1=C(C(NC(=O)N1Cc2ccc(F)cc2F)c3ccc(o3)c4ccccc4)C(=O)c5ccncc5,0.106,0,N,0.0,NC(=O)NCc1ccc(F)cc1F,O=Cc1ccc(o1)c2ccccc2,COC(=O)C(=O)CC(=O)c1ccncc1,C[Si](C)(C)Cl
4190,COC(=O)C1=C(C(NC(=O)N1c2ccc(C)c(F)c2)c3cccs3)C(=O)C,0.3,0,N,0.0,Cc1ccc(NC(=O)N)cc1F,O=Cc1cccs1,COC(=O)C(=O)CC(=O)C,C[Si](C)(C)Cl
4191,COC(=O)C1=C(C(NC(=O)N1c2ccc(C)c(F)c2)c3cccs3)C(=O)C,0.312,0,N,0.0,Cc1ccc(NC(=O)N)cc1F,O=Cc1cccs1,COC(=O)C(=O)CC(=O)C,C[Si](C)(C)Cl
4192,COC(=O)C1=C(C(NC(=O)N1c2ccc(C)c(F)c2)c3cccs3)C(=O)C,0.393,0,N,0.0,Cc1ccc(NC(=O)N)cc1F,O=Cc1cccs1,COC(=O)C(=O)CC(=O)C,C[Si](C)(C)Cl
4193,COC(=O)C1=C(C(NC(=O)N1c2cccc(Br)c2)c3ccccc3F)C(=O)C,0.292,0,N,0.0,NC(=O)Nc1cccc(Br)c1,Fc1ccccc1C=O,COC(=O)C(=O)CC(=O)C,C[Si](C)(C)Cl
4194,COC(=O)C1=C(C(NC(=O)N1c2cccc(Br)c2)c3ccccc3F)C(=O)C,0.393,0,N,0.0,NC(=O)Nc1cccc(Br)c1,Fc1ccccc1C=O,COC(=O)C(=O)CC(=O)C,C[Si](C)(C)Cl
4195,COC(=O)C1=C(C(NC(=O)N1c2cccc(Br)c2)c3ccccc3F)C(=O)C,0.605,0,N,0.0,NC(=O)Nc1cccc(Br)c1,Fc1ccccc1C=O,COC(=O)C(=O)CC(=O)C,C[Si](C)(C)Cl
4196,COC(=O)C1=C(C(NC(=S)N1)c2c(F)cccc2F)C(=O)c3ccco3,0.391,0,N,0.0,NC(=S)N,Fc1cccc(F)c1C=O,COC(=O)C(=O)CC(=O)c1ccco1,C[Si](C)(C)Cl
4197,COC(=O)C1=C(C(NC(=S)N1)c2c(F)cccc2F)C(=O)c3ccco3,0.354,0,N,0.0,NC(=S)N,Fc1cccc(F)c1C=O,COC(=O)C(=O)CC(=O)c1ccco1,C[Si](C)(C)Cl
4198,COC(=O)C1=C(C(NC(=S)N1)c2c(F)cccc2F)C(=O)c3ccco3,0.603,0,N,0.0,NC(=S)N,Fc1cccc(F)c1C=O,COC(=O)C(=O)CC(=O)c1ccco1,C[Si](C)(C)Cl
4199,COC(=O)C1=C(C(NC(=S)N1)c2c(F)cccc2F)C(=O)c3ccco3,0.248,0,N,0.0,NC(=S)N,Fc1cccc(F)c1C=O,COC(=O)C(=O)CC(=O)c1ccco1,C[Si](C)(C)Cl
4200,COC(=O)C1=C(C(NC(=S)N1)c2c(F)cccc2F)C(=O)c3ccco3,0.256,1,N,9.39,NC(=S)N,Fc1cccc(F)c1C=O,COC(=O)C(=O)CC(=O)c1ccco1,C[Si](C)(C)Cl
4201,COC(=O)C1=C(C(NC(=S)N1)c2cc(cs2)n3ccnc3)C(=O)c4ccc(F)cc4,0.102,0,N,0.0,NC(=S)N,O=Cc1cc(cs1)n2ccnc2,COC(=O)C(=O)CC(=O)c1ccc(F)cc1,C[Si](C)(C)Cl
4202,COC(=O)C1=C(C(NC(=S)N1)c2ccc(C)c(C)c2)C(=O)C,0.298,1,N,14.75,NC(=S)N,Cc1ccc(C=O)cc1C,COC(=O)C(=O)CC(=O)C,C[Si](C)(C)Cl
4203,COC(=O)C1=C(C(NC(=S)N1)c2ccc(F)c(C)c2)C(=O)C,0.302,1,N,11.26,NC(=S)N,Cc1cc(C=O)ccc1F,COC(=O)C(=O)CC(=O)C,C[Si](C)(C)Cl
4204,COC(=O)C1=C(C(NC(=S)N1)c2cccc3nc(sc23)C(F)F)C(=O)c4ccccc4Cl,0.111,0,N,0.0,NC(=S)N,FC(F)c1nc2cccc(C=O)c2s1,COC(=O)C(=O)CC(=O)c1ccccc1Cl,C[Si](C)(C)Cl
4205,COC(=O)C1=C(C(NC(=S)N1)c2cscn2)C(=O)c3ccco3,0.304,1,N,40.75,NC(=S)N,O=Cc1cscn1,COC(=O)C(=O)CC(=O)c1ccco1,C[Si](C)(C)Cl
4206,COC(=O)C1=C(C)N(C(=O)NC1c2cc[nH]n2)c3ccc(C)c(F)c3,0.292,1,N,12.35,Cc1ccc(NC(=O)N)cc1F,O=Cc1cc[nH]n1,COC(=O)CC(=O)C,C[Si](C)(C)Cl
4207,COC(=O)C1=C(C)N(C(=O)NC1c2ccc(Cl)c(c2)[N+](=O)[O-])c3ccc(cc3)C(=O)O,0.25,1,N,93.77,NC(=O)Nc1ccc(cc1)C(=O)O,[O-][N+](=O)c1cc(C=O)ccc1Cl,COC(=O)CC(=O)C,C[Si](C)(C)Cl
4208,COC(=O)C1=C(C)N(C(=O)NC1c2ccc(O)c(Cl)c2)c3ccc(C)c(F)c3,0.311,1,N,8.69,Cc1ccc(NC(=O)N)cc1F,Oc1ccc(C=O)cc1Cl,COC(=O)CC(=O)C,C[Si](C)(C)Cl
4209,COC(=O)C1=C(C)N(C(=O)NC1c2ccc(s2)C(=O)N)c3ccc(F)c(Cl)c3,0.094,1,Y,28.95,NC(=O)Nc1ccc(F)c(Cl)c1,NC(=O)c1ccc(C=O)s1,COC(=O)CC(=O)C,C[Si](C)(C)Cl
4210,COC(=O)C1=C(C)N(C(=O)NC1c2ccccc2)c3ccc(cc3)S(=O)(=O)C,0.299,1,N,0.0,CS(=O)(=O)c1ccc(NC(=O)N)cc1,O=Cc1ccccc1,COC(=O)CC(=O)C,C[Si](C)(C)Cl
4211,COC(=O)C1=C(C)N(C(=O)NC1c2ccccc2)c3ccc(cc3)S(=O)(=O)C,0.397,1,N,80.69,CS(=O)(=O)c1ccc(NC(=O)N)cc1,O=Cc1ccccc1,COC(=O)CC(=O)C,C[Si](C)(C)Cl
4212,COC(=O)C1=C(C)N(C(=O)NC1c2ccoc2C(=O)OC)c3cccc(Br)c3,0.297,1,N,32.7,NC(=O)Nc1cccc(Br)c1,COC(=O)c1occc1C=O,COC(=O)CC(=O)C,C[Si](C)(C)Cl
4213,COC(=O)C1=C(C)N(C(=O)NC1c2csc(n2)C3CC3)c4ccc(Br)cc4,0.299,1,N,100.0,NC(=O)Nc1ccc(Br)cc1,O=Cc1csc(n1)C2CC2,COC(=O)CC(=O)C,C[Si](C)(C)Cl
4214,COC(=O)C1=C(C)N(C(=O)NC1c2csnn2)c3ccc(C)cc3,0.292,1,N,54.17,Cc1ccc(NC(=O)N)cc1,O=Cc1csnn1,COC(=O)CC(=O)C,C[Si](C)(C)Cl
4215,COC(=O)C1=C(C)N(C(=O)NC1c2scnc2C)c3ccc(C)c(F)c3,0.302,1,N,31.15,Cc1ccc(NC(=O)N)cc1F,Cc1ncsc1C=O,COC(=O)CC(=O)C,C[Si](C)(C)Cl
4216,COC(=O)C1=C(C)N(C)C(=O)N(C)C1c2cc(cs2)c3ccccc3,0.24,1,N,65.71,CNC(=O)NC,O=Cc1cc(cs1)c2ccccc2,COC(=O)CC(=O)C,C[Si](C)(C)Cl
4217,COC(=O)C1=C(C)N(C)C(=O)N(C)C1c2ccc(s2)c3ccccc3,0.6,1,N,81.67,CNC(=O)NC,O=Cc1ccc(s1)c2ccccc2,COC(=O)CC(=O)C,C[Si](C)(C)Cl
4218,COC(=O)C1=C(C)N(C)C(=O)N(C)C1c2cccc(OC(C)C(=O)O)c2,0.182,1,Y,43.83,CNC(=O)NC,CC(Oc1cccc(C=O)c1)C(=O)O,COC(=O)CC(=O)C,C[Si](C)(C)Cl
4219,COC(=O)C1=C(C)N(C)C(=O)N(C)C1c2cccc(OC(C)C(=O)O)c2,0.099,0,Y,0.0,CNC(=O)NC,CC(Oc1cccc(C=O)c1)C(=O)O,COC(=O)CC(=O)C,C[Si](C)(C)Cl
4220,COC(=O)C1=C(C)N(C)C(=O)N(C)C1c2cccc(OCc3ccccc3)c2,0.248,1,N,67.61,CNC(=O)NC,O=Cc1cccc(OCc2ccccc2)c1,COC(=O)CC(=O)C,C[Si](C)(C)Cl
4221,COC(=O)C1=C(C)N(C)C(=O)N(C)C1c2cnc(s2)C3CCC3,0.313,1,N,15.02,CNC(=O)NC,O=Cc1cnc(s1)C2CCC2,COC(=O)CC(=O)C,C[Si](C)(C)Cl
4222,COC(=O)C1=C(C)N(C)C(=O)N(C)C1c2csc(n2)C(C)C,0.617,1,N,14.25,CNC(=O)NC,CC(C)c1nc(C=O)cs1,COC(=O)CC(=O)C,C[Si](C)(C)Cl
4223,COC(=O)C1=C(C)N(C)C(=O)N(C)C1c2csc(n2)C3CC3,0.247,1,N,46.6,CNC(=O)NC,O=Cc1csc(n1)C2CC2,COC(=O)CC(=O)C,C[Si](C)(C)Cl
4224,COC(=O)C1=C(C)N(C)C(=O)NC1c2ccc(Cl)cc2Cl,0.298,1,N,79.96,CNC(=O)N,Clc1ccc(C=O)c(Cl)c1,COC(=O)CC(=O)C,C[Si](C)(C)Cl
4225,COC(=O)C1=C(C)N(C)C(=O)NC1c2ccc(OC(F)(F)F)cc2,0.099,1,Y,61.31,CNC(=O)N,FC(F)(F)Oc1ccc(C=O)cc1,COC(=O)CC(=O)C,C[Si](C)(C)Cl
4226,COC(=O)C1=C(C)N(C)C(=S)NC1c2ccc(O)c(OC)c2,0.6,1,N,72.17,CNC(=S)N,COc1cc(C=O)ccc1O,COC(=O)CC(=O)C,C[Si](C)(C)Cl
4227,COC(=O)C1=C(C)N(C2CCC(CC2)C(=O)O)C(=O)NC1c3ccccc3,0.249,0,N,0.0,NC(=O)NC1CCC(CC1)C(=O)O,O=Cc1ccccc1,COC(=O)CC(=O)C,C[Si](C)(C)Cl
4228,COC(=O)C1=C(C)N(C2CCC(CC2)C(=O)O)C(=O)NC1c3ccccc3,0.307,0,N,0.0,NC(=O)NC1CCC(CC1)C(=O)O,O=Cc1ccccc1,COC(=O)CC(=O)C,C[Si](C)(C)Cl
4229,COC(=O)C1=C(C)N(C2CCC(CC2)C(=O)O)C(=O)NC1c3ccccc3,0.326,0,N,0.0,NC(=O)NC1CCC(CC1)C(=O)O,O=Cc1ccccc1,COC(=O)CC(=O)C,C[Si](C)(C)Cl
4230,COC(=O)C1=C(C)N(C2CCC(CC2)C(=O)O)C(=O)NC1c3cccs3,0.239,0,N,0.0,NC(=O)NC1CCC(CC1)C(=O)O,O=Cc1cccs1,COC(=O)CC(=O)C,C[Si](C)(C)Cl
4231,COC(=O)C1=C(C)N(C2CCC(CC2)C(=O)O)C(=O)NC1c3cccs3,0.293,0,N,0.0,NC(=O)NC1CCC(CC1)C(=O)O,O=Cc1cccs1,COC(=O)CC(=O)C,C[Si](C)(C)Cl
4232,COC(=O)C1=C(C)N(C2CCC(CC2)C(=O)O)C(=O)NC1c3cccs3,0.364,0,N,0.0,NC(=O)NC1CCC(CC1)C(=O)O,O=Cc1cccs1,COC(=O)CC(=O)C,C[Si](C)(C)Cl
4233,COC(=O)C1=C(C)N(C2CCC(CC2)C(=O)O)C(=O)NC1c3ccsc3,0.244,0,N,0.0,NC(=O)NC1CCC(CC1)C(=O)O,O=Cc1ccsc1,COC(=O)CC(=O)C,C[Si](C)(C)Cl
4234,COC(=O)C1=C(C)N(C2CCC(CC2)C(=O)O)C(=O)NC1c3ccsc3,0.304,0,N,0.0,NC(=O)NC1CCC(CC1)C(=O)O,O=Cc1ccsc1,COC(=O)CC(=O)C,C[Si](C)(C)Cl
4235,COC(=O)C1=C(C)N(C2CCC(CC2)C(=O)O)C(=O)NC1c3ccsc3,0.367,0,N,0.0,NC(=O)NC1CCC(CC1)C(=O)O,O=Cc1ccsc1,COC(=O)CC(=O)C,C[Si](C)(C)Cl
4236,COC(=O)C1=C(C)N(CC(C)C)C(=S)NC1c2ccc(cc2)C(=O)O,0.088,1,Y,1.58,CC(C)CNC(=S)N,OC(=O)c1ccc(C=O)cc1,COC(=O)CC(=O)C,C[Si](C)(C)Cl
4237,COC(=O)C1=C(C)N(CC(C)C)C(=S)NC1c2ccc(cc2)C(=O)O,0.6,1,N,62.0,CC(C)CNC(=S)N,OC(=O)c1ccc(C=O)cc1,COC(=O)CC(=O)C,C[Si](C)(C)Cl
4238,COC(=O)C1=C(C)N(CC2(CC(C)C)CCCC2)C(=O)NC1c3ccc(Br)cc3Oc4ccc(F)c(Cl)c4,0.127,1,Y,3.24,CC(C)CC1(CNC(=O)N)CCCC1,Fc1ccc(Oc2cc(Br)ccc2C=O)cc1Cl,COC(=O)CC(=O)C,C[Si](C)(C)Cl
4239,COC(=O)C1=C(C)N(CC2CC2)C(=O)NC1c3ccc(Cl)s3,0.306,1,N,81.44,NC(=O)NCC1CC1,Clc1ccc(C=O)s1,COC(=O)CC(=O)C,C[Si](C)(C)Cl
4240,COC(=O)C1=C(C)N(CC2CC2)C(=O)NC1c3ccccc3C(F)(F)F,0.23,1,N,37.39,NC(=O)NCC1CC1,FC(F)(F)c1ccccc1C=O,COC(=O)CC(=O)C,C[Si](C)(C)Cl
4241,COC(=O)C1=C(C)N(CC2CC2)C(=O)NC1c3ccn(C)c3,0.311,0,N,0.0,NC(=O)NCC1CC1,Cn1ccc(C=O)c1,COC(=O)CC(=O)C,C[Si](C)(C)Cl
4242,COC(=O)C1=C(C)N(CC2CC2)C(=O)NC1c3scnc3C,0.316,1,N,48.1,NC(=O)NCC1CC1,Cc1ncsc1C=O,COC(=O)CC(=O)C,C[Si](C)(C)Cl
4243,COC(=O)C1=C(C)N(CC2CCCO2)C(=O)NC1c3cccc(c3)C(F)(F)F,0.294,1,N,49.58,NC(=O)NCC1CCCO1,FC(F)(F)c1cccc(C=O)c1,COC(=O)CC(=O)C,C[Si](C)(C)Cl
4244,COC(=O)C1=C(C)N(CC2CCCO2)C(=O)NC1c3ccccc3C(F)(F)F,0.292,1,N,7.2,NC(=O)NCC1CCCO1,FC(F)(F)c1ccccc1C=O,COC(=O)CC(=O)C,C[Si](C)(C)Cl
4245,COC(=O)C1=C(C)N(CC2CCCO2)C(=O)NC1c3ccccc3Cl,0.246,0,N,0.0,NC(=O)NCC1CCCO1,Clc1ccccc1C=O,COC(=O)CC(=O)C,C[Si](C)(C)Cl
4246,COC(=O)C1=C(C)N(CC2CCCO2)C(=O)NC1c3ccccc3Cl,0.369,0,N,0.0,NC(=O)NCC1CCCO1,Clc1ccccc1C=O,COC(=O)CC(=O)C,C[Si](C)(C)Cl
4247,COC(=O)C1=C(C)N(CC2CCCO2)C(=O)NC1c3cccs3,0.29,1,N,20.71,NC(=O)NCC1CCCO1,O=Cc1cccs1,COC(=O)CC(=O)C,C[Si](C)(C)Cl
4248,COC(=O)C1=C(C)N(CC2CCCO2)C(=O)NC1c3csc(Br)c3,0.292,1,N,23.96,NC(=O)NCC1CCCO1,Brc1cc(C=O)cs1,COC(=O)CC(=O)C,C[Si](C)(C)Cl
4249,COC(=O)C1=C(C)N(CC=C)C(=O)NC1c2cccc(c2)C(F)(F)F,0.6,1,N,3.33,NC(=O)NCC=C,FC(F)(F)c1cccc(C=O)c1,COC(=O)CC(=O)C,C[Si](C)(C)Cl
4250,COC(=O)C1=C(C)N(CC=C)C(=O)NC1c2cccc(c2)C(F)(F)F,0.209,1,N,33.57,NC(=O)NCC=C,FC(F)(F)c1cccc(C=O)c1,COC(=O)CC(=O)C,C[Si](C)(C)Cl
4251,COC(=O)C1=C(C)N(CC=C)C(=O)NC1c2cnc(nc2)c3ccccc3,0.303,1,N,86.36,NC(=O)NCC=C,O=Cc1cnc(nc1)c2ccccc2,COC(=O)CC(=O)C,C[Si](C)(C)Cl
4252,COC(=O)C1=C(C)N(CCSC)C(=O)NC1c2nc(cs2)c3ccccc3,0.098,0,N,0.0,CSCCNC(=O)N,O=Cc1nc(cs1)c2ccccc2,COC(=O)CC(=O)C,C[Si](C)(C)Cl
4253,COC(=O)C1=C(C)N(CCc2cccs2)C(=O)NC1c3ccc(Cl)s3,0.6,1,N,51.67,NC(=O)NCCc1cccs1,Clc1ccc(C=O)s1,COC(=O)CC(=O)C,C[Si](C)(C)Cl
4254,COC(=O)C1=C(C)N(Cc2ccc(cc2)C(=O)O)C(=O)NC1c3ccc(Cl)cc3,0.101,0,N,0.0,NC(=O)NCc1ccc(cc1)C(=O)O,Clc1ccc(C=O)cc1,COC(=O)CC(=O)C,C[Si](C)(C)Cl
4255,COC(=O)C1=C(C)N(Cc2ccccn2)C(=O)NC1c3ccsc3,0.6,1,N,11.0,NC(=O)NCc1ccccn1,O=Cc1ccsc1,COC(=O)CC(=O)C,C[Si](C)(C)Cl
4256,COC(=O)C1=C(C)N(Cc2cccs2)C(=O)NC1c3c(F)cccc3F,0.095,1,Y,45.03,NC(=O)NCc1cccs1,Fc1cccc(F)c1C=O,COC(=O)CC(=O)C,C[Si](C)(C)Cl
4257,COC(=O)C1=C(C)N(Cc2cccs2)C(=O)NC1c3c(F)cccc3F,0.6,1,N,74.67,NC(=O)NCc1cccs1,Fc1cccc(F)c1C=O,COC(=O)CC(=O)C,C[Si](C)(C)Cl
4258,COC(=O)C1=C(C)N(Cc2cccs2)C(=O)NC1c3cccs3,0.27,1,N,25.92,NC(=O)NCc1cccs1,O=Cc1cccs1,COC(=O)CC(=O)C,C[Si](C)(C)Cl
4259,COC(=O)C1=C(C)N(Cc2cccs2)C(=O)NC1c3ccn(C)c3,0.312,0,N,0.0,NC(=O)NCc1cccs1,Cn1ccc(C=O)c1,COC(=O)CC(=O)C,C[Si](C)(C)Cl
4260,COC(=O)C1=C(C)N(Cc2cccs2)C(=O)NC1c3cscn3,0.271,1,N,14.03,NC(=O)NCc1cccs1,O=Cc1cscn1,COC(=O)CC(=O)C,C[Si](C)(C)Cl
4261,COC(=O)C1=C(C)NC(=O)NC1c2ccc(OCC(F)(F)F)cc2,0.6,1,N,100.0,NC(=O)N,FC(F)(F)COc1ccc(C=O)cc1,COC(=O)CC(=O)C,C[Si](C)(C)Cl
4262,COC(=O)C1=C(C)NC(=O)NC1c2ccc(OCc3ccc(cc3)C(=O)OC)cc2,0.309,1,N,8.08,NC(=O)N,COC(=O)c1ccc(COc2ccc(C=O)cc2)cc1,COC(=O)CC(=O)C,C[Si](C)(C)Cl
4263,COC(=O)C1=C(C)NC(=O)NC1c2ccc(OCc3ccc(cc3)C(=O)OC)cc2,0.298,0,N,0.0,NC(=O)N,COC(=O)c1ccc(COc2ccc(C=O)cc2)cc1,COC(=O)CC(=O)C,C[Si](C)(C)Cl
4264,COC(=O)C1=C(C)NC(=O)NC1c2ccc(s2)c3ccc(cc3)C(F)(F)F,0.256,1,N,79.68,NC(=O)N,FC(F)(F)c1ccc(cc1)c2ccc(C=O)s2,COC(=O)CC(=O)C,C[Si](C)(C)Cl
4265,COC(=O)C1=C(C)NC(=O)NC1c2ccc3OC(C)(C)Cc3c2,0.306,1,N,33.61,NC(=O)N,CC1(C)Cc2cc(C=O)ccc2O1,COC(=O)CC(=O)C,C[Si](C)(C)Cl
4266,COC(=O)C1=C(C)NC(=O)NC1c2cccc(c2)C3CC3,0.113,1,Y,1.68,NC(=O)N,O=Cc1cccc(c1)C2CC2,COC(=O)CC(=O)C,C[Si](C)(C)Cl
4267,COC(=O)C1=C(C)NC(=O)NC1c2cccc(c2)C3CC3,0.191,1,N,33.49,NC(=O)N,O=Cc1cccc(c1)C2CC2,COC(=O)CC(=O)C,C[Si](C)(C)Cl
4268,COC(=O)C1=C(C)NC(=O)NC1c2ccn(Cc3ccccc3)c2,0.299,0,N,0.0,NC(=O)N,O=Cc1ccn(Cc2ccccc2)c1,COC(=O)CC(=O)C,C[Si](C)(C)Cl
4269,COC(=O)C1=C(C)NC(=O)NC1c2cnc(nc2)c3ccccc3,0.291,0,N,0.0,NC(=O)N,O=Cc1cnc(nc1)c2ccccc2,COC(=O)CC(=O)C,C[Si](C)(C)Cl
4270,COC(=O)C1=C(C)NC(=O)NC1c2cnc(s2)C(C)(C)C,0.284,1,N,24.98,NC(=O)N,CC(C)(C)c1ncc(C=O)s1,COC(=O)CC(=O)C,C[Si](C)(C)Cl
4271,COC(=O)C1=C(C)NC(=O)NC1c2cnc(s2)c3ccccc3,0.286,1,N,63.98,NC(=O)N,O=Cc1cnc(s1)c2ccccc2,COC(=O)CC(=O)C,C[Si](C)(C)Cl
4272,COC(=O)C1=C(C)NC(=O)NC1c2csc(Br)c2,0.6,1,N,52.67,NC(=O)N,Brc1cc(C=O)cs1,COC(=O)CC(=O)C,C[Si](C)(C)Cl
4273,COC(=O)C1=C(C)NC(=O)NC1c2nc(cs2)c3ccccc3,0.284,1,N,58.52,NC(=O)N,O=Cc1nc(cs1)c2ccccc2,COC(=O)CC(=O)C,C[Si](C)(C)Cl
4274,COC(=O)C1=C(C)NC(=S)NC1c2cc(Br)c3OCCCOc3c2,0.243,1,N,45.64,NC(=S)N,Brc1cc(C=O)cc2OCCCOc12,COC(=O)CC(=O)C,C[Si](C)(C)Cl
4275,COC(=O)C1=C(C)NC(=S)NC1c2cc(C)ccc2C,0.6,1,N,69.17,NC(=S)N,Cc1ccc(C)c(C=O)c1,COC(=O)CC(=O)C,C[Si](C)(C)Cl
4276,COC(=O)C1=C(C)NC(=S)NC1c2cc(Cl)c3OCCCOc3c2,0.294,1,N,100.0,NC(=S)N,Clc1cc(C=O)cc2OCCCOc12,COC(=O)CC(=O)C,C[Si](C)(C)Cl
4277,COC(=O)C1=C(C)NC(=S)NC1c2ccc(O)c(Cl)c2,0.6,1,N,85.5,NC(=S)N,Oc1ccc(C=O)cc1Cl,COC(=O)CC(=O)C,C[Si](C)(C)Cl
4278,COC(=O)C1=C(C)NC(=S)NC1c2ccc(OCC#C)cc2,0.6,1,N,74.5,NC(=S)N,O=Cc1ccc(OCC#C)cc1,COC(=O)CC(=O)C,C[Si](C)(C)Cl
4279,COC(=O)C1=C(C)NC(=S)NC1c2ccc(SC)c(OC)c2,0.6,1,N,93.0,NC(=S)N,COc1cc(C=O)ccc1SC,COC(=O)CC(=O)C,C[Si](C)(C)Cl
4280,COC(=O)C1=C(C)NC(=S)NC1c2ccc(cc2)N3CCCCCC3,0.248,1,N,84.79,NC(=S)N,O=Cc1ccc(cc1)N2CCCCCC2,COC(=O)CC(=O)C,C[Si](C)(C)Cl
4281,COC(=O)C1=C(C)NC(=S)NC1c2ccc(cc2F)c3cccs3,0.289,0,N,0.0,NC(=S)N,Fc1cc(ccc1C=O)c2cccs2,COC(=O)CC(=O)C,C[Si](C)(C)Cl
4282,COC(=O)C1=C(C)NC(=S)NC1c2ccc(cc2F)c3cccs3,0.598,1,N,63.18,NC(=S)N,Fc1cc(ccc1C=O)c2cccs2,COC(=O)CC(=O)C,C[Si](C)(C)Cl
4283,COC(=O)C1=C(C)NC(=S)NC1c2ccc(s2)c3ccc(F)cc3,0.294,1,N,77.91,NC(=S)N,Fc1ccc(cc1)c2ccc(C=O)s2,COC(=O)CC(=O)C,C[Si](C)(C)Cl
4284,COC(=O)C1=C(C)NC(=S)NC1c2cccc(OC(F)F)c2,0.6,1,N,12.0,NC(=S)N,FC(F)Oc1cccc(C=O)c1,COC(=O)CC(=O)C,C[Si](C)(C)Cl
4285,COC(=O)C1=C(C)NC(=S)NC1c2cccc(OC3CCCC3)c2,0.296,1,N,100.0,NC(=S)N,O=Cc1cccc(OC2CCCC2)c1,COC(=O)CC(=O)C,C[Si](C)(C)Cl
4286,COC(=O)C1=C(C)NC(=S)NC1c2cccc(OCCCC#N)c2,0.6,1,N,74.83,NC(=S)N,O=Cc1cccc(OCCCC#N)c1,COC(=O)CC(=O)C,C[Si](C)(C)Cl
4287,COC(=O)C1=C(C)NC(=S)NC1c2cccc3OCCCOc23,0.269,1,N,83.71,NC(=S)N,O=Cc1cccc2OCCCOc12,COC(=O)CC(=O)C,C[Si](C)(C)Cl
4288,COC(=O)C1=C(C)NC(=S)NC1c2cccc3OCOc32,0.602,0,N,0.0,NC(=S)N,O=Cc1cccc2OCOc21,COC(=O)CC(=O)C,C[Si](C)(C)Cl
4289,COC(=O)C1=C(C)NC(=S)NC1c2cccc3OCOc32,0.29,0,N,0.0,NC(=S)N,O=Cc1cccc2OCOc21,COC(=O)CC(=O)C,C[Si](C)(C)Cl
4290,COC(=O)C1=C(C)NC(=S)NC1c2cccc3OCOc32,0.409,0,N,0.0,NC(=S)N,O=Cc1cccc2OCOc21,COC(=O)CC(=O)C,C[Si](C)(C)Cl
4291,COC(=O)C1=C(C)NC(=S)NC1c2ccccc2OCC3CC3,0.291,1,N,95.52,NC(=S)N,O=Cc1ccccc1OCC2CC2,COC(=O)CC(=O)C,C[Si](C)(C)Cl
4292,COC(=O)C1=C(C)NC(=S)NC1c2cnc(nc2)c3ccccc3,0.374,1,N,39.33,NC(=S)N,O=Cc1cnc(nc1)c2ccccc2,COC(=O)CC(=O)C,C[Si](C)(C)Cl
4293,COC(=O)C1=C(C)NC(=S)NC1c2cnc(nc2)c3ccccc3,0.237,0,N,0.0,NC(=S)N,O=Cc1cnc(nc1)c2ccccc2,COC(=O)CC(=O)C,C[Si](C)(C)Cl
4294,COC(=O)C1=C(C)NC(=S)NC1c2csc(Br)c2,0.299,1,N,75.91,NC(=S)N,Brc1cc(C=O)cs1,COC(=O)CC(=O)C,C[Si](C)(C)Cl
4295,COC(=O)C1=C(N(C(=O)NC1c2ccc(cc2)C(=O)N3CCCCC3)c4cccc(Br)c4)c5c(F)cccc5F,0.1,0,N,0.0,NC(=O)Nc1cccc(Br)c1,O=Cc1ccc(cc1)C(=O)N2CCCCC2,COC(=O)CC(=O)c1c(F)cccc1F,C[Si](C)(C)Cl
4296,COC(=O)C1=C(N(Cc2cccs2)C(=O)NC1c3cn(nn3)c4cccc(Cl)c4Cl)c5ccco5,0.1,0,N,0.0,NC(=O)NCc1cccs1,Clc1cccc(c1Cl)n2cc(C=O)nn2,COC(=O)CC(=O)c1ccco1,C[Si](C)(C)Cl
4297,COC(=O)C1=C(N(Cc2cccs2)C(=O)NC1c3cn(nn3)c4cccc(Cl)c4Cl)c5ccco5,0.1,0,Y,0.0,NC(=O)NCc1cccs1,Clc1cccc(c1Cl)n2cc(C=O)nn2,COC(=O)CC(=O)c1ccco1,C[Si](C)(C)Cl
4298,COC(=O)CC1=C(C(NC(=O)N1Cc2ccc(cc2)C(=O)O)c3cc(nn3C)C(F)(F)F)C(=O)OC,0.12,1,Y,44.2,NC(=O)NCc1ccc(cc1)C(=O)O,Cn1nc(cc1C=O)C(F)(F)F,COC(=O)CC(=O)CC(=O)OC,C[Si](C)(C)Cl
4299,COC(=O)COc1c(C)cc(cc1C)C2NC(=O)N(C(=C2C(=O)Nc3cccc(Cl)c3)C)c4ccc5OCCCOc5c4,0.115,0,N,0.0,NC(=O)Nc1ccc2OCCCOc2c1,COC(=O)COc1c(C)cc(C=O)cc1C,CC(=O)CC(=O)Nc1cccc(Cl)c1,C[Si](C)(C)Cl
4300,COC(=O)COc1c(C)cc(cc1C)C2NC(=O)N(C3=C2C(=O)N(Cc4ccccc4)CC3)c5cccc(Br)c5,0.109,0,N,0.0,NC(=O)Nc1cccc(Br)c1,COC(=O)COc1c(C)cc(C=O)cc1C,O=C1CCN(Cc2ccccc2)C(=O)C1,C[Si](C)(C)Cl
4301,COC(=O)COc1c(C)cc(cc1C)C2NC(=S)NC(O)(C2C(=O)c3ccc4ccccc4c3)C(F)(F)F,0.108,0,Y,0.0,NC(=S)N,COC(=O)COc1c(C)cc(C=O)cc1C,FC(F)(F)C(=O)CC(=O)c1ccc2ccccc2c1,C[Si](C)(C)Cl
4302,COC(=O)[C@H]1C[C@@H](C1)n2ccc(n2)C3NC(=O)N(C(=C3C(=O)N(C)Cc4cccc(Cl)c4)C)c5cccc(Br)c5,0.102,0,N,0.0,NC(=O)Nc1cccc(Br)c1,COC(=O)[C@H]1C[C@@H](C1)n2ccc(C=O)n2,CN(Cc1cccc(Cl)c1)C(=O)CC(=O)C,C[Si](C)(C)Cl
4303,COC(=O)[C@H]1C[C@@H](C1)n2nccc2C3NC(=O)N(C(=C3C(=O)N(C)Cc4ccccc4Cl)C)c5cccc(Br)c5,0.1,0,N,0.0,NC(=O)Nc1cccc(Br)c1,COC(=O)[C@H]1C[C@@H](C1)n2nccc2C=O,CN(Cc1ccccc1Cl)C(=O)CC(=O)C,C[Si](C)(C)Cl
4304,COC(=O)c1c(NC(=O)C2=C(C)N(C)C(=O)N(C)C2c3ccc(Br)cc3Oc4ccc(C)cc4)sc5CCCc15,0.109,0,Y,0.0,CNC(=O)NC,Cc1ccc(Oc2cc(Br)ccc2C=O)cc1,COC(=O)c1c(NC(=O)CC(=O)C)sc2CCCc12,C[Si](C)(C)Cl
4305,COC(=O)c1c(NC(=O)C2=C(C)N(C)C(=O)N(C)C2c3ccc(Br)cc3Oc4ccc(C)cc4)sc5CCCc15,0.1,1,Y,21.02,CNC(=O)NC,Cc1ccc(Oc2cc(Br)ccc2C=O)cc1,COC(=O)c1c(NC(=O)CC(=O)C)sc2CCCc12,C[Si](C)(C)Cl
4306,COC(=O)c1c(NC(=O)C2=C(C)N(CCC(C)C)C(=O)NC2c3cc(Br)ccc3C4CC4)sc5CCCc15,0.1,1,Y,37.84,CC(C)CCNC(=O)N,Brc1ccc(C2CC2)c(C=O)c1,COC(=O)c1c(NC(=O)CC(=O)C)sc2CCCc12,C[Si](C)(C)Cl
4307,COC(=O)c1c(NC(=O)C2=C(C)N(CCc3cccs3)C(=O)NC2c4ccc(c(C)c4)C(F)(F)F)sc5CCCc15,0.1,1,Y,12.88,NC(=O)NCCc1cccs1,Cc1cc(C=O)ccc1C(F)(F)F,COC(=O)c1c(NC(=O)CC(=O)C)sc2CCCc12,C[Si](C)(C)Cl
4308,COC(=O)c1ccc(C2NC(=O)N(C(=C2C(=O)N(C)c3ccccc3)C)c4cccc(Br)c4)c(Br)c1,0.099,0,N,0.0,NC(=O)Nc1cccc(Br)c1,COC(=O)c1ccc(C=O)c(Br)c1,CN(C(=O)CC(=O)C)c1ccccc1,C[Si](C)(C)Cl
4309,COC(=O)c1ccc(C2NC(=O)N(C3=C2C(=O)N(CC3)c4ccccc4)c5cccc(Br)c5)c(Br)c1,0.11,1,Y,12.5,NC(=O)Nc1cccc(Br)c1,COC(=O)c1ccc(C=O)c(Br)c1,O=C1CCN(C(=O)C1)c2ccccc2,C[Si](C)(C)Cl
4310,COC(=O)c1ccc(C2NC(=O)N(Cc3ccc(OC)cc3)C(=C2C(=O)C)c4ccc(Br)cc4)c(Br)c1,0.115,1,Y,29.19,COc1ccc(CNC(=O)N)cc1,COC(=O)c1ccc(C=O)c(Br)c1,CC(=O)CC(=O)c1ccc(Br)cc1,C[Si](C)(C)Cl
4311,COC(=O)c1ccc(C2NC(=O)N(Cc3ccc(OC)cc3)C(=C2C(=O)Nc4ccc(C)c(Cl)c4)C)c(Br)c1,0.106,1,Y,46.72,COc1ccc(CNC(=O)N)cc1,COC(=O)c1ccc(C=O)c(Br)c1,CC(=O)CC(=O)Nc1ccc(C)c(Cl)c1,C[Si](C)(C)Cl
4312,COC(=O)c1ccc(COc2ccc(cc2)C3NC(=O)N(C(=C3C(=O)N4CCCCCC4)C)c5cccc(Br)c5)o1,0.108,0,N,0.0,NC(=O)Nc1cccc(Br)c1,COC(=O)c1ccc(COc2ccc(C=O)cc2)o1,CC(=O)CC(=O)N1CCCCCC1,C[Si](C)(C)Cl
4313,COC(=O)c1ccc(COc2ccc(cc2)C3NC(=O)N(Cc4ccccc4)C(=C3c5nc6ccccc6[nH]5)c7ccc(Br)cc7)cc1,0.104,0,N,0.0,NC(=O)NCc1ccccc1,COC(=O)c1ccc(COc2ccc(C=O)cc2)cc1,Brc1ccc(cc1)C(=O)Cc2nc3ccccc3[nH]2,C[Si](C)(C)Cl
4314,COC(=O)c1ccc(cc1Br)C2NC(=O)N(C(=C2C(=O)NCCc3ccccc3)C)c4cccc(Br)c4,0.089,0,N,0.0,NC(=O)Nc1cccc(Br)c1,COC(=O)c1ccc(C=O)cc1Br,CC(=O)CC(=O)NCCc1ccccc1,C[Si](C)(C)Cl
4315,COC(=O)c1ccc(cc1Br)C2NC(=O)N(Cc3ccc(F)cc3F)C(=C2C(=O)Nc4cccc(OC)c4)C,0.104,1,Y,17.43,NC(=O)NCc1ccc(F)cc1F,COC(=O)c1ccc(C=O)cc1Br,COc1cccc(NC(=O)CC(=O)C)c1,C[Si](C)(C)Cl
4316,COC(=O)c1ccc(cc1Br)C2NC(=O)N(Cc3cccs3)C(=C2C(=O)N(C)Cc4ccccc4Cl)C,0.107,1,Y,9.63,NC(=O)NCc1cccs1,COC(=O)c1ccc(C=O)cc1Br,CN(Cc1ccccc1Cl)C(=O)CC(=O)C,C[Si](C)(C)Cl
4317,COC(=O)c1cn2c(cnc2s1)C3NC(=O)N(Cc4ccc(OC)cc4OC)C(=C3c5nc6ccccc6[nH]5)c7ccc(Br)cc7,0.096,0,N,0.0,COc1ccc(CNC(=O)N)c(OC)c1,COC(=O)c1cn2c(C=O)cnc2s1,Brc1ccc(cc1)C(=O)Cc2nc3ccccc3[nH]2,C[Si](C)(C)Cl
4318,COC(=O)c1nn(cc1C2NC(=O)N(C(=C2C(=O)N3CCCCCC3)C)c4cccc(Br)c4)c5ccc(Cl)c(Cl)c5,0.117,0,Y,0.0,NC(=O)Nc1cccc(Br)c1,COC(=O)c1nn(cc1C=O)c2ccc(Cl)c(Cl)c2,CC(=O)CC(=O)N1CCCCCC1,C[Si](C)(C)Cl
4319,COC(=O)c1nn(cc1C2NC(=O)N(Cc3ccccc3)C4=C2C(=O)N(CC4)c5ccccc5)c6ccc(Cl)c(Cl)c6,0.114,0,Y,0.0,NC(=O)NCc1ccccc1,COC(=O)c1nn(cc1C=O)c2ccc(Cl)c(Cl)c2,O=C1CCN(C(=O)C1)c2ccccc2,C[Si](C)(C)Cl
4320,COC(=O)c1nnsc1C2NC(=O)N(Cc3ccc(OC)cc3)C(=C2C(=O)N4CCCCCC4)C,0.093,1,Y,40.58,COc1ccc(CNC(=O)N)cc1,COC(=O)c1nnsc1C=O,CC(=O)CC(=O)N1CCCCCC1,C[Si](C)(C)Cl
4321,COC(=O)c1sncc1C2NC(=O)NC(=C2C(=O)Nc3cccc(Cl)c3)C,0.093,1,Y,55.43,NC(=O)N,COC(=O)c1sncc1C=O,CC(=O)CC(=O)Nc1cccc(Cl)c1,C[Si](C)(C)Cl
4322,COCC(C)Oc1ccc(cc1)C2NC(=O)N(C(=C2C(=O)Nc3cc(OC)ccc3OC)C)c4cccc(Br)c4,0.099,0,N,0.0,NC(=O)Nc1cccc(Br)c1,COCC(C)Oc1ccc(C=O)cc1,COc1ccc(OC)c(NC(=O)CC(=O)C)c1,C[Si](C)(C)Cl
4323,COCCN1C(=C(C(NC1=O)c2c(Cl)cccc2Cl)C(=O)OC)C,0.6,1,N,39.17,COCCNC(=O)N,Clc1cccc(Cl)c1C=O,COC(=O)CC(=O)C,C[Si](C)(C)Cl
4324,COCCN1C(=C(C(NC1=O)c2ccc(Br)cc2Oc3cc(Cl)cc(Cl)c3)C(=O)OCc4ccccc4)C,0.083,1,Y,13.55,COCCNC(=O)N,Clc1cc(Cl)cc(Oc2cc(Br)ccc2C=O)c1,CC(=O)CC(=O)OCc1ccccc1,C[Si](C)(C)Cl
4325,COCCN1C(=C(C(NC1=O)c2ccc(O)c(Cl)c2)C(=O)OC)C,0.109,1,Y,42.38,COCCNC(=O)N,Oc1ccc(C=O)cc1Cl,COC(=O)CC(=O)C,C[Si](C)(C)Cl
4326,COCCN1C(=C(C(NC1=O)c2ccsc2)C(=O)Nc3ccc(F)cc3)C,0.6,0,N,0.0,COCCNC(=O)N,O=Cc1ccsc1,CC(=O)CC(=O)Nc1ccc(F)cc1,C[Si](C)(C)Cl
4327,COCCN1C(=C(C(NC1=O)c2ccsc2)C(=O)Nc3ccc(F)cc3)C,0.607,0,N,0.0,COCCNC(=O)N,O=Cc1ccsc1,CC(=O)CC(=O)Nc1ccc(F)cc1,C[Si](C)(C)Cl
4328,COCCN1C(=C(C(NC1=O)c2ccsc2)C(=O)Nc3ccc(F)cc3)C,0.314,0,N,0.0,COCCNC(=O)N,O=Cc1ccsc1,CC(=O)CC(=O)Nc1ccc(F)cc1,C[Si](C)(C)Cl
4329,COCCN1C(=C(C(NC1=S)c2cccc(c2)C(F)(F)F)C(=O)N3CCOCC3)C,0.6,0,N,0.0,COCCNC(=S)N,FC(F)(F)c1cccc(C=O)c1,CC(=O)CC(=O)N1CCOCC1,C[Si](C)(C)Cl
4330,COCCOC(=O)C1=C(C)N(C(=O)NC1c2cc(F)ccc2Oc3ccc(Br)cc3)c4ccc(Br)cc4,0.122,0,Y,0.0,NC(=O)Nc1ccc(Br)cc1,Fc1ccc(Oc2ccc(Br)cc2)c(C=O)c1,COCCOC(=O)CC(=O)C,C[Si](C)(C)Cl
4331,COCCOC(=O)C1=C(C)N(C(=O)NC1c2ccc(Br)cc2Oc3cc(Cl)cc(Cl)c3)c4cccc(C)c4C,0.129,1,Y,24.01,Cc1cccc(NC(=O)N)c1C,Clc1cc(Cl)cc(Oc2cc(Br)ccc2C=O)c1,COCCOC(=O)CC(=O)C,C[Si](C)(C)Cl
4332,COCCOC(=O)C1=C(C)N(C(=O)NC1c2ccc(cc2)c3ccccc3Br)c4ccc(Br)cc4,0.087,1,Y,27.67,NC(=O)Nc1ccc(Br)cc1,Brc1ccccc1c2ccc(C=O)cc2,COCCOC(=O)CC(=O)C,C[Si](C)(C)Cl
4333,COCCOC(=O)C1=C(C)N(C(=O)NC1c2ccccc2Oc3ccc(Br)cc3F)c4cccc(Br)c4,0.132,1,Y,9.7,NC(=O)Nc1cccc(Br)c1,Fc1cc(Br)ccc1Oc2ccccc2C=O,COCCOC(=O)CC(=O)C,C[Si](C)(C)Cl
4334,COCCOC(=O)C1=C(C)N(C)C(=O)NC1c2ccc(C)c(C)c2,0.294,1,N,10.2,CNC(=O)N,Cc1ccc(C=O)cc1C,COCCOC(=O)CC(=O)C,C[Si](C)(C)Cl
4335,COCCOC(=O)C1=C(C)N(C2CC2)C(=O)NC1c3cc(Br)ccc3F,0.6,1,N,47.33,NC(=O)NC1CC1,Fc1ccc(Br)cc1C=O,COCCOC(=O)CC(=O)C,C[Si](C)(C)Cl
4336,COCCOC(=O)C1=C(C)N(C2CC2)C(=S)NC1c3ccc(cc3)C(=O)O,0.6,1,N,84.17,NC(=S)NC1CC1,OC(=O)c1ccc(C=O)cc1,COCCOC(=O)CC(=O)C,C[Si](C)(C)Cl
4337,COCCOC(=O)C1=C(C)N(CCOC)C(=O)NC1c2ccc(cc2)C(=O)OC,0.6,1,N,33.33,COCCNC(=O)N,COC(=O)c1ccc(C=O)cc1,COCCOC(=O)CC(=O)C,C[Si](C)(C)Cl
4338,COCCOC(=O)C1=C(C)N(Cc2ccccc2)C(=O)NC1c3cccc(OC)c3OC,0.101,1,Y,37.86,NC(=O)NCc1ccccc1,COc1cccc(C=O)c1OC,COCCOC(=O)CC(=O)C,C[Si](C)(C)Cl
4339,COCCOC(=O)C1=C(C)NC(=S)NC1c2cc(OC)ccc2OC,0.103,1,Y,39.02,NC(=S)N,COc1ccc(OC)c(C=O)c1,COCCOC(=O)CC(=O)C,C[Si](C)(C)Cl
4340,COCCOC(=O)C1=C(C)NC(=S)NC1c2ccc(cc2)C(C)(C)C,0.6,1,N,79.5,NC(=S)N,CC(C)(C)c1ccc(C=O)cc1,COCCOC(=O)CC(=O)C,C[Si](C)(C)Cl
4341,COCCOC(=O)C1=C(C)NC(=S)NC1c2sc3ccccc3c2Cl,0.295,1,N,15.24,NC(=S)N,Clc1c(C=O)sc2ccccc12,COCCOC(=O)CC(=O)C,C[Si](C)(C)Cl
4342,COCCOc1ccc(cc1)C2NC(=O)NC(=C2C(=O)Nc3ccccc3C(F)(F)F)C,0.098,1,Y,25.37,NC(=O)N,COCCOc1ccc(C=O)cc1,CC(=O)CC(=O)Nc1ccccc1C(F)(F)F,C[Si](C)(C)Cl
4343,COCOC(C)c1cc(F)c(cc1Br)C2N(C)C(=O)N(C)C(=C2C(=O)Nc3ccc(F)cc3C)c4ccccc4,0.094,0,Y,0.0,CNC(=O)NC,COCOC(C)c1cc(F)c(C=O)cc1Br,Cc1cc(F)ccc1NC(=O)CC(=O)c2ccccc2,C[Si](C)(C)Cl
4344,COCOC(C)c1cc(F)c(cc1Br)C2NC(=O)N(C(=C2C(=O)OC)c3ccco3)c4cccc(Br)c4,0.114,1,Y,43.29,NC(=O)Nc1cccc(Br)c1,COCOC(C)c1cc(F)c(C=O)cc1Br,COC(=O)CC(=O)c1ccco1,C[Si](C)(C)Cl
4345,COCOC(C)c1cc(F)c(cc1Br)C2NC(=O)N(Cc3ccccc3)C(=C2C(=O)C)c4ccc(Br)cc4,0.121,1,Y,14.26,NC(=O)NCc1ccccc1,COCOC(C)c1cc(F)c(C=O)cc1Br,CC(=O)CC(=O)c1ccc(Br)cc1,C[Si](C)(C)Cl
4346,COCc1csc(c1)C2NC(=O)NC(=C2C(=O)Nc3ccccc3OC)C,0.109,1,Y,45.39,NC(=O)N,COCc1csc(C=O)c1,COc1ccccc1NC(=O)CC(=O)C,C[Si](C)(C)Cl
4347,COc1c(F)c(Br)ccc1C2NC(=O)N(C(=C2C(=O)Nc3cccc(Cl)c3)C)c4ccc5OCCCOc5c4,0.1,0,Y,0.0,NC(=O)Nc1ccc2OCCCOc2c1,COc1c(F)c(Br)ccc1C=O,CC(=O)CC(=O)Nc1cccc(Cl)c1,C[Si](C)(C)Cl
4348,COc1c(F)c(Br)ccc1C2NC(=O)N(CCc3cccs3)C(=C2C(=O)Nc4cccnc4)c5ccccc5,0.095,1,Y,10.65,NC(=O)NCCc1cccs1,COc1c(F)c(Br)ccc1C=O,O=C(CC(=O)c1ccccc1)Nc2cccnc2,C[Si](C)(C)Cl
4349,COc1cc(Br)c(C2NC(=O)N(CC3(CC(C)C)CCCC3)C(=C2C(=O)OCc4ccccc4)C)c(F)c1F,0.102,0,Y,0.0,CC(C)CC1(CNC(=O)N)CCCC1,COc1cc(Br)c(C=O)c(F)c1F,CC(=O)CC(=O)OCc1ccccc1,C[Si](C)(C)Cl
4350,COc1cc(Br)cc(c1)C2NC(=O)N(C(=C2C(=O)Nc3ccccc3OC)C)c4ccc(Br)cc4,0.109,0,N,0.0,NC(=O)Nc1ccc(Br)cc1,COc1cc(Br)cc(C=O)c1,COc1ccccc1NC(=O)CC(=O)C,C[Si](C)(C)Cl
4351,COc1cc(Br)cc(c1)C2NC(=O)N(Cc3ccc(cc3)C(=O)O)C(=C2C(=O)N(C)Cc4ccccc4Cl)C,0.098,1,Y,4.18,NC(=O)NCc1ccc(cc1)C(=O)O,COc1cc(Br)cc(C=O)c1,CN(Cc1ccccc1Cl)C(=O)CC(=O)C,C[Si](C)(C)Cl
4352,COc1cc(Cl)c(cc1OC)C2NC(=O)N(C(=C2C(=O)Nc3ccc(cc3)[N+](=O)[O-])C)c4cccc(Br)c4,0.102,0,Y,0.0,NC(=O)Nc1cccc(Br)c1,COc1cc(Cl)c(C=O)cc1OC,CC(=O)CC(=O)Nc1ccc(cc1)[N+](=O)[O-],C[Si](C)(C)Cl
4353,COc1cc(Cl)c(cc1OC)C2NC(=O)N(CC3CCCCC3)C4=C2C(=O)N(C4)c5ccc(Cl)cc5,0.102,0,N,0.0,NC(=O)NCC1CCCCC1,COc1cc(Cl)c(C=O)cc1OC,Clc1ccc(cc1)N2CC(=O)CC2=O,C[Si](C)(C)Cl
4354,COc1cc(OC)cc(Oc2ccc(cc2)C3NC(=O)N(CCC4=CCCCC4)C(=C3C(=O)Nc5ccccc5C(F)(F)F)C)c1,0.104,0,Y,0.0,NC(=O)NCCC1=CCCCC1,COc1cc(OC)cc(Oc2ccc(C=O)cc2)c1,CC(=O)CC(=O)Nc1ccccc1C(F)(F)F,C[Si](C)(C)Cl
4355,COc1cc(cc(OC)c1OC)C2=C(C(N(C)C(=O)N2C)c3ccc(Br)cc3Oc4cc(Cl)cc(Cl)c4)c5nc6ccccc6[nH]5,0.089,0,Y,0.0,CNC(=O)NC,Clc1cc(Cl)cc(Oc2cc(Br)ccc2C=O)c1,COc1cc(cc(OC)c1OC)C(=O)Cc2nc3ccccc3[nH]2,C[Si](C)(C)Cl
4356,COc1cc(cc(OC)c1OC)C2=C(C(N(C)C(=O)N2C)c3nc4cc(Br)ccc4s3)c5nc6ccccc6[nH]5,0.097,0,Y,0.0,CNC(=O)NC,Brc1ccc2sc(C=O)nc2c1,COc1cc(cc(OC)c1OC)C(=O)Cc2nc3ccccc3[nH]2,C[Si](C)(C)Cl
4357,COc1cc(cc(OC)c1OC)C2=C(C(NC(=O)N2Cc3ccc(F)cc3F)c4cc(c5cccs5)n(C)n4)c6nc7ccccc7[nH]6,0.089,0,Y,0.0,NC(=O)NCc1ccc(F)cc1F,Cn1nc(C=O)cc1c2cccs2,COc1cc(cc(OC)c1OC)C(=O)Cc2nc3ccccc3[nH]2,C[Si](C)(C)Cl
4358,COc1cc(cc(OC)c1OC)C2=C(C(NC(=O)N2Cc3ccc(F)cc3F)c4ccc(s4)c5ccccc5[N+](=O)[O-])c6nc7ccccc7[nH]6,0.109,0,Y,0.0,NC(=O)NCc1ccc(F)cc1F,[O-][N+](=O)c1ccccc1c2ccc(C=O)s2,COc1cc(cc(OC)c1OC)C(=O)Cc2nc3ccccc3[nH]2,C[Si](C)(C)Cl
4359,COc1cc(cc(OC)c1OC)C2=C(C(NC(=O)N2Cc3ccccc3)c4ccc5ccccc5c4F)c6nc7ccccc7[nH]6,0.111,1,Y,3.5,NC(=O)NCc1ccccc1,Fc1c(C=O)ccc2ccccc12,COc1cc(cc(OC)c1OC)C(=O)Cc2nc3ccccc3[nH]2,C[Si](C)(C)Cl
4360,COc1cc(cc(OC)c1OC)C2=C(C(NC(=O)N2Cc3cccs3)c4ccc5OCCOc5c4F)c6nc7ccccc7[nH]6,0.1,0,Y,0.0,NC(=O)NCc1cccs1,Fc1c(C=O)ccc2OCCOc12,COc1cc(cc(OC)c1OC)C(=O)Cc2nc3ccccc3[nH]2,C[Si](C)(C)Cl
4361,COc1cc(cc(OC)c1OC)C2=C(C(NC(=O)N2Cc3cccs3)c4cnn(Cc5ccccc5)c4Cl)c6nc7ccccc7[nH]6,0.102,0,N,0.0,NC(=O)NCc1cccs1,Clc1c(C=O)cnn1Cc2ccccc2,COc1cc(cc(OC)c1OC)C(=O)Cc2nc3ccccc3[nH]2,C[Si](C)(C)Cl
4362,COc1cc(cc(OC)c1OC)C2=C(C(NC(=O)N2c3ccc(C)c(F)c3)c4ccc(F)c(c4)c5cccs5)c6nc7ccccc7[nH]6,0.093,0,N,0.0,Cc1ccc(NC(=O)N)cc1F,Fc1ccc(C=O)cc1c2cccs2,COc1cc(cc(OC)c1OC)C(=O)Cc2nc3ccccc3[nH]2,C[Si](C)(C)Cl
4363,COc1cc(cc(OC)c1OC)C2=C(C(NC(=O)N2c3ccc(C)c(F)c3)c4ccc(c(C)c4)n5ccnc5)c6nc7ccccc7[nH]6,0.105,0,N,0.0,Cc1ccc(NC(=O)N)cc1F,Cc1cc(C=O)ccc1n2ccnc2,COc1cc(cc(OC)c1OC)C(=O)Cc2nc3ccccc3[nH]2,C[Si](C)(C)Cl
4364,COc1cc(cc(OC)c1OC)C2=C(C(NC(=O)N2c3ccc(C)c(F)c3)c4ccc(cc4)c5cnn(C)c5)c6nc7ccccc7[nH]6,0.1,0,N,0.0,Cc1ccc(NC(=O)N)cc1F,Cn1cc(cn1)c2ccc(C=O)cc2,COc1cc(cc(OC)c1OC)C(=O)Cc2nc3ccccc3[nH]2,C[Si](C)(C)Cl
4365,COc1cc(cc(OC)c1OC)C2=C(C(NC(=O)N2c3ccc(C)c(F)c3)c4cccc5COCCc45)c6nc7ccccc7[nH]6,0.101,0,N,0.0,Cc1ccc(NC(=O)N)cc1F,O=Cc1cccc2COCCc12,COc1cc(cc(OC)c1OC)C(=O)Cc2nc3ccccc3[nH]2,C[Si](C)(C)Cl
4366,COc1cc(cc(OC)c1OC)C2=C(C(NC(=O)N2c3ccc(CC(=O)O)cc3)c4ccc5oc6ccccc6c5c4)c7nc8ccccc8[nH]7,0.111,0,Y,0.0,NC(=O)Nc1ccc(CC(=O)O)cc1,O=Cc1ccc2oc3ccccc3c2c1,COc1cc(cc(OC)c1OC)C(=O)Cc2nc3ccccc3[nH]2,C[Si](C)(C)Cl
4367,COc1cc(cc(OC)c1OC)C2=C(C(NC(=O)N2c3cccc(Br)c3)c4ccc(cc4)c5cnc(s5)C(F)F)c6nc7ccccc7[nH]6,0.105,0,N,0.0,NC(=O)Nc1cccc(Br)c1,FC(F)c1ncc(s1)c2ccc(C=O)cc2,COc1cc(cc(OC)c1OC)C(=O)Cc2nc3ccccc3[nH]2,C[Si](C)(C)Cl
4368,COc1cc(cc(OC)c1OC)C2=C(C(NC(=O)N2c3cccc(Br)c3)c4ccc(cc4)n5cncn5)c6nc7ccccc7[nH]6,0.09,0,Y,0.0,NC(=O)Nc1cccc(Br)c1,O=Cc1ccc(cc1)n2cncn2,COc1cc(cc(OC)c1OC)C(=O)Cc2nc3ccccc3[nH]2,C[Si](C)(C)Cl
4369,COc1cc(cc(OC)c1OC)C2=C(C(NC(=O)N2c3cccc(Br)c3)c4ccc(cc4C)n5ccc(C)n5)c6nc7ccccc7[nH]6,0.117,0,N,0.0,NC(=O)Nc1cccc(Br)c1,Cc1ccn(n1)c2ccc(C=O)c(C)c2,COc1cc(cc(OC)c1OC)C(=O)Cc2nc3ccccc3[nH]2,C[Si](C)(C)Cl
4370,COc1cc(cc(OC)c1OC)C2=C(C(NC(=O)N2c3cccc(Br)c3)c4ccc(s4)c5ccccc5[N+](=O)[O-])c6nc7ccccc7[nH]6,0.108,0,Y,0.0,NC(=O)Nc1cccc(Br)c1,[O-][N+](=O)c1ccccc1c2ccc(C=O)s2,COc1cc(cc(OC)c1OC)C(=O)Cc2nc3ccccc3[nH]2,C[Si](C)(C)Cl
4371,COc1cc(cc(OC)c1OC)C2=C(C(NC(=O)N2c3cccc(Br)c3)c4cn(nn4)c5ccc(Cl)c(Cl)c5)c6nc7ccccc7[nH]6,0.092,0,Y,0.0,NC(=O)Nc1cccc(Br)c1,Clc1ccc(cc1Cl)n2cc(C=O)nn2,COc1cc(cc(OC)c1OC)C(=O)Cc2nc3ccccc3[nH]2,C[Si](C)(C)Cl
4372,COc1cc(cc(OC)c1OC)C2=C(C(NC(=O)N2c3cccc(Br)c3)c4sc5c(Cl)cccc5c4C)c6nc7ccccc7[nH]6,0.117,0,N,0.0,NC(=O)Nc1cccc(Br)c1,Cc1c(C=O)sc2c(Cl)cccc12,COc1cc(cc(OC)c1OC)C(=O)Cc2nc3ccccc3[nH]2,C[Si](C)(C)Cl
4373,COc1cc(cc(OC)c1OC)C2NC(=O)N(C(=C2C(=O)C)c3ccc(Br)cc3)c4cccc(Br)c4,0.096,0,N,0.0,NC(=O)Nc1cccc(Br)c1,COc1cc(C=O)cc(OC)c1OC,CC(=O)CC(=O)c1ccc(Br)cc1,C[Si](C)(C)Cl
4374,COc1cc(cc(OC)c1OC)C2NC(=O)N(C(=C2C(=O)N(C)Cc3cccc(Cl)c3)C)c4cccc(Br)c4,0.096,0,N,0.0,NC(=O)Nc1cccc(Br)c1,COc1cc(C=O)cc(OC)c1OC,CN(Cc1cccc(Cl)c1)C(=O)CC(=O)C,C[Si](C)(C)Cl
4375,COc1cc(cc(OC)c1OCC(F)F)C2NC(=O)N(C3=C2C(=O)N(Cc4ccccc4)C3)c5cccc(Br)c5,0.1,0,N,0.0,NC(=O)Nc1cccc(Br)c1,COc1cc(C=O)cc(OC)c1OCC(F)F,O=C1CN(Cc2ccccc2)C(=O)C1,C[Si](C)(C)Cl
4376,COc1cc(cc(OC)c1OCC(F)F)C2NC(=O)N(Cc3ccccc3)C(=C2C(=O)N(C)Cc4ccccc4Cl)C,0.115,1,Y,12.11,NC(=O)NCc1ccccc1,COc1cc(C=O)cc(OC)c1OCC(F)F,CN(Cc1ccccc1Cl)C(=O)CC(=O)C,C[Si](C)(C)Cl
4377,COc1cc(cc([N+](=O)[O-])c1O)C2NC(=S)NC(=C2C(=O)Nc3cc(ccc3Cl)C(F)(F)F)C,0.103,0,Y,0.0,NC(=S)N,COc1cc(C=O)cc([N+](=O)[O-])c1O,CC(=O)CC(=O)Nc1cc(ccc1Cl)C(F)(F)F,C[Si](C)(C)Cl
4378,COc1cc(ccc1OCC(=O)Nc2cccc(c2)C(F)(F)F)C3NC(=O)N(C(=C3C(=O)N(C)C)C)c4ccc(C)cc4C,0.102,0,N,0.0,Cc1ccc(NC(=O)N)c(C)c1,COc1cc(C=O)ccc1OCC(=O)Nc2cccc(c2)C(F)(F)F,CN(C)C(=O)CC(=O)C,C[Si](C)(C)Cl
4379,COc1cc(ccc1OCC2CCCO2)C3NC(=O)N(C(=C3C(=O)N(C)Cc4cccc(Cl)c4)C)c5ccc(C)c(F)c5,0.104,0,N,0.0,Cc1ccc(NC(=O)N)cc1F,COc1cc(C=O)ccc1OCC2CCCO2,CN(Cc1cccc(Cl)c1)C(=O)CC(=O)C,C[Si](C)(C)Cl
4380,COc1cc(ccc1OCC2CCCO2)C3NC(=O)N(C(=C3C(=O)Nc4ccccc4C(F)(F)F)C)c5ccc(C)cc5C,0.106,0,Y,0.0,Cc1ccc(NC(=O)N)c(C)c1,COc1cc(C=O)ccc1OCC2CCCO2,CC(=O)CC(=O)Nc1ccccc1C(F)(F)F,C[Si](C)(C)Cl
4381,COc1cc(ccc1OCC2CCCO2)C3NC(=S)NC(O)(C3C(=O)c4cccs4)C(F)(F)F,0.108,0,Y,0.0,NC(=S)N,COc1cc(C=O)ccc1OCC2CCCO2,FC(F)(F)C(=O)CC(=O)c1cccs1,C[Si](C)(C)Cl
4382,COc1cc(ccc1OCCN2CCOCC2)C3NC(=O)N(C(=C3C(=O)Nc4cc(Cl)ccc4C)C)c5cccc(Br)c5,0.119,0,Y,0.0,NC(=O)Nc1cccc(Br)c1,COc1cc(C=O)ccc1OCCN2CCOCC2,CC(=O)CC(=O)Nc1cc(Cl)ccc1C,C[Si](C)(C)Cl
4383,COc1cc(ccc1OCCN2CCOCC2)C3NC(=O)N(CC4CC4)C(=C3C(=O)Nc5ccc(F)cc5C)c6ccccc6,0.117,0,N,0.0,NC(=O)NCC1CC1,COc1cc(C=O)ccc1OCCN2CCOCC2,Cc1cc(F)ccc1NC(=O)CC(=O)c2ccccc2,C[Si](C)(C)Cl
4384,COc1cc(ccc1OCc2c(C)cc(cc2C)C(C)(C)C)C3N(C)C(=O)N(C)C(=C3C(=O)Nc4ccccc4C(F)(F)F)C,0.106,0,Y,0.0,CNC(=O)NC,COc1cc(C=O)ccc1OCc2c(C)cc(cc2C)C(C)(C)C,CC(=O)CC(=O)Nc1ccccc1C(F)(F)F,C[Si](C)(C)Cl
4385,COc1cc(ccc1OCc2c(C)cc(cc2C)C(C)(C)C)C3NC(=O)N(C4CC4)C(=C3C(=O)Nc5ccc(F)c(F)c5)C,0.106,0,Y,0.0,NC(=O)NC1CC1,COc1cc(C=O)ccc1OCc2c(C)cc(cc2C)C(C)(C)C,CC(=O)CC(=O)Nc1ccc(F)c(F)c1,C[Si](C)(C)Cl
4386,COc1cc(ccc1OCc2ccc(Br)cc2)C3NC(=O)N(CCC(C)C)C(=C3C(=O)Nc4ccc(F)c(F)c4)C,0.096,0,Y,0.0,CC(C)CCNC(=O)N,COc1cc(C=O)ccc1OCc2ccc(Br)cc2,CC(=O)CC(=O)Nc1ccc(F)c(F)c1,C[Si](C)(C)Cl
4387,COc1cc(ccc1OCc2ccc(Cl)cc2Cl)C3NC(=O)N(C(=C3C(=O)OC(C)C)C)c4cccc(Br)c4,0.125,0,N,0.0,NC(=O)Nc1cccc(Br)c1,COc1cc(C=O)ccc1OCc2ccc(Cl)cc2Cl,CC(C)OC(=O)CC(=O)C,C[Si](C)(C)Cl
4388,COc1cc(ccc1OCc2ccc(Cl)cc2Cl)C3NC(=O)N(CCC(C)C)C(=C3C(=O)Nc4cccc(Cl)c4)C,0.1,0,N,0.0,CC(C)CCNC(=O)N,COc1cc(C=O)ccc1OCc2ccc(Cl)cc2Cl,CC(=O)CC(=O)Nc1cccc(Cl)c1,C[Si](C)(C)Cl
4389,COc1cc2ccc(cc2cc1OC)C3NC(=O)N(C(=C3C(=O)Nc4c(C)cc(C)cc4Cl)c5ccccc5)c6ccc(C)c(F)c6,0.117,0,N,0.0,Cc1ccc(NC(=O)N)cc1F,COc1cc2ccc(C=O)cc2cc1OC,Cc1cc(C)c(NC(=O)CC(=O)c2ccccc2)c(Cl)c1,C[Si](C)(C)Cl
4390,COc1ccc(Br)cc1C2NC(=O)N(Cc3ccc(cc3)C(=O)O)C(=C2C(=O)N(C)Cc4cccc(Cl)c4)C,0.1,1,Y,53.62,NC(=O)NCc1ccc(cc1)C(=O)O,COc1ccc(Br)cc1C=O,CN(Cc1cccc(Cl)c1)C(=O)CC(=O)C,C[Si](C)(C)Cl
4391,COc1ccc(CCN2C3=C(C(NC2=S)c4ccc[nH]4)C(=O)OC3)cc1OC,0.1,0,N,0.0,COc1ccc(CCNC(=S)N)cc1OC,O=Cc1ccc[nH]1,O=C1COC(=O)C1,C[Si](C)(C)Cl
4392,COc1ccc(CN2C(=C(C(NC2=O)c3c(Br)cccc3Br)C(=O)Nc4cccc(c4)[N+](=O)[O-])C)c(OC)c1,0.099,0,Y,0.0,COc1ccc(CNC(=O)N)c(OC)c1,Brc1cccc(Br)c1C=O,CC(=O)CC(=O)Nc1cccc(c1)[N+](=O)[O-],C[Si](C)(C)Cl
4393,COc1ccc(CN2C(=C(C(NC2=O)c3c4OCOc4ccc3Br)C(=O)N(C)Cc5cccc(Cl)c5)C)cc1,0.107,1,Y,57.63,COc1ccc(CNC(=O)N)cc1,Brc1ccc2OCOc2c1C=O,CN(Cc1cccc(Cl)c1)C(=O)CC(=O)C,C[Si](C)(C)Cl
4394,COc1ccc(CN2C(=C(C(NC2=O)c3c4OCOc4ccc3Cl)C(=O)Nc5ccc(Cl)cc5OC)C)c(OC)c1,0.106,0,Y,0.0,COc1ccc(CNC(=O)N)c(OC)c1,Clc1ccc2OCOc2c1C=O,COc1cc(Cl)ccc1NC(=O)CC(=O)C,C[Si](C)(C)Cl
4395,COc1ccc(CN2C(=C(C(NC2=O)c3cc(Br)c(C)cc3Br)C(=O)Nc4ccc(cc4)[N+](=O)[O-])C)cc1,0.101,1,Y,12.51,COc1ccc(CNC(=O)N)cc1,Cc1cc(Br)c(C=O)cc1Br,CC(=O)CC(=O)Nc1ccc(cc1)[N+](=O)[O-],C[Si](C)(C)Cl
4396,COc1ccc(CN2C(=C(C(NC2=O)c3cc(OC(F)F)ccc3Br)C(=O)NCc4ccc(C)cc4)C)cc1,0.085,1,Y,33.05,COc1ccc(CNC(=O)N)cc1,FC(F)Oc1ccc(Br)c(C=O)c1,CC(=O)CC(=O)NCc1ccc(C)cc1,C[Si](C)(C)Cl
4397,COc1ccc(CN2C(=C(C(NC2=O)c3cc(ccc3C)C(=O)OC(C)(C)C)C(=O)Nc4cccc(c4)C(F)(F)F)C)cc1,0.104,0,Y,0.0,COc1ccc(CNC(=O)N)cc1,Cc1ccc(cc1C=O)C(=O)OC(C)(C)C,CC(=O)CC(=O)Nc1cccc(c1)C(F)(F)F,C[Si](C)(C)Cl
4398,COc1ccc(CN2C(=C(C(NC2=O)c3cc4OC(C)Cc4cc3OC)C(=O)Nc5ccccc5C(F)(F)F)C)c(OC)c1,0.089,0,N,0.0,COc1ccc(CNC(=O)N)c(OC)c1,COc1cc2CC(C)Oc2cc1C=O,CC(=O)CC(=O)Nc1ccccc1C(F)(F)F,C[Si](C)(C)Cl
4399,COc1ccc(CN2C(=C(C(NC2=O)c3ccc(Br)cc3OC4CC4)C(=O)N(C)Cc5ccccc5Cl)C)cc1,0.091,1,Y,45.92,COc1ccc(CNC(=O)N)cc1,Brc1ccc(C=O)c(OC2CC2)c1,CN(Cc1ccccc1Cl)C(=O)CC(=O)C,C[Si](C)(C)Cl
4400,COc1ccc(CN2C(=C(C(NC2=O)c3ccc(OCCC(C)C)c(OC)c3)C(=O)Nc4ccccc4C(F)(F)F)C)cc1,0.098,0,N,0.0,COc1ccc(CNC(=O)N)cc1,COc1cc(C=O)ccc1OCCC(C)C,CC(=O)CC(=O)Nc1ccccc1C(F)(F)F,C[Si](C)(C)Cl
4401,COc1ccc(CN2C(=C(C(NC2=O)c3ccc(Oc4ccc(F)c(C)c4)cc3Cl)C(=O)N5CCCCCC5)C)c(OC)c1,0.144,1,Y,6.45,COc1ccc(CNC(=O)N)c(OC)c1,Cc1cc(Oc2ccc(C=O)c(Cl)c2)ccc1F,CC(=O)CC(=O)N1CCCCCC1,C[Si](C)(C)Cl
4402,COc1ccc(CN2C(=C(C(NC2=O)c3ccc(cc3)C(=O)N4CCOCC4)C(=O)Nc5cccc(c5)C(F)(F)F)C)cc1,0.095,1,Y,9.04,COc1ccc(CNC(=O)N)cc1,O=Cc1ccc(cc1)C(=O)N2CCOCC2,CC(=O)CC(=O)Nc1cccc(c1)C(F)(F)F,C[Si](C)(C)Cl
4403,COc1ccc(CN2C(=C(C(NC2=O)c3cccc(OCC4CCCCC4)c3)C(=O)Nc5ccc(F)c(F)c5)C)c(OC)c1,0.111,0,Y,0.0,COc1ccc(CNC(=O)N)c(OC)c1,O=Cc1cccc(OCC2CCCCC2)c1,CC(=O)CC(=O)Nc1ccc(F)c(F)c1,C[Si](C)(C)Cl
4404,COc1ccc(CN2C(=C(C(NC2=O)c3cn(Cc4ccccc4)nc3c5ccc6OCCCOc6c5)C(=O)Nc7ccccc7C(F)(F)F)C)c(OC)c1,0.1,0,N,0.0,COc1ccc(CNC(=O)N)c(OC)c1,O=Cc1cn(Cc2ccccc2)nc1c3ccc4OCCCOc4c3,CC(=O)CC(=O)Nc1ccccc1C(F)(F)F,C[Si](C)(C)Cl
4405,COc1ccc(CN2C(=C(C(NC2=O)c3cn(nc3c4cc5ccccc5oc4=O)c6ccccc6)C(=O)Nc7ccccc7C(F)(F)F)C)cc1,0.115,1,Y,2.26,COc1ccc(CNC(=O)N)cc1,O=Cc1cn(nc1c2cc3ccccc3oc2=O)c4ccccc4,CC(=O)CC(=O)Nc1ccccc1C(F)(F)F,C[Si](C)(C)Cl
4406,COc1ccc(CN2C(=O)NC(C(=C2c3cc(OC)c(OC)c(OC)c3)c4nc5ccccc5[nH]4)c6c(Cl)oc7ccccc67)cc1,0.101,0,N,0.0,COc1ccc(CNC(=O)N)cc1,Clc1oc2ccccc2c1C=O,COc1cc(cc(OC)c1OC)C(=O)Cc2nc3ccccc3[nH]2,C[Si](C)(C)Cl
4407,COc1ccc(CN2C(=O)NC(C(=C2c3cc(OC)c(OC)c(OC)c3)c4nc5ccccc5[nH]4)c6ccc(s6)c7ccccc7Br)c(OC)c1,0.094,0,N,0.0,COc1ccc(CNC(=O)N)c(OC)c1,Brc1ccccc1c2ccc(C=O)s2,COc1cc(cc(OC)c1OC)C(=O)Cc2nc3ccccc3[nH]2,C[Si](C)(C)Cl
4408,COc1ccc(CN2C(=O)NC(C(=C2c3cc(OC)c(OC)c(OC)c3)c4nc5ccccc5[nH]4)c6ccnn6c7ccc(F)cc7)cc1,0.094,0,Y,0.0,COc1ccc(CNC(=O)N)cc1,Fc1ccc(cc1)n2nccc2C=O,COc1cc(cc(OC)c1OC)C(=O)Cc2nc3ccccc3[nH]2,C[Si](C)(C)Cl
4409,COc1ccc(CN2C(=O)NC(C(=C2c3ccc(Br)cc3)C(=O)C)c4cc(C)ccc4OC(F)F)c(OC)c1,0.102,1,Y,20.03,COc1ccc(CNC(=O)N)c(OC)c1,Cc1ccc(OC(F)F)c(C=O)c1,CC(=O)CC(=O)c1ccc(Br)cc1,C[Si](C)(C)Cl
4410,COc1ccc(CN2C(=O)NC(C(=C2c3ccc(Br)cc3)C(=O)C)c4ccc(cc4Cl)[N+](=O)[O-])c(OC)c1,0.104,0,N,0.0,COc1ccc(CNC(=O)N)c(OC)c1,[O-][N+](=O)c1ccc(C=O)c(Cl)c1,CC(=O)CC(=O)c1ccc(Br)cc1,C[Si](C)(C)Cl
4411,COc1ccc(CN2C(=O)NC(C(=C2c3ccc(Br)cc3)C(=O)C)c4ccc5N(C)C(=O)CCc5c4)c(OC)c1,0.098,0,N,0.0,COc1ccc(CNC(=O)N)c(OC)c1,CN1C(=O)CCc2cc(C=O)ccc12,CC(=O)CC(=O)c1ccc(Br)cc1,C[Si](C)(C)Cl
4412,COc1ccc(CN2C(=O)NC(C(=C2c3ccc(Br)cc3)c4nc5ccccc5[nH]4)c6ccc(C)c7cccnc67)c(OC)c1,0.103,0,N,0.0,COc1ccc(CNC(=O)N)c(OC)c1,Cc1ccc(C=O)c2ncccc12,Brc1ccc(cc1)C(=O)Cc2nc3ccccc3[nH]2,C[Si](C)(C)Cl
4413,COc1ccc(CN2C(=O)NC(C(=C2c3ccc(Br)cc3)c4nc5ccccc5[nH]4)c6ccc(Sc7nc8ccccc8s7)c(c6)[N+](=O)[O-])cc1,0.101,0,N,0.0,COc1ccc(CNC(=O)N)cc1,[O-][N+](=O)c1cc(C=O)ccc1Sc2nc3ccccc3s2,Brc1ccc(cc1)C(=O)Cc2nc3ccccc3[nH]2,C[Si](C)(C)Cl
4414,COc1ccc(CN2C(=O)NC(C(=C2c3ccc(Br)cc3)c4nc5ccccc5[nH]4)c6ccc(nc6)N7CCOCC7)c(OC)c1,0.088,0,N,0.0,COc1ccc(CNC(=O)N)c(OC)c1,O=Cc1ccc(nc1)N2CCOCC2,Brc1ccc(cc1)C(=O)Cc2nc3ccccc3[nH]2,C[Si](C)(C)Cl
4415,COc1ccc(CN2C(=O)NC(C(=C2c3ccc(Br)cc3)c4nc5ccccc5[nH]4)c6ccc(s6)c7ccc(cc7)[N+](=O)[O-])c(OC)c1,0.111,0,N,0.0,COc1ccc(CNC(=O)N)c(OC)c1,[O-][N+](=O)c1ccc(cc1)c2ccc(C=O)s2,Brc1ccc(cc1)C(=O)Cc2nc3ccccc3[nH]2,C[Si](C)(C)Cl
4416,COc1ccc(CN2C(=O)NC(C(=C2c3ccc(Br)cc3)c4nc5ccccc5[nH]4)c6cccc7nc(sc67)C(F)F)c(OC)c1,0.106,0,N,0.0,COc1ccc(CNC(=O)N)c(OC)c1,FC(F)c1nc2cccc(C=O)c2s1,Brc1ccc(cc1)C(=O)Cc2nc3ccccc3[nH]2,C[Si](C)(C)Cl
4417,COc1ccc(CN2C(=O)NC(C(=C2c3ccccc3)C(=O)Nc4c(C)cc(C)cc4Cl)c5c(F)cncc5N(C)C)cc1,0.095,1,Y,7.27,COc1ccc(CNC(=O)N)cc1,CN(C)c1cncc(F)c1C=O,Cc1cc(C)c(NC(=O)CC(=O)c2ccccc2)c(Cl)c1,C[Si](C)(C)Cl
4418,COc1ccc(CN2C(=O)NC(C(=C2c3ccccc3)C(=O)Nc4ccc(F)cc4C)c5cnn(C)c5Br)cc1,0.106,1,Y,5.76,COc1ccc(CNC(=O)N)cc1,Cn1ncc(C=O)c1Br,Cc1cc(F)ccc1NC(=O)CC(=O)c2ccccc2,C[Si](C)(C)Cl
4419,COc1ccc(CN2C(=O)NC(C(=C2c3ccccc3)C(=O)Nc4ccc5OCCOc5c4)c6ccc(Oc7ccc(cc7)C(C)(C)C)c(c6)[N+](=O)[O-])c(OC)c1,0.095,1,Y,12.73,COc1ccc(CNC(=O)N)c(OC)c1,CC(C)(C)c1ccc(Oc2ccc(C=O)cc2[N+](=O)[O-])cc1,O=C(CC(=O)c1ccccc1)Nc2ccc3OCCOc3c2,C[Si](C)(C)Cl
4420,COc1ccc(CN2C(=O)NC(C(=C2c3ccccc3)C(=O)Nc4ccc5OCCOc5c4)c6cn(nn6)c7ccccc7Br)c(OC)c1,0.105,0,Y,0.0,COc1ccc(CNC(=O)N)c(OC)c1,Brc1ccccc1n2cc(C=O)nn2,O=C(CC(=O)c1ccccc1)Nc2ccc3OCCOc3c2,C[Si](C)(C)Cl
4421,COc1ccc(CN2C(=O)NC(C(=C2c3ccccc3)C(=O)Nc4ccc5OCCOc5c4)c6cnn(c6Cl)c7ccccc7)c(OC)c1,0.108,1,Y,2.12,COc1ccc(CNC(=O)N)c(OC)c1,Clc1c(C=O)cnn1c2ccccc2,O=C(CC(=O)c1ccccc1)Nc2ccc3OCCOc3c2,C[Si](C)(C)Cl
4422,COc1ccc(CN2C(=O)NC(C(=C2c3ccccc3)C(=O)Nc4ccc5OCCOc5c4)c6nc(cs6)c7cc(Cl)ccc7Cl)c(OC)c1,0.119,1,Y,4.05,COc1ccc(CNC(=O)N)c(OC)c1,Clc1ccc(Cl)c(c1)c2csc(C=O)n2,O=C(CC(=O)c1ccccc1)Nc2ccc3OCCOc3c2,C[Si](C)(C)Cl
4423,COc1ccc(CN2C(=O)NC(C(=C2c3ccccc3)C(=O)Nc4ccc5OCCOc5c4)c6sc7c(Cl)cccc7c6C)c(OC)c1,0.101,0,Y,0.0,COc1ccc(CNC(=O)N)c(OC)c1,Cc1c(C=O)sc2c(Cl)cccc12,O=C(CC(=O)c1ccccc1)Nc2ccc3OCCOc3c2,C[Si](C)(C)Cl
4424,COc1ccc(CN2C(=O)NC(C(=C2c3ccccc3)C(=O)Nc4cccc(OC)c4)c5ccc6oc7ccccc7c6c5)cc1,0.091,1,Y,9.17,COc1ccc(CNC(=O)N)cc1,O=Cc1ccc2oc3ccccc3c2c1,COc1cccc(NC(=O)CC(=O)c2ccccc2)c1,C[Si](C)(C)Cl
4425,COc1ccc(CN2C(=O)NC(C(=C2c3ccccc3)C(=O)Nc4ccccc4)c5cn(C)nc5Br)c(OC)c1,0.097,0,N,0.0,COc1ccc(CNC(=O)N)c(OC)c1,Cn1cc(C=O)c(Br)n1,O=C(CC(=O)c1ccccc1)Nc2ccccc2,C[Si](C)(C)Cl
4426,COc1ccc(CN2C(=O)NC(C(=C2c3cccs3)c4nc5ccccc5[nH]4)c6ccc(Sc7nc8ccccc8s7)c(c6)[N+](=O)[O-])c(OC)c1,0.098,0,N,0.0,COc1ccc(CNC(=O)N)c(OC)c1,[O-][N+](=O)c1cc(C=O)ccc1Sc2nc3ccccc3s2,O=C(Cc1nc2ccccc2[nH]1)c3cccs3,C[Si](C)(C)Cl
4427,COc1ccc(CN2C(=O)NC(C(=C2c3cccs3)c4nc5ccccc5[nH]4)c6cccc(OCc7ccc(Cl)cc7)c6)c(OC)c1,0.103,0,Y,0.0,COc1ccc(CNC(=O)N)c(OC)c1,Clc1ccc(COc2cccc(C=O)c2)cc1,O=C(Cc1nc2ccccc2[nH]1)c3cccs3,C[Si](C)(C)Cl
4428,COc1ccc(CN2C(=O)NC(C(C(=O)c3ccccc3C)C2(O)C(F)(F)F)c4ccccc4C(=O)N5CCCCC5)cc1,0.089,0,Y,0.0,COc1ccc(CNC(=O)N)cc1,O=Cc1ccccc1C(=O)N2CCCCC2,[Na+].Cc1ccccc1C(=O)C=C([O-])C(F)(F)F,C[Si](C)(C)Cl
4429,COc1ccc(CN2C(=O)NC(C3=C2CCN(Cc4ccccc4)C3=O)c5cc(Br)cc6CCCOc56)c(OC)c1,0.099,1,Y,4.95,COc1ccc(CNC(=O)N)c(OC)c1,Brc1cc(C=O)c2OCCCc2c1,O=C1CCN(Cc2ccccc2)C(=O)C1,C[Si](C)(C)Cl
4430,COc1ccc(CN2C(=O)NC(C3=C2CCN(Cc4ccccc4)C3=O)c5ccccc5Oc6ccc(Br)cc6F)cc1,0.124,1,Y,7.03,COc1ccc(CNC(=O)N)cc1,Fc1cc(Br)ccc1Oc2ccccc2C=O,O=C1CCN(Cc2ccccc2)C(=O)C1,C[Si](C)(C)Cl
4431,COc1ccc(Cl)cc1NC(=O)C2=C(C)N(C(=O)NC2c3ccc(cc3)N(c4ccccc4)c5ccccc5)c6ccc(C)c(F)c6,0.103,0,N,0.0,Cc1ccc(NC(=O)N)cc1F,O=Cc1ccc(cc1)N(c2ccccc2)c3ccccc3,COc1ccc(Cl)cc1NC(=O)CC(=O)C,C[Si](C)(C)Cl
4432,COc1ccc(Cl)cc1NC(=O)C2=C(C)N(C(=O)NC2c3ccc4N(C)C(=O)CCc4c3)c5cccc(Br)c5,0.101,0,N,0.0,NC(=O)Nc1cccc(Br)c1,CN1C(=O)CCc2cc(C=O)ccc12,COc1ccc(Cl)cc1NC(=O)CC(=O)C,C[Si](C)(C)Cl
4433,COc1ccc(Cl)cc1NC(=O)C2=C(C)N(C)C(=O)N(C)C2c3cc(Br)ccc3F,0.103,0,Y,0.0,CNC(=O)NC,Fc1ccc(Br)cc1C=O,COc1ccc(Cl)cc1NC(=O)CC(=O)C,C[Si](C)(C)Cl
4434,COc1ccc(Cl)cc1NC(=O)C2=C(C)N(CCC(C)C)C(=O)NC2c3cc(ccc3F)C(C)(C)OCc4ccccc4,0.12,1,Y,8.12,CC(C)CCNC(=O)N,CC(C)(OCc1ccccc1)c2ccc(F)c(C=O)c2,COc1ccc(Cl)cc1NC(=O)CC(=O)C,C[Si](C)(C)Cl
4435,COc1ccc(Cl)cc1NC(=O)C2=C(C)N(CCC(C)C)C(=O)NC2c3ccc(Br)cc3Oc4ccc(C)cc4,0.102,1,Y,6.69,CC(C)CCNC(=O)N,Cc1ccc(Oc2cc(Br)ccc2C=O)cc1,COc1ccc(Cl)cc1NC(=O)CC(=O)C,C[Si](C)(C)Cl
4436,COc1ccc(Cl)cc1NC(=O)C2=C(C)NC(=O)NC2c3cccc(OC)c3OC,0.102,1,Y,29.55,NC(=O)N,COc1cccc(C=O)c1OC,COc1ccc(Cl)cc1NC(=O)CC(=O)C,C[Si](C)(C)Cl
4437,COc1ccc(Cn2cc(nn2)C3NC(=O)N(C(=C3C(=O)NCc4ccc(C)cc4)C)c5cccc(Br)c5)cc1,0.1,0,Y,0.0,NC(=O)Nc1cccc(Br)c1,COc1ccc(Cn2cc(C=O)nn2)cc1,CC(=O)CC(=O)NCc1ccc(C)cc1,C[Si](C)(C)Cl
4438,COc1ccc(Cn2cc(nn2)C3NC(=O)N(C(=C3C(=O)NCc4ccc(C)cc4)C)c5cccc(Br)c5)cc1,0.093,0,N,0.0,NC(=O)Nc1cccc(Br)c1,COc1ccc(Cn2cc(C=O)nn2)cc1,CC(=O)CC(=O)NCc1ccc(C)cc1,C[Si](C)(C)Cl
4439,COc1ccc(NC(=O)C2=C(C)N(C(=O)NC2c3cc(Br)cc4CCCOc34)c5ccc(C)c(F)c5)c(OC)c1,0.103,0,N,0.0,Cc1ccc(NC(=O)N)cc1F,Brc1cc(C=O)c2OCCCc2c1,COc1ccc(NC(=O)CC(=O)C)c(OC)c1,C[Si](C)(C)Cl
4440,COc1ccc(NC(=O)C2=C(C)N(C(=O)NC2c3ccc(Cn4cc(Br)cn4)cc3)c5ccc(C)c(F)c5)c(OC)c1,0.103,0,N,0.0,Cc1ccc(NC(=O)N)cc1F,Brc1cnn(Cc2ccc(C=O)cc2)c1,COc1ccc(NC(=O)CC(=O)C)c(OC)c1,C[Si](C)(C)Cl
4441,COc1ccc(NC(=O)C2=C(C)N(C(=O)NC2c3ccc4OC(C)(C)C=Cc4c3)c5cccc(Br)c5)c(OC)c1,0.106,0,N,0.0,NC(=O)Nc1cccc(Br)c1,CC1(C)Oc2ccc(C=O)cc2C=C1,COc1ccc(NC(=O)CC(=O)C)c(OC)c1,C[Si](C)(C)Cl
4442,COc1ccc(NC(=O)C2=C(C)N(C(=O)NC2c3cnn(Cc4ccccc4)c3Cl)c5cccc(Br)c5)c(OC)c1,0.103,0,N,0.0,NC(=O)Nc1cccc(Br)c1,Clc1c(C=O)cnn1Cc2ccccc2,COc1ccc(NC(=O)CC(=O)C)c(OC)c1,C[Si](C)(C)Cl
4443,COc1ccc(NC(=O)C2=C(C)N(C(=S)NC2c3cnn4ccccc34)c5ccccc5F)cc1,0.104,0,Y,0.0,NC(=S)Nc1ccccc1F,O=Cc1cnn2ccccc12,COc1ccc(NC(=O)CC(=O)C)cc1,C[Si](C)(C)Cl
4444,COc1ccc(NC(=O)C2=C(C)N(C)C(=O)N(C)C2c3ccc(SC)c(OC)c3)cc1,0.101,1,Y,11.07,CNC(=O)NC,COc1cc(C=O)ccc1SC,COc1ccc(NC(=O)CC(=O)C)cc1,C[Si](C)(C)Cl
4445,COc1ccc(NC(=O)C2=C(C)N(C)C(=O)NC2c3ccc(OCC(=O)O)cc3)c(OC)c1,0.09,0,Y,0.0,CNC(=O)N,OC(=O)COc1ccc(C=O)cc1,COc1ccc(NC(=O)CC(=O)C)c(OC)c1,C[Si](C)(C)Cl
4446,COc1ccc(NC(=O)C2=C(C)N(C3CC3)C(=O)NC2c4ccc(Br)cc4Oc5ccc(F)c(Cl)c5)c(OC)c1,0.115,1,Y,5.81,NC(=O)NC1CC1,Fc1ccc(Oc2cc(Br)ccc2C=O)cc1Cl,COc1ccc(NC(=O)CC(=O)C)c(OC)c1,C[Si](C)(C)Cl
4447,COc1ccc(NC(=O)C2=C(C)N(C3CC3)C(=S)NC2c4ccn(C)c4)cc1,0.295,0,N,0.0,NC(=S)NC1CC1,Cn1ccc(C=O)c1,COc1ccc(NC(=O)CC(=O)C)cc1,C[Si](C)(C)Cl
4448,COc1ccc(NC(=O)C2=C(C)N(C3CC3)C(=S)NC2c4ccn(C)c4)cc1,0.596,0,N,0.0,NC(=S)NC1CC1,Cn1ccc(C=O)c1,COc1ccc(NC(=O)CC(=O)C)cc1,C[Si](C)(C)Cl
4449,COc1ccc(NC(=O)C2=C(C)NC(=O)NC2c3cccc(OC)c3OC)c(OC)c1,0.108,1,Y,29.12,NC(=O)N,COc1cccc(C=O)c1OC,COc1ccc(NC(=O)CC(=O)C)c(OC)c1,C[Si](C)(C)Cl
4450,COc1ccc(NC(=O)C2=C(C)NC(=S)NC2c3cc(Br)ccc3F)c(OC)c1,0.202,0,N,0.0,NC(=S)N,Fc1ccc(Br)cc1C=O,COc1ccc(NC(=O)CC(=O)C)c(OC)c1,C[Si](C)(C)Cl
4451,COc1ccc(NC(=O)C2=C(C)NC(=S)NC2c3ccccc3OCC=C)c(OC)c1,0.099,1,Y,39.45,NC(=S)N,C=CCOc1ccccc1C=O,COc1ccc(NC(=O)CC(=O)C)c(OC)c1,C[Si](C)(C)Cl
4452,COc1ccc(OC)c(NC(=O)C2=C(C)N(C(=O)NC2c3ccc(cc3)c4cnn(C)c4)c5ccc(Br)cc5)c1,0.099,0,N,0.0,NC(=O)Nc1ccc(Br)cc1,Cn1cc(cn1)c2ccc(C=O)cc2,COc1ccc(OC)c(NC(=O)CC(=O)C)c1,C[Si](C)(C)Cl
4453,COc1ccc(OC)c(NC(=O)C2=C(C)N(C(=O)NC2c3ccc4n(Cc5ccccc5)c6ccccc6c4c3)c7ccc(C)c(F)c7)c1,0.106,0,N,0.0,Cc1ccc(NC(=O)N)cc1F,O=Cc1ccc2n(Cc3ccccc3)c4ccccc4c2c1,COc1ccc(OC)c(NC(=O)CC(=O)C)c1,C[Si](C)(C)Cl
4454,COc1ccc(OC)c(NC(=O)C2=C(C)N(C(=O)NC2c3cccc(OCC(C)(C)C)c3)c4cccc(Br)c4)c1,0.118,0,N,0.0,NC(=O)Nc1cccc(Br)c1,CC(C)(C)COc1cccc(C=O)c1,COc1ccc(OC)c(NC(=O)CC(=O)C)c1,C[Si](C)(C)Cl
4455,COc1ccc(OC)c(NC(=O)C2=C(C)N(C(=O)NC2c3cn(nc3c4cc5ccccc5oc4=O)c6ccccc6)c7cccc(Br)c7)c1,0.113,0,N,0.0,NC(=O)Nc1cccc(Br)c1,O=Cc1cn(nc1c2cc3ccccc3oc2=O)c4ccccc4,COc1ccc(OC)c(NC(=O)CC(=O)C)c1,C[Si](C)(C)Cl
4456,COc1ccc(OC)c(NC(=O)C2=C(C)N(C(=O)NC2c3cnn(Cc4ccc(F)cc4)c3)c5cccc(Br)c5)c1,0.102,0,Y,0.0,NC(=O)Nc1cccc(Br)c1,Fc1ccc(Cn2cc(C=O)cn2)cc1,COc1ccc(OC)c(NC(=O)CC(=O)C)c1,C[Si](C)(C)Cl
4457,COc1ccc(OC)c(NC(=O)C2=C(C)N(C)C(=O)NC2c3cccc(c3)C(F)(F)F)c1,0.111,0,Y,0.0,CNC(=O)N,FC(F)(F)c1cccc(C=O)c1,COc1ccc(OC)c(NC(=O)CC(=O)C)c1,C[Si](C)(C)Cl
4458,COc1ccc(OC)c(NC(=O)C2=C(C)N(C3CC3)C(=O)NC2c4ccc(OCc5cn6cccc(C)c6n5)cc4)c1,0.1,0,Y,0.0,NC(=O)NC1CC1,Cc1cccn2cc(COc3ccc(C=O)cc3)nc12,COc1ccc(OC)c(NC(=O)CC(=O)C)c1,C[Si](C)(C)Cl
4459,COc1ccc(OC)c(NC(=O)C2=C(C)N(CC3CCCCC3)C(=O)NC2c4cc(Br)cc(C)c4OC(F)F)c1,0.103,1,Y,5.64,NC(=O)NCC1CCCCC1,Cc1cc(Br)cc(C=O)c1OC(F)F,COc1ccc(OC)c(NC(=O)CC(=O)C)c1,C[Si](C)(C)Cl
4460,COc1ccc(OC)c(NC(=O)C2=C(C)N(CC3CCCCC3)C(=O)NC2c4ccc(Cl)cc4Oc5ccc(C)cc5C)c1,0.096,0,Y,0.0,NC(=O)NCC1CCCCC1,Cc1ccc(Oc2cc(Cl)ccc2C=O)c(C)c1,COc1ccc(OC)c(NC(=O)CC(=O)C)c1,C[Si](C)(C)Cl
4461,COc1ccc(OC)c(NC(=O)C2=C(C)N(CC3CCCCC3)C(=O)NC2c4ccc(s4)c5ccc(Cl)c(Cl)c5)c1,0.099,0,N,0.0,NC(=O)NCC1CCCCC1,Clc1ccc(cc1Cl)c2ccc(C=O)s2,COc1ccc(OC)c(NC(=O)CC(=O)C)c1,C[Si](C)(C)Cl
4462,COc1ccc(OC)c(NC(=O)C2=C(C)N(CC3CCCO3)C(=O)NC2c4ccc(cc4)c5ccccc5Br)c1,0.1,0,Y,0.0,NC(=O)NCC1CCCO1,Brc1ccccc1c2ccc(C=O)cc2,COc1ccc(OC)c(NC(=O)CC(=O)C)c1,C[Si](C)(C)Cl
4463,COc1ccc(OC)c(NC(=O)C2=C(C)N(CC3CCCO3)C(=O)NC2c4ccc(cc4)c5ccccc5Br)c1,0.1,0,Y,0.0,NC(=O)NCC1CCCO1,Brc1ccccc1c2ccc(C=O)cc2,COc1ccc(OC)c(NC(=O)CC(=O)C)c1,C[Si](C)(C)Cl
4464,COc1ccc(OC)c(NC(=O)C2=C(C)N(CCc3cccs3)C(=O)NC2c4ccc5n(Cc6ccccc6)c7ccccc7c5c4)c1,0.115,0,N,0.0,NC(=O)NCCc1cccs1,O=Cc1ccc2n(Cc3ccccc3)c4ccccc4c2c1,COc1ccc(OC)c(NC(=O)CC(=O)C)c1,C[Si](C)(C)Cl
4465,COc1ccc(OC)c(NC(=O)C2=C(C)N(Cc3ccc(F)cc3F)C(=O)NC2c4ccc(cc4Br)C(C)(C)C)c1,0.099,1,Y,7.15,NC(=O)NCc1ccc(F)cc1F,CC(C)(C)c1ccc(C=O)c(Br)c1,COc1ccc(OC)c(NC(=O)CC(=O)C)c1,C[Si](C)(C)Cl
4466,COc1ccc(OC)c(NC(=O)C2=C(C)N(Cc3cccs3)C(=O)NC2c4cnn(c4)c5ccc(Br)cc5)c1,0.098,0,Y,0.0,NC(=O)NCc1cccs1,Brc1ccc(cc1)n2cc(C=O)cn2,COc1ccc(OC)c(NC(=O)CC(=O)C)c1,C[Si](C)(C)Cl
4467,COc1ccc(OC)c(NC(=O)C2=C(C)NC(=O)NC2c3ccc(OCCC(=O)O)cc3)c1,0.104,1,Y,9.42,NC(=O)N,OC(=O)CCOc1ccc(C=O)cc1,COc1ccc(OC)c(NC(=O)CC(=O)C)c1,C[Si](C)(C)Cl
4468,COc1ccc(OC)c(NC(=O)C2=C(C)NC(=O)NC2c3ccc4OC(C)(C)Cc4c3)c1,0.095,1,Y,35.69,NC(=O)N,CC1(C)Cc2cc(C=O)ccc2O1,COc1ccc(OC)c(NC(=O)CC(=O)C)c1,C[Si](C)(C)Cl
4469,COc1ccc(OC)c(NC(=O)C2=C(C)NC(=O)NC2c3cccc(OC4CCCC4)c3)c1,0.097,1,Y,55.61,NC(=O)N,O=Cc1cccc(OC2CCCC2)c1,COc1ccc(OC)c(NC(=O)CC(=O)C)c1,C[Si](C)(C)Cl
4470,COc1ccc(Oc2ccc(cc2[N+](=O)[O-])C3NC(=O)N(Cc4ccc(OC)cc4OC)C(=C3c5nc6ccccc6[nH]5)c7ccc(Br)cc7)cc1,0.107,0,N,0.0,COc1ccc(CNC(=O)N)c(OC)c1,COc1ccc(Oc2ccc(C=O)cc2[N+](=O)[O-])cc1,Brc1ccc(cc1)C(=O)Cc2nc3ccccc3[nH]2,C[Si](C)(C)Cl
4471,COc1ccc(cc1)C2NC(=O)NC=C2C#N,0.3,0,N,0.0,NC(=O)N,COc1ccc(C=O)cc1,CN(C)C=CC#N,C[Si](C)(C)Cl
4472,COc1ccc(cc1)C2NC(=O)NC=C2C(=O)C(F)(F)F,0.296,1,N,15.18,NC(=O)N,COc1ccc(C=O)cc1,CN(C)C=CC(=O)C(F)(F)F,C[Si](C)(C)Cl
4473,COc1ccc(cc1)C2NC(=O)NC=C2C(=O)C3CC3,0.297,1,N,1.69,NC(=O)N,COc1ccc(C=O)cc1,CN(C)C=CC(=O)C1CC1,C[Si](C)(C)Cl
4474,COc1ccc(cc1)C2NC(=O)NC=C2C(=O)c3cc(F)cc(F)c3,0.302,0,N,0.0,NC(=O)N,COc1ccc(C=O)cc1,CN(C)C=CC(=O)c1cc(F)cc(F)c1,C[Si](C)(C)Cl
4475,COc1ccc(cc1)C2NC(=O)NC=C2C(=O)c3cccnc3,0.306,0,N,0.0,NC(=O)N,COc1ccc(C=O)cc1,CN(C)C=CC(=O)c1cccnc1,C[Si](C)(C)Cl
4476,COc1ccc(cc1)C2NC(=O)NC=C2C=O,0.305,0,N,0.0,NC(=O)N,COc1ccc(C=O)cc1,CN(C)C=CC=O,C[Si](C)(C)Cl
4477,COc1ccc(cc1)C2NC(=O)NC=C2c3c(Br)cnc(OC)c3[N+](=O)[O-],0.295,0,N,0.0,NC(=O)N,COc1ccc(C=O)cc1,COc1ncc(Br)c(C=CN(C)C)c1[N+](=O)[O-],C[Si](C)(C)Cl
4478,COc1ccc(cc1)C2NC(=O)NC=C2c3ccncn3,0.301,0,N,0.0,NC(=O)N,COc1ccc(C=O)cc1,CN(C)C=Cc1ccncn1,C[Si](C)(C)Cl
4479,COc1ccc(cc1)C2NC(=O)NC=C2c3nc4ccccc4s3,0.296,1,N,7.77,NC(=O)N,COc1ccc(C=O)cc1,CN(C)C=Cc1nc2ccccc2s1,C[Si](C)(C)Cl
4480,COc1ccc(cc1)C2NC(=S)N(C)C(=C2C(=O)Nc3ccccc3C)C,0.607,0,N,0.0,CNC(=S)N,COc1ccc(C=O)cc1,CC(=O)CC(=O)Nc1ccccc1C,C[Si](C)(C)Cl
4481,COc1ccc(cc1)C2NC(=S)N(C)C(=C2C(=O)Nc3ccccc3C)C,0.236,0,N,0.0,CNC(=S)N,COc1ccc(C=O)cc1,CC(=O)CC(=O)Nc1ccccc1C,C[Si](C)(C)Cl
4482,COc1ccc(cc1)C2NC(=S)N(C)C(=C2C(=O)Nc3ccccc3C)C,0.339,0,N,0.0,CNC(=S)N,COc1ccc(C=O)cc1,CC(=O)CC(=O)Nc1ccccc1C,C[Si](C)(C)Cl
4483,COc1ccc(cc1)c2nc(cs2)C3NC(=O)N(Cc4cccs4)C(=C3c5nc6ccccc6[nH]5)c7ccc(Br)cc7,0.111,0,N,0.0,NC(=O)NCc1cccs1,COc1ccc(cc1)c2nc(C=O)cs2,Brc1ccc(cc1)C(=O)Cc2nc3ccccc3[nH]2,C[Si](C)(C)Cl
4484,COc1ccc(cc1)c2nn(Cc3ccccc3)cc2C4NC(=O)N(C(=C4C(=O)N(C)C)C)c5cccc(Br)c5,0.089,0,N,0.0,NC(=O)Nc1cccc(Br)c1,COc1ccc(cc1)c2nn(Cc3ccccc3)cc2C=O,CN(C)C(=O)CC(=O)C,C[Si](C)(C)Cl
4485,COc1ccc(cc1C2NC(=O)N(C(=C2C(=O)Nc3ccc(C)c(Cl)c3)C)c4cccc(Br)c4)c5cncnc5,0.089,0,N,0.0,NC(=O)Nc1cccc(Br)c1,COc1ccc(cc1C=O)c2cncnc2,CC(=O)CC(=O)Nc1ccc(C)c(Cl)c1,C[Si](C)(C)Cl
4486,COc1ccc(cc1C2NC(=O)N(C(=C2c3nc4ccccc4[nH]3)c5cc(OC)c(OC)c(OC)c5)c6cccc(Br)c6)c7cncnc7,0.097,0,N,0.0,NC(=O)Nc1cccc(Br)c1,COc1ccc(cc1C=O)c2cncnc2,COc1cc(cc(OC)c1OC)C(=O)Cc2nc3ccccc3[nH]2,C[Si](C)(C)Cl
4487,COc1ccc(cc1C2NC(=O)N(Cc3ccc(F)cc3F)C(=C2C(=O)Nc4ccc(Cl)cc4OC)C)c5ccncc5,0.113,0,Y,0.0,NC(=O)NCc1ccc(F)cc1F,COc1ccc(cc1C=O)c2ccncc2,COc1cc(Cl)ccc1NC(=O)CC(=O)C,C[Si](C)(C)Cl
4488,COc1ccc(cc1C2NC(=O)NC(=C2C(=O)Nc3ccc(F)cc3)C)c4ccncc4,0.102,1,Y,3.64,NC(=O)N,COc1ccc(cc1C=O)c2ccncc2,CC(=O)CC(=O)Nc1ccc(F)cc1,C[Si](C)(C)Cl
4489,COc1ccc(cc1Cn2cccn2)C3NC(=O)N(C(=C3c4nc5ccccc5[nH]4)c6cc(OC)c(OC)c(OC)c6)c7cccc(Br)c7,0.09,0,N,0.0,NC(=O)Nc1cccc(Br)c1,COc1ccc(C=O)cc1Cn2cccn2,COc1cc(cc(OC)c1OC)C(=O)Cc2nc3ccccc3[nH]2,C[Si](C)(C)Cl
4490,COc1ccc(cc1OCCN2CCOCC2)C3NC(=O)N(Cc4ccc(F)cc4F)C(=C3C(=O)N(C)c5ccccc5)C,0.114,0,Y,0.0,NC(=O)NCc1ccc(F)cc1F,COc1ccc(C=O)cc1OCCN2CCOCC2,CN(C(=O)CC(=O)C)c1ccccc1,C[Si](C)(C)Cl
4491,COc1cccc(C2NC(=S)NC(=C2C(=O)Nc3cc(Cl)ccc3C)C)c1OC,0.098,1,Y,6.76,NC(=S)N,COc1cccc(C=O)c1OC,CC(=O)CC(=O)Nc1cc(Cl)ccc1C,C[Si](C)(C)Cl
4492,COc1cccc(NC(=O)C2=C(C)N(C(=O)NC2c3cc(Br)c(C)cc3Br)c4ccc(C)c(F)c4)c1,0.109,0,N,0.0,Cc1ccc(NC(=O)N)cc1F,Cc1cc(Br)c(C=O)cc1Br,COc1cccc(NC(=O)CC(=O)C)c1,C[Si](C)(C)Cl
4493,COc1cccc(NC(=O)C2=C(C)N(C(=S)NC2c3cnn4ccccc34)c5ccccc5C)c1,0.105,0,Y,0.0,Cc1ccccc1NC(=S)N,O=Cc1cnn2ccccc12,COc1cccc(NC(=O)CC(=O)C)c1,C[Si](C)(C)Cl
4494,COc1cccc(NC(=O)C2=C(N(C)C(=O)N(C)C2c3cc(Br)c(C)c(Br)c3)c4cccnc4)c1,0.105,1,Y,31.75,CNC(=O)NC,Cc1c(Br)cc(C=O)cc1Br,COc1cccc(NC(=O)CC(=O)c2cccnc2)c1,C[Si](C)(C)Cl
4495,COc1cccc(NC(=O)C2=C(N(CC3CC3)C(=O)NC2c4cn(nn4)C5CCCCC5)c6ccccc6)c1,0.104,1,Y,3.45,NC(=O)NCC1CC1,O=Cc1cn(nn1)C2CCCCC2,COc1cccc(NC(=O)CC(=O)c2ccccc2)c1,C[Si](C)(C)Cl
4496,COc1cccc(NC(=O)C2=C(N(Cc3ccc(F)cc3F)C(=O)NC2c4ccc5CCN(C(=O)OCc6ccccc6)c5c4)c7cccnc7)c1,0.106,0,N,0.0,NC(=O)NCc1ccc(F)cc1F,O=Cc1ccc2CCN(C(=O)OCc3ccccc3)c2c1,COc1cccc(NC(=O)CC(=O)c2cccnc2)c1,C[Si](C)(C)Cl
4497,COc1cccc(c1)C2NC(=O)NC(=C2C(=O)Nc3ccc(OC)cc3OC)C,0.099,1,Y,27.43,NC(=O)N,COc1cccc(C=O)c1,COc1ccc(NC(=O)CC(=O)C)c(OC)c1,C[Si](C)(C)Cl
4498,COc1cccc(c1)c2csc(n2)C3NC(=O)N(C)C(=C3C(=O)N4CCOCC4)C,0.115,0,Y,0.0,CNC(=O)N,COc1cccc(c1)c2csc(C=O)n2,CC(=O)CC(=O)N1CCOCC1,C[Si](C)(C)Cl
4499,COc1cccc(c1)c2nc(cs2)C3NC(=O)N(C)C(=C3C(=O)Nc4cccc(F)c4)C,0.095,0,Y,0.0,CNC(=O)N,COc1cccc(c1)c2nc(C=O)cs2,CC(=O)CC(=O)Nc1cccc(F)c1,C[Si](C)(C)Cl
4500,COc1ccccc1CN2C(=C(C(NC2=O)c3ccc(Br)cc3Oc4ccc(Cl)c(Cl)c4)C(=O)N(C)C)C,0.1,1,Y,1.1,COc1ccccc1CNC(=O)N,Clc1ccc(Oc2cc(Br)ccc2C=O)cc1Cl,CN(C)C(=O)CC(=O)C,C[Si](C)(C)Cl
4501,COc1ccccc1NC(=O)C2=C(C)N(C(=O)NC2c3cc(Br)c4OCCCOc4c3)c5cccc(Br)c5,0.109,0,Y,0.0,NC(=O)Nc1cccc(Br)c1,Brc1cc(C=O)cc2OCCCOc12,COc1ccccc1NC(=O)CC(=O)C,C[Si](C)(C)Cl
4502,COc1ccccc1NC(=O)C2=C(C)N(C(=O)NC2c3cc(Br)cc(Cl)c3F)c4ccc5OCCCOc5c4,0.102,0,Y,0.0,NC(=O)Nc1ccc2OCCCOc2c1,Fc1c(Cl)cc(Br)cc1C=O,COc1ccccc1NC(=O)CC(=O)C,C[Si](C)(C)Cl
4503,COc1ccccc1NC(=O)C2=C(C)N(C(=O)NC2c3ccc(o3)c4cccc5cccnc45)c6ccc7OCCCOc7c6,0.107,0,N,0.0,NC(=O)Nc1ccc2OCCCOc2c1,O=Cc1ccc(o1)c2cccc3cccnc23,COc1ccccc1NC(=O)CC(=O)C,C[Si](C)(C)Cl
4504,COc1ccccc1NC(=O)C2=C(C)N(C(=O)NC2c3cccc4CCN(C(=O)OC(C)(C)C)c43)c5cccc(Br)c5,0.107,0,N,0.0,NC(=O)Nc1cccc(Br)c1,CC(C)(C)OC(=O)N1CCc2cccc(C=O)c12,COc1ccccc1NC(=O)CC(=O)C,C[Si](C)(C)Cl
4505,COc1ccccc1NC(=O)C2=C(C)N(C)C(=S)NC2c3cccc(F)c3,0.6,1,N,86.5,CNC(=S)N,Fc1cccc(C=O)c1,COc1ccccc1NC(=O)CC(=O)C,C[Si](C)(C)Cl
4506,COc1ccccc1NC(=O)C2=C(C)N(C)C(=S)NC2c3cccs3,0.297,1,N,47.08,CNC(=S)N,O=Cc1cccs1,COc1ccccc1NC(=O)CC(=O)C,C[Si](C)(C)Cl
4507,COc1ccccc1NC(=O)C2=C(C)N(C3CC3)C(=S)NC2c4cccc(Cl)c4,0.6,0,N,0.0,NC(=S)NC1CC1,Clc1cccc(C=O)c1,COc1ccccc1NC(=O)CC(=O)C,C[Si](C)(C)Cl
4508,COc1ccccc1NC(=O)C2=C(C)N(C3CC3)C(=S)NC2c4cccc(Cl)c4,0.604,1,N,19.7,NC(=S)NC1CC1,Clc1cccc(C=O)c1,COc1ccccc1NC(=O)CC(=O)C,C[Si](C)(C)Cl
4509,COc1ccccc1NC(=O)C2=C(C)N(CC3CC3)C(=O)NC2c4ccc(OCc5ccc(Br)cc5)c(OC)c4,0.107,0,N,0.0,NC(=O)NCC1CC1,COc1cc(C=O)ccc1OCc2ccc(Br)cc2,COc1ccccc1NC(=O)CC(=O)C,C[Si](C)(C)Cl
4510,COc1ccccc1NC(=O)C2=C(C)N(CC3CCCO3)C(=O)NC2c4ccc(Br)cc4Oc5ccc(C)cc5,0.117,1,Y,1.11,NC(=O)NCC1CCCO1,Cc1ccc(Oc2cc(Br)ccc2C=O)cc1,COc1ccccc1NC(=O)CC(=O)C,C[Si](C)(C)Cl
4511,COc1ccccc1NC(=O)C2=C(C)N(CCCCCC(=O)O)C(=O)NC2c3ccc(O)cc3,0.1,0,Y,0.0,NC(=O)NCCCCCC(=O)O,Oc1ccc(C=O)cc1,COc1ccccc1NC(=O)CC(=O)C,C[Si](C)(C)Cl
4512,COc1ccccc1NC(=O)C2=C(C)N(Cc3ccc(F)cc3F)C(=O)NC2c4ccc5n(Cc6ccccc6)c7ccccc7c5c4,0.114,0,Y,0.0,NC(=O)NCc1ccc(F)cc1F,O=Cc1ccc2n(Cc3ccccc3)c4ccccc4c2c1,COc1ccccc1NC(=O)CC(=O)C,C[Si](C)(C)Cl
4513,COc1ccccc1NC(=O)C2=C(C)N(Cc3ccc(F)cc3F)C(=O)NC2c4cn(nc4c5cc6ccccc6oc5=O)c7ccccc7,0.1,1,Y,8.78,NC(=O)NCc1ccc(F)cc1F,O=Cc1cn(nc1c2cc3ccccc3oc2=O)c4ccccc4,COc1ccccc1NC(=O)CC(=O)C,C[Si](C)(C)Cl
4514,COc1ccccc1NC(=O)C2=C(C)N(Cc3ccccc3)C(=O)NC2c4ccc(Oc5ncc(Br)cn5)cc4,0.101,1,Y,13.8,NC(=O)NCc1ccccc1,Brc1cnc(Oc2ccc(C=O)cc2)nc1,COc1ccccc1NC(=O)CC(=O)C,C[Si](C)(C)Cl
4515,COc1ccccc1NC(=O)C2=C(C)NC(=O)NC2c3c(Br)cnn3C,0.105,1,Y,51.82,NC(=O)N,Cn1ncc(Br)c1C=O,COc1ccccc1NC(=O)CC(=O)C,C[Si](C)(C)Cl
4516,COc1ccccc1NC(=O)C2=C(C)NC(=O)NC2c3ccc(nc3)n4ccnc4,0.111,1,Y,23.87,NC(=O)N,O=Cc1ccc(nc1)n2ccnc2,COc1ccccc1NC(=O)CC(=O)C,C[Si](C)(C)Cl
4517,COc1ccccc1NC(=O)C2=C(C)NC(=O)NC2c3ccc4CCOCc4c3,0.108,1,Y,42.29,NC(=O)N,O=Cc1ccc2CCOCc2c1,COc1ccccc1NC(=O)CC(=O)C,C[Si](C)(C)Cl
4518,COc1ccccc1NC(=O)C2=C(C)NC(=O)NC2c3ccc4nc(C)sc4c3,0.102,1,Y,60.58,NC(=O)N,Cc1nc2ccc(C=O)cc2s1,COc1ccccc1NC(=O)CC(=O)C,C[Si](C)(C)Cl
4519,COc1ccccc1NC(=O)C2=C(C)NC(=O)NC2c3cccc(OCc4ccccc4F)c3,0.087,1,Y,56.75,NC(=O)N,Fc1ccccc1COc2cccc(C=O)c2,COc1ccccc1NC(=O)CC(=O)C,C[Si](C)(C)Cl
4520,COc1ccccc1NC(=O)C2=C(C)NC(=O)NC2c3cccc(Oc4ccc(Cl)cc4)c3,0.252,1,N,33.35,NC(=O)N,Clc1ccc(Oc2cccc(C=O)c2)cc1,COc1ccccc1NC(=O)CC(=O)C,C[Si](C)(C)Cl
4521,COc1ccccc1NC(=O)C2=C(C)NC(=O)NC2c3cccc(Oc4ccccc4)c3,0.097,1,Y,55.83,NC(=O)N,O=Cc1cccc(Oc2ccccc2)c1,COc1ccccc1NC(=O)CC(=O)C,C[Si](C)(C)Cl
4522,COc1ccccc1NC(=O)C2=C(C)NC(=O)NC2c3cccc(c3)c4ccccc4C,0.093,1,Y,54.29,NC(=O)N,Cc1ccccc1c2cccc(C=O)c2,COc1ccccc1NC(=O)CC(=O)C,C[Si](C)(C)Cl
4523,COc1ccccc1NC(=O)C2=C(C)NC(=O)NC2c3csc(n3)C(C)C,0.107,1,Y,10.91,NC(=O)N,CC(C)c1nc(C=O)cs1,COc1ccccc1NC(=O)CC(=O)C,C[Si](C)(C)Cl
4524,COc1ccccc1n2nccc2C3NC(=O)N(C(=C3C(=O)Nc4ccc5OCCOc5c4)c6ccccc6)c7ccc(C)c(F)c7,0.099,0,N,0.0,Cc1ccc(NC(=O)N)cc1F,COc1ccccc1n2nccc2C=O,O=C(CC(=O)c1ccccc1)Nc2ccc3OCCOc3c2,C[Si](C)(C)Cl
4525,COc1nc(C)c(C2NC(=O)N(C3=C2C(=O)N(Cc4ccccc4)C3)c5cccc(CC(=O)O)c5)c(C)c1Cl,0.12,0,Y,0.0,NC(=O)Nc1cccc(CC(=O)O)c1,COc1nc(C)c(C=O)c(C)c1Cl,O=C1CN(Cc2ccccc2)C(=O)C1,C[Si](C)(C)Cl
4526,COc1sc(cc1Br)C2NC(=O)N(Cc3ccc(OC)cc3)C(=C2C(=O)N(C)Cc4ccccc4Cl)C,0.109,0,N,0.0,COc1ccc(CNC(=O)N)cc1,COc1sc(C=O)cc1Br,CN(Cc1ccccc1Cl)C(=O)CC(=O)C,C[Si](C)(C)Cl
4527,CSCCN1C(=C(C(NC1=O)c2cnoc2C(C)(C)C)C(=O)N(C)C)C,0.101,1,Y,38.05,CSCCNC(=O)N,CC(C)(C)c1oncc1C=O,CN(C)C(=O)CC(=O)C,C[Si](C)(C)Cl
4528,Cc1cc(C)c(NC(=O)C2=C(N(CC3CC3)C(=O)NC2c4cc(ccc4C)C(=O)OC(C)(C)C)c5ccccc5)c(Cl)c1,0.096,1,Y,18.52,NC(=O)NCC1CC1,Cc1ccc(cc1C=O)C(=O)OC(C)(C)C,Cc1cc(C)c(NC(=O)CC(=O)c2ccccc2)c(Cl)c1,C[Si](C)(C)Cl
4529,Cc1cc(C)c(NC(=O)C2=C(N(Cc3ccc(F)cc3F)C(=O)NC2c4ccc(c(C)c4)n5cncn5)c6ccccc6)c(Cl)c1,0.102,1,Y,4.01,NC(=O)NCc1ccc(F)cc1F,Cc1cc(C=O)ccc1n2cncn2,Cc1cc(C)c(NC(=O)CC(=O)c2ccccc2)c(Cl)c1,C[Si](C)(C)Cl
4530,Cc1cc(C)c(NC(=O)C2=C(N(Cc3ccccc3)C(=O)NC2c4cc(F)ccc4Oc5cncc(Cl)c5)c6ccccc6)c(Cl)c1,0.09,1,Y,10.18,NC(=O)NCc1ccccc1,Fc1ccc(Oc2cncc(Cl)c2)c(C=O)c1,Cc1cc(C)c(NC(=O)CC(=O)c2ccccc2)c(Cl)c1,C[Si](C)(C)Cl
4531,Cc1cc(C)c(NC(=O)C2=C(N(Cc3ccccc3)C(=O)NC2c4ccc(o4)c5cccc(F)c5F)c6ccccc6)c(Cl)c1,0.103,0,Y,0.0,NC(=O)NCc1ccccc1,Fc1cccc(c2ccc(C=O)o2)c1F,Cc1cc(C)c(NC(=O)CC(=O)c2ccccc2)c(Cl)c1,C[Si](C)(C)Cl
4532,Cc1cc(C)c(NC(=O)C2=C(N(Cc3cccs3)C(=O)NC2c4ccc5CCN(C(=O)OCc6ccccc6)c5c4)c7ccccc7)c(Cl)c1,0.082,1,Y,20.84,NC(=O)NCc1cccs1,O=Cc1ccc2CCN(C(=O)OCc3ccccc3)c2c1,Cc1cc(C)c(NC(=O)CC(=O)c2ccccc2)c(Cl)c1,C[Si](C)(C)Cl
4533,Cc1cc(F)ccc1NC(=O)C2=C(N(CC3CC3)C(=O)NC2c4ccc(cc4)C5CN(C5)C(=O)OC(C)(C)C)c6ccccc6,0.105,1,Y,13.33,NC(=O)NCC1CC1,CC(C)(C)OC(=O)N1CC(C1)c2ccc(C=O)cc2,Cc1cc(F)ccc1NC(=O)CC(=O)c2ccccc2,C[Si](C)(C)Cl
4534,Cc1cc(Oc2ccc(C3NC(=O)N(C(=C3C(=O)Nc4ccc5OCCOc5c4)c6ccccc6)c7cccc(Br)c7)c(Cl)c2)ccc1F,0.098,0,N,0.0,NC(=O)Nc1cccc(Br)c1,Cc1cc(Oc2ccc(C=O)c(Cl)c2)ccc1F,O=C(CC(=O)c1ccccc1)Nc2ccc3OCCOc3c2,C[Si](C)(C)Cl
4535,Cc1ccc(cc1)c2nn(Cc3ccccc3)cc2C4NC(=S)NC(O)(C4C(=O)c5cccc(c5)C(F)(F)F)C(F)(F)F,0.098,1,Y,45.32,NC(=S)N,Cc1ccc(cc1)c2nn(Cc3ccccc3)cc2C=O,FC(F)(F)C(=O)CC(=O)c1cccc(c1)C(F)(F)F,C[Si](C)(C)Cl
4536,Cc1ccc(cc1F)N2C(=O)NC(C(=C2c3ccc(Br)cc3)c4nc5ccccc5[nH]4)c6ccc(o6)N7CCN(CC7)C(=O)OC(C)(C)C,0.112,0,N,0.0,Cc1ccc(NC(=O)N)cc1F,CC(C)(C)OC(=O)N1CCN(CC1)c2ccc(C=O)o2,Brc1ccc(cc1)C(=O)Cc2nc3ccccc3[nH]2,C[Si](C)(C)Cl
4537,Cc1ccc(cc1F)N2C(=O)NC(C(=C2c3ccc(Br)cc3)c4nc5ccccc5[nH]4)c6cn(CC7CCOC7)nn6,0.113,0,N,0.0,Cc1ccc(NC(=O)N)cc1F,O=Cc1cn(CC2CCOC2)nn1,Brc1ccc(cc1)C(=O)Cc2nc3ccccc3[nH]2,C[Si](C)(C)Cl
4538,Cc1ccc(cc1F)N2C(=O)NC(C(=C2c3cccs3)c4nc5ccccc5[nH]4)c6ccc(OC7CCN(CC7)C(=O)OC(C)(C)C)cc6,0.115,0,N,0.0,Cc1ccc(NC(=O)N)cc1F,CC(C)(C)OC(=O)N1CCC(CC1)Oc2ccc(C=O)cc2,O=C(Cc1nc2ccccc2[nH]1)c3cccs3,C[Si](C)(C)Cl
4539,Cc1ccc(cc1F)N2C(=O)NC(C3=C2CCN(Cc4ccccc4)C3=O)c5ccc(Cn6cc(Br)cn6)cc5,0.098,1,Y,1.52,Cc1ccc(NC(=O)N)cc1F,Brc1cnn(Cc2ccc(C=O)cc2)c1,O=C1CCN(Cc2ccccc2)C(=O)C1,C[Si](C)(C)Cl
4540,Cc1ccc(cc1F)N2C(=O)NC(C3=C2CCN(Cc4ccccc4)C3=O)c5ccc(Sc6nc7ccccc7s6)c(c5)[N+](=O)[O-],0.11,1,Y,5.2,Cc1ccc(NC(=O)N)cc1F,[O-][N+](=O)c1cc(C=O)ccc1Sc2nc3ccccc3s2,O=C1CCN(Cc2ccccc2)C(=O)C1,C[Si](C)(C)Cl
4541,Cc1ccc(cc1F)N2C3=C(C(NC2=O)c4cc(NC(=O)OC(C)(C)C)ccc4Br)C(=O)N(Cc5ccccc5)C3,0.093,0,Y,0.0,Cc1ccc(NC(=O)N)cc1F,CC(C)(C)OC(=O)Nc1ccc(Br)c(C=O)c1,O=C1CN(Cc2ccccc2)C(=O)C1,C[Si](C)(C)Cl
4542,Cc1ccccc1n2nccc2C3NC(=O)N(Cc4ccc(F)cc4F)C(=C3C(=O)Nc5ccc6OCCOc6c5)c7ccccc7,0.103,0,N,0.0,NC(=O)NCc1ccc(F)cc1F,Cc1ccccc1n2nccc2C=O,O=C(CC(=O)c1ccccc1)Nc2ccc3OCCOc3c2,C[Si](C)(C)Cl
4543,Cc1ccn(n1)c2ccc(C3NC(=O)N(C(=C3c4nc5ccccc5[nH]4)c6cccs6)c7ccc(CC(=O)O)cc7)c(C)c2,0.101,0,N,0.0,NC(=O)Nc1ccc(CC(=O)O)cc1,Cc1ccn(n1)c2ccc(C=O)c(C)c2,O=C(Cc1nc2ccccc2[nH]1)c3cccs3,C[Si](C)(C)Cl
4544,Cc1ccn(n1)c2ccc(C3NC(=O)N(Cc4ccc(F)cc4F)C(=C3C(=O)Nc5ccc(F)cc5C)c6ccccc6)c(C)c2,0.101,1,Y,19.66,NC(=O)NCc1ccc(F)cc1F,Cc1ccn(n1)c2ccc(C=O)c(C)c2,Cc1cc(F)ccc1NC(=O)CC(=O)c2ccccc2,C[Si](C)(C)Cl
4545,Clc1ccc(COc2cccc(c2)C3NC(=O)N(C(=C3C(=O)Nc4ccc5OCCOc5c4)c6ccccc6)c7cccc(Br)c7)cc1,0.105,0,N,0.0,NC(=O)Nc1cccc(Br)c1,Clc1ccc(COc2cccc(C=O)c2)cc1,O=C(CC(=O)c1ccccc1)Nc2ccc3OCCOc3c2,C[Si](C)(C)Cl
4546,Clc1ccc(Oc2ccccc2C3NC(=O)N(CC4CC4)C5=C3C(=O)N(Cc6ccccc6)CC5)cc1Cl,0.099,1,Y,3.74,NC(=O)NCC1CC1,Clc1ccc(Oc2ccccc2C=O)cc1Cl,O=C1CCN(Cc2ccccc2)C(=O)C1,C[Si](C)(C)Cl
4547,Clc1ccc(cc1Cl)C2NC(=S)N(CCc3cccs3)C4=C2C(=O)N(Cc5ccccc5)CC4,0.1,0,Y,0.0,NC(=S)NCCc1cccs1,Clc1ccc(C=O)cc1Cl,O=C1CCN(Cc2ccccc2)C(=O)C1,C[Si](C)(C)Cl
4548,FC(F)(F)c1ccc(o1)C2NC(=O)N(CCc3cccs3)C4=C2C(=O)N(Cc5ccccc5)C4,0.099,0,Y,0.0,NC(=O)NCCc1cccs1,FC(F)(F)c1ccc(C=O)o1,O=C1CN(Cc2ccccc2)C(=O)C1,C[Si](C)(C)Cl
4549,FC(F)COc1ccc(cc1)C2NC(=O)N(C(=C2C(=O)Nc3cccnc3)c4ccccc4)c5cccc(Br)c5,0.103,0,N,0.0,NC(=O)Nc1cccc(Br)c1,FC(F)COc1ccc(C=O)cc1,O=C(CC(=O)c1ccccc1)Nc2cccnc2,C[Si](C)(C)Cl
4550,O=C1N(CCC2=C1C(NC(=S)N2)c3scnc3C4CC4)c5ccccc5,0.111,1,Y,4.5,NC(=S)N,O=Cc1scnc1C2CC2,O=C1CCN(C(=O)C1)c2ccccc2,C[Si](C)(C)Cl
4551,O=C1NC(C2=C(CCN(C2=O)c3ccccc3)N1Cc4cccs4)c5csc(n5)c6ccsc6,0.096,0,Y,0.0,NC(=O)NCc1cccs1,O=Cc1csc(n1)c2ccsc2,O=C1CCN(C(=O)C1)c2ccccc2,C[Si](C)(C)Cl
4552,O=C1NC(C2=C(CCN(Cc3ccccc3)C2=O)N1C4CC4)c5cccc6ccncc56,0.106,1,Y,31.18,NC(=O)NC1CC1,O=Cc1cccc2ccncc12,O=C1CCN(Cc2ccccc2)C(=O)C1,C[Si](C)(C)Cl
4553,OC(=O)Cc1ccc(cc1)N2C(=O)NC(C(=C2c3ccc(Br)cc3)c4nc5ccccc5[nH]4)c6cc7ncccc7s6,0.106,0,N,0.0,NC(=O)Nc1ccc(CC(=O)O)cc1,O=Cc1cc2ncccc2s1,Brc1ccc(cc1)C(=O)Cc2nc3ccccc3[nH]2,C[Si](C)(C)Cl
4554,OC(=O)Cc1ccc(cc1)N2C(=O)NC(C(=C2c3cccs3)c4nc5ccccc5[nH]4)c6cc(Br)c7ccccc7c6,0.09,0,N,0.0,NC(=O)Nc1ccc(CC(=O)O)cc1,Brc1cc(C=O)cc2ccccc12,O=C(Cc1nc2ccccc2[nH]1)c3cccs3,C[Si](C)(C)Cl
4555,OC(=O)c1ccc(CN2C(=O)NC(C(=C2c3ccc(Br)cc3)c4nc5ccccc5[nH]4)c6ccc7OCCCCOc7c6)cc1,0.111,0,Y,0.0,NC(=O)NCc1ccc(cc1)C(=O)O,O=Cc1ccc2OCCCCOc2c1,Brc1ccc(cc1)C(=O)Cc2nc3ccccc3[nH]2,C[Si](C)(C)Cl
4556,OC(=O)c1ccc(cc1)N2C(=O)NC(C(=C2c3ccc(Br)cc3)c4nc5ccccc5[nH]4)c6ccc7c(CCC87OCCO8)c6,0.093,0,N,0.0,NC(=O)Nc1ccc(cc1)C(=O)O,O=Cc1ccc2c(CCC32OCCO3)c1,Brc1ccc(cc1)C(=O)Cc2nc3ccccc3[nH]2,C[Si](C)(C)Cl
4557,OC(=O)c1ccc(cc1)N2C(=O)NC(C3=C2CCN(Cc4ccccc4)C3=O)c5ccc(cc5)N(c6ccccc6)c7ccccc7,0.102,0,Y,0.0,NC(=O)Nc1ccc(cc1)C(=O)O,O=Cc1ccc(cc1)N(c2ccccc2)c3ccccc3,O=C1CCN(Cc2ccccc2)C(=O)C1,C[Si](C)(C)Cl
4558,OC1(C(C(NC(=O)N1CC2CC2)c3cnc(nc3)c4ccccc4)C(=O)c5cccnc5)C(F)(F)F,0.114,0,Y,0.0,NC(=O)NCC1CC1,O=Cc1cnc(nc1)c2ccccc2,[Na+].[O-]C(=CC(=O)c1cccnc1)C(F)(F)F,C[Si](C)(C)Cl
4559,OC1(NC(=S)NC(C1C(=O)C(F)(F)F)c2ccccc2F)C(F)(F)F,0.599,0,N,0.0,NC(=S)N,Fc1ccccc1C=O,FC(F)(F)C(=O)CC(=O)C(F)(F)F,C[Si](C)(C)Cl
4560,OC1(NC(=S)NC(C1C(=O)C(F)(F)F)c2ccccc2F)C(F)(F)F,0.295,0,N,0.0,NC(=S)N,Fc1ccccc1C=O,FC(F)(F)C(=O)CC(=O)C(F)(F)F,C[Si](C)(C)Cl
4561,OC1(NC(=S)NC(C1C(=O)C(F)(F)F)c2ccccc2F)C(F)(F)F,0.597,1,N,49.24,NC(=S)N,Fc1ccccc1C=O,FC(F)(F)C(=O)CC(=O)C(F)(F)F,C[Si](C)(C)Cl
4562,[O-][N+](=O)c1ccccc1c2ccc(s2)C3NC(=O)N(C(=C3C(=O)Nc4ccc5OCCOc5c4)c6ccccc6)c7cccc(Br)c7,0.117,0,N,0.0,NC(=O)Nc1cccc(Br)c1,[O-][N+](=O)c1ccccc1c2ccc(C=O)s2,O=C(CC(=O)c1ccccc1)Nc2ccc3OCCOc3c2,C[Si](C)(C)Cl
